Barcode,CS2
s_008um_00547_00611-1,
s_008um_00518_00375-1,
s_008um_00433_00599-1,
s_008um_00660_00606-1,
s_008um_00553_00614-1,
s_008um_00344_00601-1,
s_008um_00441_00601-1,
s_008um_00183_00231-1,
s_008um_00500_00378-1,
s_008um_00545_00375-1,
s_008um_00250_00602-1,
s_008um_00235_00397-1,
s_008um_00263_00382-1,
s_008um_00530_00205-1,
s_008um_00162_00410-1,
s_008um_00499_00603-1,
s_008um_00339_00204-1,
s_008um_00628_00615-1,
s_008um_00399_00610-1,
s_008um_00480_00589-1,
s_008um_00132_00252-1,
s_008um_00691_00415-1,
s_008um_00647_00211-1,
s_008um_00654_00622-1,
s_008um_00154_00406-1,
s_008um_00288_00370-1,
s_008um_00497_00390-1,
s_008um_00698_00606-1,
s_008um_00660_00415-1,
s_008um_00324_00214-1,
s_008um_00163_00234-1,
s_008um_00350_00376-1,
s_008um_00153_00229-1,
s_008um_00675_00219-1,
s_008um_00509_00211-1,
s_008um_00635_00418-1,
s_008um_00376_00610-1,
s_008um_00474_00205-1,
s_008um_00449_00601-1,
s_008um_00570_00203-1,
s_008um_00183_00407-1,
s_008um_00370_00389-1,
s_008um_00244_00372-1,
s_008um_00626_00200-1,
s_008um_00416_00216-1,
s_008um_00451_00389-1,
s_008um_00454_00217-1,CS2
s_008um_00505_00384-1,
s_008um_00263_00221-1,
s_008um_00169_00240-1,
s_008um_00454_00390-1,
s_008um_00694_00411-1,
s_008um_00406_00380-1,
s_008um_00369_00380-1,
s_008um_00535_00206-1,
s_008um_00574_00418-1,
s_008um_00627_00411-1,
s_008um_00187_00231-1,
s_008um_00417_00609-1,
s_008um_00311_00605-1,
s_008um_00164_00406-1,
s_008um_00649_00231-1,
s_008um_00535_00198-1,
s_008um_00648_00606-1,
s_008um_00157_00229-1,
s_008um_00519_00597-1,
s_008um_00654_00399-1,
s_008um_00573_00210-1,
s_008um_00580_00192-1,
s_008um_00462_00217-1,CS2
s_008um_00615_00216-1,
s_008um_00257_00217-1,
s_008um_00508_00599-1,
s_008um_00682_00207-1,
s_008um_00403_00601-1,
s_008um_00536_00212-1,
s_008um_00232_00604-1,
s_008um_00592_00412-1,
s_008um_00650_00596-1,
s_008um_00651_00219-1,
s_008um_00601_00195-1,
s_008um_00549_00608-1,
s_008um_00292_00209-1,
s_008um_00475_00599-1,
s_008um_00660_00605-1,
s_008um_00537_00598-1,
s_008um_00604_00202-1,
s_008um_00244_00593-1,
s_008um_00655_00222-1,
s_008um_00325_00206-1,
s_008um_00627_00197-1,
s_008um_00355_00599-1,
s_008um_00528_00207-1,
s_008um_00311_00384-1,
s_008um_00567_00192-1,
s_008um_00653_00222-1,
s_008um_00448_00605-1,
s_008um_00370_00368-1,
s_008um_00502_00199-1,
s_008um_00216_00224-1,
s_008um_00626_00405-1,
s_008um_00667_00420-1,
s_008um_00172_00231-1,
s_008um_00473_00211-1,
s_008um_00307_00387-1,
s_008um_00634_00609-1,
s_008um_00595_00213-1,
s_008um_00553_00595-1,
s_008um_00674_00219-1,
s_008um_00360_00599-1,
s_008um_00441_00604-1,
s_008um_00520_00208-1,
s_008um_00365_00608-1,
s_008um_00450_00604-1,
s_008um_00380_00614-1,
s_008um_00567_00384-1,
s_008um_00448_00374-1,
s_008um_00527_00593-1,
s_008um_00193_00393-1,
s_008um_00436_00212-1,CS2
s_008um_00571_00205-1,
s_008um_00341_00600-1,
s_008um_00578_00606-1,
s_008um_00531_00382-1,
s_008um_00543_00215-1,
s_008um_00591_00386-1,
s_008um_00535_00610-1,
s_008um_00409_00393-1,
s_008um_00370_00384-1,
s_008um_00350_00380-1,
s_008um_00636_00399-1,
s_008um_00115_00238-1,
s_008um_00640_00615-1,
s_008um_00240_00222-1,
s_008um_00314_00389-1,
s_008um_00652_00223-1,
s_008um_00522_00603-1,
s_008um_00671_00601-1,
s_008um_00618_00615-1,
s_008um_00692_00206-1,
s_008um_00590_00379-1,
s_008um_00649_00404-1,
s_008um_00358_00370-1,
s_008um_00623_00211-1,
s_008um_00646_00418-1,
s_008um_00670_00614-1,
s_008um_00652_00404-1,
s_008um_00695_00419-1,
s_008um_00712_00602-1,
s_008um_00470_00376-1,
s_008um_00668_00407-1,
s_008um_00700_00613-1,
s_008um_00317_00385-1,
s_008um_00367_00383-1,
s_008um_00306_00373-1,
s_008um_00317_00369-1,
s_008um_00566_00214-1,
s_008um_00343_00369-1,
s_008um_00606_00198-1,
s_008um_00586_00209-1,
s_008um_00142_00240-1,
s_008um_00518_00608-1,
s_008um_00703_00603-1,
s_008um_00538_00368-1,
s_008um_00375_00609-1,
s_008um_00654_00206-1,
s_008um_00491_00199-1,
s_008um_00629_00607-1,
s_008um_00569_00603-1,
s_008um_00639_00613-1,
s_008um_00294_00369-1,
s_008um_00712_00414-1,
s_008um_00639_00607-1,
s_008um_00554_00215-1,
s_008um_00565_00219-1,
s_008um_00253_00218-1,
s_008um_00664_00419-1,
s_008um_00581_00384-1,
s_008um_00373_00600-1,
s_008um_00284_00603-1,
s_008um_00276_00375-1,
s_008um_00619_00211-1,
s_008um_00645_00214-1,
s_008um_00381_00376-1,
s_008um_00394_00389-1,
s_008um_00148_00234-1,
s_008um_00665_00601-1,
s_008um_00263_00213-1,
s_008um_00608_00606-1,
s_008um_00422_00212-1,CS2
s_008um_00695_00605-1,
s_008um_00116_00243-1,
s_008um_00178_00406-1,
s_008um_00167_00231-1,
s_008um_00460_00604-1,
s_008um_00549_00613-1,
s_008um_00227_00384-1,
s_008um_00598_00621-1,
s_008um_00378_00376-1,
s_008um_00561_00385-1,
s_008um_00567_00199-1,
s_008um_00339_00370-1,
s_008um_00683_00205-1,
s_008um_00255_00599-1,
s_008um_00629_00609-1,
s_008um_00660_00416-1,
s_008um_00206_00230-1,
s_008um_00220_00216-1,
s_008um_00674_00408-1,
s_008um_00305_00207-1,
s_008um_00676_00618-1,
s_008um_00601_00609-1,
s_008um_00465_00206-1,
s_008um_00330_00374-1,
s_008um_00544_00388-1,
s_008um_00543_00385-1,
s_008um_00610_00214-1,
s_008um_00666_00218-1,
s_008um_00488_00587-1,
s_008um_00545_00211-1,
s_008um_00686_00617-1,
s_008um_00688_00423-1,
s_008um_00564_00207-1,
s_008um_00645_00212-1,
s_008um_00259_00219-1,
s_008um_00677_00203-1,
s_008um_00400_00378-1,
s_008um_00620_00413-1,
s_008um_00716_00610-1,
s_008um_00110_00228-1,
s_008um_00526_00203-1,
s_008um_00198_00234-1,
s_008um_00131_00237-1,
s_008um_00366_00373-1,
s_008um_00124_00247-1,
s_008um_00684_00602-1,
s_008um_00160_00406-1,
s_008um_00496_00208-1,
s_008um_00192_00218-1,
s_008um_00560_00612-1,
s_008um_00594_00192-1,
s_008um_00620_00405-1,
s_008um_00643_00401-1,
s_008um_00460_00605-1,
s_008um_00348_00610-1,
s_008um_00705_00208-1,
s_008um_00651_00404-1,
s_008um_00670_00609-1,
s_008um_00437_00216-1,CS2
s_008um_00305_00388-1,
s_008um_00390_00609-1,
s_008um_00403_00598-1,
s_008um_00637_00409-1,
s_008um_00624_00415-1,
s_008um_00400_00391-1,
s_008um_00679_00411-1,
s_008um_00409_00379-1,
s_008um_00502_00372-1,
s_008um_00348_00375-1,
s_008um_00356_00606-1,
s_008um_00271_00219-1,
s_008um_00350_00207-1,
s_008um_00717_00600-1,
s_008um_00602_00607-1,
s_008um_00209_00394-1,
s_008um_00231_00601-1,
s_008um_00543_00211-1,
s_008um_00471_00600-1,
s_008um_00385_00605-1,
s_008um_00413_00380-1,
s_008um_00375_00610-1,
s_008um_00451_00385-1,
s_008um_00322_00389-1,
s_008um_00410_00608-1,
s_008um_00424_00212-1,CS2
s_008um_00533_00375-1,
s_008um_00675_00619-1,
s_008um_00714_00620-1,
s_008um_00496_00213-1,
s_008um_00431_00388-1,
s_008um_00507_00599-1,
s_008um_00653_00404-1,
s_008um_00675_00210-1,
s_008um_00509_00378-1,
s_008um_00329_00606-1,
s_008um_00536_00379-1,
s_008um_00435_00377-1,
s_008um_00562_00617-1,
s_008um_00115_00237-1,
s_008um_00534_00383-1,
s_008um_00619_00623-1,
s_008um_00388_00384-1,
s_008um_00675_00612-1,
s_008um_00283_00214-1,
s_008um_00582_00613-1,
s_008um_00217_00385-1,
s_008um_00647_00402-1,
s_008um_00512_00204-1,
s_008um_00523_00211-1,
s_008um_00234_00600-1,
s_008um_00266_00223-1,
s_008um_00284_00372-1,
s_008um_00477_00391-1,
s_008um_00122_00239-1,
s_008um_00332_00608-1,
s_008um_00464_00597-1,
s_008um_00239_00592-1,
s_008um_00640_00414-1,
s_008um_00396_00606-1,
s_008um_00290_00371-1,
s_008um_00146_00229-1,
s_008um_00228_00597-1,
s_008um_00408_00376-1,
s_008um_00561_00597-1,
s_008um_00194_00398-1,
s_008um_00347_00383-1,
s_008um_00375_00382-1,
s_008um_00404_00611-1,
s_008um_00548_00209-1,
s_008um_00507_00374-1,
s_008um_00374_00375-1,
s_008um_00421_00214-1,CS2
s_008um_00259_00385-1,
s_008um_00407_00212-1,
s_008um_00617_00199-1,
s_008um_00529_00605-1,
s_008um_00521_00210-1,
s_008um_00558_00386-1,
s_008um_00245_00379-1,
s_008um_00516_00392-1,
s_008um_00287_00220-1,
s_008um_00284_00374-1,
s_008um_00505_00203-1,
s_008um_00592_00220-1,
s_008um_00112_00239-1,
s_008um_00701_00206-1,
s_008um_00672_00596-1,
s_008um_00630_00415-1,
s_008um_00616_00205-1,
s_008um_00198_00221-1,
s_008um_00299_00601-1,
s_008um_00458_00374-1,
s_008um_00671_00411-1,
s_008um_00624_00223-1,
s_008um_00592_00620-1,
s_008um_00238_00218-1,
s_008um_00354_00601-1,
s_008um_00583_00616-1,
s_008um_00663_00420-1,
s_008um_00501_00605-1,
s_008um_00174_00234-1,
s_008um_00583_00388-1,
s_008um_00596_00219-1,
s_008um_00336_00212-1,
s_008um_00572_00213-1,
s_008um_00655_00210-1,
s_008um_00631_00212-1,
s_008um_00631_00604-1,
s_008um_00639_00208-1,
s_008um_00630_00416-1,
s_008um_00187_00229-1,
s_008um_00178_00402-1,
s_008um_00333_00369-1,
s_008um_00662_00605-1,
s_008um_00427_00599-1,
s_008um_00627_00412-1,
s_008um_00270_00213-1,
s_008um_00401_00384-1,
s_008um_00269_00598-1,
s_008um_00674_00418-1,
s_008um_00525_00198-1,
s_008um_00474_00377-1,
s_008um_00574_00601-1,
s_008um_00636_00206-1,
s_008um_00711_00422-1,
s_008um_00330_00206-1,
s_008um_00372_00602-1,
s_008um_00485_00601-1,
s_008um_00618_00412-1,
s_008um_00495_00372-1,
s_008um_00527_00214-1,
s_008um_00286_00387-1,
s_008um_00466_00390-1,
s_008um_00548_00597-1,
s_008um_00268_00607-1,
s_008um_00277_00381-1,
s_008um_00705_00596-1,
s_008um_00654_00411-1,
s_008um_00426_00206-1,CS2
s_008um_00234_00586-1,
s_008um_00531_00215-1,
s_008um_00376_00387-1,
s_008um_00260_00215-1,
s_008um_00544_00208-1,
s_008um_00233_00591-1,
s_008um_00718_00616-1,
s_008um_00592_00378-1,
s_008um_00239_00220-1,
s_008um_00634_00620-1,
s_008um_00576_00419-1,
s_008um_00150_00234-1,
s_008um_00471_00385-1,
s_008um_00644_00617-1,
s_008um_00447_00222-1,CS2
s_008um_00264_00608-1,
s_008um_00513_00370-1,
s_008um_00249_00374-1,
s_008um_00235_00218-1,
s_008um_00548_00598-1,
s_008um_00644_00226-1,
s_008um_00353_00373-1,
s_008um_00544_00598-1,
s_008um_00699_00596-1,
s_008um_00364_00374-1,
s_008um_00403_00383-1,
s_008um_00487_00595-1,
s_008um_00219_00399-1,
s_008um_00389_00210-1,
s_008um_00436_00379-1,
s_008um_00272_00215-1,
s_008um_00700_00607-1,
s_008um_00333_00602-1,
s_008um_00700_00209-1,
s_008um_00624_00225-1,
s_008um_00162_00241-1,
s_008um_00408_00209-1,
s_008um_00549_00215-1,
s_008um_00359_00602-1,
s_008um_00387_00371-1,
s_008um_00710_00600-1,
s_008um_00192_00232-1,
s_008um_00350_00210-1,
s_008um_00654_00225-1,
s_008um_00576_00224-1,
s_008um_00569_00209-1,
s_008um_00187_00220-1,
s_008um_00647_00404-1,
s_008um_00681_00613-1,
s_008um_00494_00212-1,
s_008um_00394_00385-1,
s_008um_00286_00373-1,
s_008um_00359_00610-1,
s_008um_00142_00238-1,
s_008um_00381_00375-1,
s_008um_00239_00604-1,
s_008um_00551_00614-1,
s_008um_00266_00384-1,
s_008um_00446_00597-1,
s_008um_00306_00610-1,
s_008um_00221_00390-1,
s_008um_00345_00375-1,
s_008um_00592_00608-1,
s_008um_00615_00220-1,
s_008um_00673_00411-1,
s_008um_00234_00603-1,
s_008um_00474_00590-1,
s_008um_00605_00606-1,
s_008um_00125_00233-1,
s_008um_00223_00220-1,
s_008um_00297_00216-1,
s_008um_00440_00387-1,
s_008um_00650_00415-1,
s_008um_00548_00606-1,
s_008um_00583_00198-1,
s_008um_00498_00204-1,
s_008um_00559_00203-1,
s_008um_00240_00393-1,
s_008um_00696_00605-1,
s_008um_00352_00205-1,
s_008um_00264_00369-1,
s_008um_00221_00224-1,
s_008um_00668_00603-1,
s_008um_00205_00397-1,
s_008um_00119_00228-1,
s_008um_00534_00370-1,
s_008um_00507_00384-1,
s_008um_00663_00202-1,
s_008um_00649_00230-1,
s_008um_00642_00225-1,
s_008um_00602_00225-1,
s_008um_00261_00371-1,
s_008um_00583_00603-1,
s_008um_00638_00410-1,
s_008um_00654_00216-1,
s_008um_00456_00382-1,
s_008um_00488_00603-1,
s_008um_00611_00416-1,
s_008um_00702_00416-1,
s_008um_00355_00393-1,
s_008um_00666_00405-1,
s_008um_00527_00382-1,
s_008um_00172_00230-1,
s_008um_00331_00609-1,
s_008um_00604_00394-1,
s_008um_00275_00603-1,
s_008um_00229_00220-1,
s_008um_00521_00209-1,
s_008um_00534_00213-1,
s_008um_00575_00387-1,
s_008um_00633_00617-1,
s_008um_00719_00602-1,
s_008um_00544_00371-1,
s_008um_00570_00195-1,
s_008um_00226_00222-1,
s_008um_00405_00389-1,
s_008um_00660_00212-1,
s_008um_00221_00213-1,
s_008um_00671_00224-1,
s_008um_00150_00237-1,
s_008um_00580_00609-1,
s_008um_00343_00607-1,
s_008um_00330_00208-1,
s_008um_00557_00598-1,
s_008um_00165_00411-1,
s_008um_00279_00369-1,
s_008um_00376_00209-1,
s_008um_00399_00378-1,
s_008um_00661_00219-1,
s_008um_00233_00387-1,
s_008um_00648_00416-1,
s_008um_00582_00201-1,
s_008um_00167_00225-1,
s_008um_00166_00408-1,
s_008um_00272_00370-1,
s_008um_00509_00606-1,
s_008um_00597_00209-1,
s_008um_00429_00395-1,
s_008um_00343_00598-1,
s_008um_00658_00408-1,
s_008um_00391_00608-1,
s_008um_00471_00383-1,
s_008um_00625_00202-1,
s_008um_00672_00410-1,
s_008um_00555_00391-1,
s_008um_00529_00209-1,
s_008um_00645_00408-1,
s_008um_00269_00372-1,
s_008um_00232_00381-1,
s_008um_00421_00395-1,
s_008um_00495_00597-1,
s_008um_00704_00211-1,
s_008um_00552_00372-1,
s_008um_00222_00214-1,
s_008um_00705_00203-1,
s_008um_00218_00212-1,
s_008um_00464_00384-1,
s_008um_00506_00596-1,
s_008um_00466_00212-1,
s_008um_00461_00379-1,
s_008um_00235_00592-1,
s_008um_00285_00600-1,
s_008um_00237_00598-1,
s_008um_00656_00598-1,
s_008um_00526_00592-1,
s_008um_00680_00208-1,
s_008um_00541_00214-1,
s_008um_00445_00377-1,
s_008um_00513_00376-1,
s_008um_00259_00608-1,
s_008um_00648_00216-1,
s_008um_00598_00225-1,
s_008um_00357_00206-1,
s_008um_00387_00370-1,
s_008um_00478_00214-1,
s_008um_00452_00209-1,
s_008um_00390_00377-1,
s_008um_00131_00250-1,
s_008um_00298_00387-1,
s_008um_00457_00210-1,
s_008um_00556_00197-1,
s_008um_00636_00199-1,
s_008um_00560_00384-1,
s_008um_00687_00616-1,
s_008um_00240_00381-1,
s_008um_00601_00219-1,
s_008um_00304_00379-1,
s_008um_00601_00193-1,
s_008um_00276_00215-1,
s_008um_00179_00232-1,
s_008um_00597_00390-1,
s_008um_00447_00373-1,
s_008um_00542_00600-1,
s_008um_00626_00218-1,
s_008um_00634_00194-1,
s_008um_00650_00421-1,
s_008um_00266_00388-1,
s_008um_00650_00399-1,
s_008um_00395_00379-1,
s_008um_00642_00602-1,
s_008um_00560_00201-1,
s_008um_00510_00594-1,
s_008um_00208_00390-1,
s_008um_00214_00225-1,
s_008um_00448_00211-1,CS2
s_008um_00701_00413-1,
s_008um_00218_00389-1,
s_008um_00128_00232-1,
s_008um_00602_00210-1,
s_008um_00653_00598-1,
s_008um_00561_00375-1,
s_008um_00701_00607-1,
s_008um_00299_00609-1,
s_008um_00118_00233-1,
s_008um_00618_00600-1,
s_008um_00702_00604-1,
s_008um_00409_00211-1,
s_008um_00640_00609-1,
s_008um_00483_00596-1,
s_008um_00308_00379-1,
s_008um_00619_00601-1,
s_008um_00385_00373-1,
s_008um_00607_00598-1,
s_008um_00517_00381-1,
s_008um_00345_00372-1,
s_008um_00595_00388-1,
s_008um_00709_00418-1,
s_008um_00540_00611-1,
s_008um_00599_00225-1,
s_008um_00381_00384-1,
s_008um_00489_00588-1,
s_008um_00341_00597-1,
s_008um_00132_00251-1,
s_008um_00406_00209-1,
s_008um_00359_00214-1,
s_008um_00199_00234-1,
s_008um_00637_00617-1,
s_008um_00388_00600-1,
s_008um_00641_00413-1,
s_008um_00667_00614-1,
s_008um_00317_00599-1,
s_008um_00385_00211-1,
s_008um_00478_00374-1,
s_008um_00421_00217-1,CS2
s_008um_00277_00370-1,
s_008um_00677_00602-1,
s_008um_00222_00216-1,
s_008um_00645_00414-1,
s_008um_00519_00379-1,
s_008um_00546_00382-1,
s_008um_00321_00610-1,
s_008um_00700_00606-1,
s_008um_00716_00618-1,
s_008um_00705_00206-1,
s_008um_00493_00390-1,
s_008um_00244_00387-1,
s_008um_00236_00589-1,
s_008um_00587_00210-1,
s_008um_00180_00227-1,
s_008um_00347_00211-1,
s_008um_00516_00599-1,
s_008um_00503_00598-1,
s_008um_00305_00391-1,
s_008um_00529_00210-1,
s_008um_00125_00250-1,
s_008um_00295_00608-1,
s_008um_00181_00402-1,
s_008um_00269_00373-1,
s_008um_00206_00216-1,
s_008um_00572_00192-1,
s_008um_00617_00618-1,
s_008um_00427_00209-1,CS2
s_008um_00113_00225-1,
s_008um_00696_00601-1,
s_008um_00375_00372-1,
s_008um_00698_00611-1,
s_008um_00248_00379-1,
s_008um_00424_00387-1,
s_008um_00658_00609-1,
s_008um_00513_00213-1,
s_008um_00202_00232-1,
s_008um_00620_00215-1,
s_008um_00161_00226-1,
s_008um_00635_00594-1,
s_008um_00201_00400-1,
s_008um_00558_00611-1,
s_008um_00590_00197-1,
s_008um_00709_00612-1,
s_008um_00495_00198-1,
s_008um_00624_00594-1,
s_008um_00619_00394-1,
s_008um_00630_00404-1,
s_008um_00238_00595-1,
s_008um_00589_00605-1,
s_008um_00541_00206-1,
s_008um_00293_00602-1,
s_008um_00385_00602-1,
s_008um_00387_00375-1,
s_008um_00170_00238-1,
s_008um_00508_00389-1,
s_008um_00611_00597-1,
s_008um_00643_00608-1,
s_008um_00606_00196-1,
s_008um_00384_00380-1,
s_008um_00309_00211-1,
s_008um_00636_00410-1,
s_008um_00457_00595-1,
s_008um_00648_00230-1,
s_008um_00288_00603-1,
s_008um_00296_00366-1,
s_008um_00582_00415-1,
s_008um_00651_00611-1,
s_008um_00402_00370-1,
s_008um_00697_00203-1,
s_008um_00587_00207-1,
s_008um_00285_00610-1,
s_008um_00695_00423-1,
s_008um_00528_00593-1,
s_008um_00588_00410-1,
s_008um_00585_00381-1,
s_008um_00308_00600-1,
s_008um_00158_00228-1,
s_008um_00681_00215-1,
s_008um_00499_00382-1,
s_008um_00473_00591-1,
s_008um_00629_00223-1,
s_008um_00622_00622-1,
s_008um_00622_00206-1,
s_008um_00631_00612-1,
s_008um_00472_00219-1,
s_008um_00599_00610-1,
s_008um_00342_00600-1,
s_008um_00616_00211-1,
s_008um_00607_00414-1,
s_008um_00528_00373-1,
s_008um_00443_00205-1,CS2
s_008um_00358_00391-1,
s_008um_00652_00400-1,
s_008um_00295_00371-1,
s_008um_00319_00610-1,
s_008um_00657_00411-1,
s_008um_00540_00208-1,
s_008um_00408_00215-1,
s_008um_00170_00239-1,
s_008um_00605_00222-1,
s_008um_00562_00380-1,
s_008um_00363_00603-1,
s_008um_00311_00612-1,
s_008um_00601_00410-1,
s_008um_00125_00234-1,
s_008um_00559_00202-1,
s_008um_00243_00220-1,
s_008um_00333_00213-1,
s_008um_00576_00193-1,
s_008um_00538_00379-1,
s_008um_00257_00388-1,
s_008um_00599_00228-1,
s_008um_00251_00387-1,
s_008um_00425_00393-1,
s_008um_00517_00205-1,
s_008um_00586_00618-1,
s_008um_00214_00221-1,
s_008um_00605_00196-1,
s_008um_00663_00611-1,
s_008um_00500_00392-1,
s_008um_00145_00233-1,
s_008um_00528_00607-1,
s_008um_00367_00391-1,
s_008um_00409_00219-1,
s_008um_00589_00199-1,
s_008um_00257_00372-1,
s_008um_00690_00616-1,
s_008um_00213_00215-1,
s_008um_00633_00595-1,
s_008um_00576_00391-1,
s_008um_00655_00405-1,
s_008um_00559_00390-1,
s_008um_00272_00387-1,
s_008um_00457_00600-1,
s_008um_00365_00209-1,
s_008um_00273_00374-1,
s_008um_00399_00605-1,
s_008um_00662_00403-1,
s_008um_00543_00216-1,
s_008um_00670_00212-1,
s_008um_00517_00203-1,
s_008um_00263_00383-1,
s_008um_00319_00378-1,
s_008um_00392_00218-1,
s_008um_00276_00367-1,
s_008um_00419_00389-1,
s_008um_00690_00423-1,
s_008um_00230_00222-1,
s_008um_00523_00388-1,
s_008um_00607_00216-1,
s_008um_00560_00383-1,
s_008um_00530_00375-1,
s_008um_00621_00221-1,
s_008um_00400_00388-1,
s_008um_00574_00378-1,
s_008um_00607_00213-1,
s_008um_00156_00406-1,
s_008um_00643_00622-1,
s_008um_00657_00414-1,
s_008um_00692_00603-1,
s_008um_00113_00235-1,
s_008um_00384_00211-1,
s_008um_00331_00370-1,
s_008um_00632_00232-1,
s_008um_00508_00371-1,
s_008um_00619_00620-1,
s_008um_00577_00206-1,
s_008um_00572_00392-1,
s_008um_00716_00615-1,
s_008um_00487_00204-1,
s_008um_00397_00371-1,
s_008um_00439_00392-1,
s_008um_00667_00621-1,
s_008um_00260_00597-1,
s_008um_00540_00605-1,
s_008um_00613_00609-1,
s_008um_00631_00207-1,
s_008um_00157_00234-1,
s_008um_00503_00375-1,
s_008um_00651_00414-1,
s_008um_00517_00394-1,
s_008um_00505_00587-1,
s_008um_00642_00217-1,
s_008um_00582_00384-1,
s_008um_00665_00216-1,
s_008um_00698_00619-1,
s_008um_00320_00373-1,
s_008um_00629_00194-1,
s_008um_00239_00382-1,
s_008um_00649_00408-1,
s_008um_00596_00385-1,
s_008um_00635_00607-1,
s_008um_00292_00607-1,
s_008um_00325_00381-1,
s_008um_00220_00218-1,
s_008um_00586_00394-1,
s_008um_00700_00421-1,
s_008um_00434_00216-1,CS2
s_008um_00601_00199-1,
s_008um_00685_00420-1,
s_008um_00245_00599-1,
s_008um_00592_00616-1,
s_008um_00471_00387-1,
s_008um_00677_00606-1,
s_008um_00584_00204-1,
s_008um_00346_00206-1,
s_008um_00306_00382-1,
s_008um_00620_00613-1,
s_008um_00362_00374-1,
s_008um_00318_00375-1,
s_008um_00547_00214-1,
s_008um_00246_00590-1,
s_008um_00215_00391-1,
s_008um_00663_00408-1,
s_008um_00441_00393-1,
s_008um_00613_00408-1,
s_008um_00615_00393-1,
s_008um_00566_00218-1,
s_008um_00561_00208-1,
s_008um_00292_00382-1,
s_008um_00451_00382-1,
s_008um_00555_00207-1,
s_008um_00612_00408-1,
s_008um_00671_00409-1,
s_008um_00551_00385-1,
s_008um_00665_00602-1,
s_008um_00341_00208-1,
s_008um_00523_00381-1,
s_008um_00382_00372-1,
s_008um_00248_00599-1,
s_008um_00249_00604-1,
s_008um_00348_00615-1,
s_008um_00674_00617-1,
s_008um_00490_00212-1,
s_008um_00596_00378-1,
s_008um_00145_00243-1,
s_008um_00224_00598-1,
s_008um_00457_00384-1,
s_008um_00662_00216-1,
s_008um_00194_00404-1,
s_008um_00413_00608-1,
s_008um_00245_00601-1,
s_008um_00197_00222-1,
s_008um_00374_00384-1,
s_008um_00566_00612-1,
s_008um_00549_00601-1,
s_008um_00613_00608-1,
s_008um_00629_00396-1,
s_008um_00336_00614-1,
s_008um_00439_00217-1,CS2
s_008um_00427_00378-1,
s_008um_00376_00215-1,
s_008um_00647_00229-1,
s_008um_00505_00596-1,
s_008um_00258_00219-1,
s_008um_00526_00384-1,
s_008um_00372_00374-1,
s_008um_00184_00228-1,
s_008um_00434_00604-1,
s_008um_00301_00206-1,
s_008um_00127_00231-1,
s_008um_00470_00210-1,
s_008um_00226_00225-1,
s_008um_00676_00597-1,
s_008um_00579_00213-1,
s_008um_00677_00613-1,
s_008um_00415_00389-1,
s_008um_00687_00411-1,
s_008um_00540_00212-1,
s_008um_00601_00395-1,
s_008um_00603_00198-1,
s_008um_00678_00600-1,
s_008um_00486_00588-1,
s_008um_00216_00393-1,
s_008um_00438_00382-1,
s_008um_00228_00387-1,
s_008um_00453_00221-1,CS2
s_008um_00579_00613-1,
s_008um_00480_00594-1,
s_008um_00558_00381-1,
s_008um_00641_00234-1,
s_008um_00643_00399-1,
s_008um_00425_00377-1,
s_008um_00607_00401-1,
s_008um_00623_00614-1,
s_008um_00631_00618-1,
s_008um_00673_00607-1,
s_008um_00294_00217-1,
s_008um_00312_00369-1,
s_008um_00438_00377-1,
s_008um_00382_00612-1,
s_008um_00498_00376-1,
s_008um_00645_00398-1,
s_008um_00615_00202-1,
s_008um_00571_00194-1,
s_008um_00254_00224-1,
s_008um_00307_00390-1,
s_008um_00404_00392-1,
s_008um_00636_00212-1,
s_008um_00595_00600-1,
s_008um_00283_00380-1,
s_008um_00220_00381-1,
s_008um_00571_00216-1,
s_008um_00657_00210-1,
s_008um_00514_00594-1,
s_008um_00460_00393-1,
s_008um_00603_00406-1,
s_008um_00651_00609-1,
s_008um_00473_00217-1,
s_008um_00451_00602-1,
s_008um_00262_00385-1,
s_008um_00554_00606-1,
s_008um_00313_00211-1,
s_008um_00174_00231-1,
s_008um_00255_00222-1,
s_008um_00433_00392-1,
s_008um_00237_00604-1,
s_008um_00630_00215-1,
s_008um_00327_00390-1,
s_008um_00337_00375-1,
s_008um_00540_00379-1,
s_008um_00485_00588-1,
s_008um_00121_00246-1,
s_008um_00348_00209-1,
s_008um_00157_00405-1,
s_008um_00225_00219-1,
s_008um_00687_00209-1,
s_008um_00335_00385-1,
s_008um_00446_00605-1,
s_008um_00480_00374-1,
s_008um_00486_00205-1,
s_008um_00179_00223-1,
s_008um_00498_00208-1,
s_008um_00690_00210-1,
s_008um_00593_00196-1,
s_008um_00242_00595-1,
s_008um_00438_00208-1,CS2
s_008um_00233_00225-1,
s_008um_00434_00207-1,CS2
s_008um_00662_00615-1,
s_008um_00646_00227-1,
s_008um_00353_00383-1,
s_008um_00521_00217-1,
s_008um_00318_00601-1,
s_008um_00491_00598-1,
s_008um_00705_00610-1,
s_008um_00448_00596-1,
s_008um_00404_00599-1,
s_008um_00248_00220-1,
s_008um_00632_00209-1,
s_008um_00600_00604-1,
s_008um_00471_00395-1,
s_008um_00292_00606-1,
s_008um_00641_00215-1,
s_008um_00220_00221-1,
s_008um_00217_00393-1,
s_008um_00413_00603-1,
s_008um_00707_00209-1,
s_008um_00429_00596-1,
s_008um_00119_00241-1,
s_008um_00399_00389-1,
s_008um_00446_00373-1,
s_008um_00690_00606-1,
s_008um_00577_00379-1,
s_008um_00286_00372-1,
s_008um_00688_00217-1,
s_008um_00655_00206-1,
s_008um_00603_00410-1,
s_008um_00574_00383-1,
s_008um_00630_00191-1,
s_008um_00354_00391-1,
s_008um_00229_00381-1,
s_008um_00675_00608-1,
s_008um_00603_00223-1,
s_008um_00243_00595-1,
s_008um_00109_00235-1,
s_008um_00706_00414-1,
s_008um_00499_00202-1,
s_008um_00539_00384-1,
s_008um_00719_00604-1,
s_008um_00121_00234-1,
s_008um_00596_00416-1,
s_008um_00143_00240-1,
s_008um_00650_00207-1,
s_008um_00304_00213-1,
s_008um_00185_00225-1,
s_008um_00704_00613-1,
s_008um_00577_00604-1,
s_008um_00416_00377-1,
s_008um_00482_00382-1,
s_008um_00604_00615-1,
s_008um_00633_00604-1,
s_008um_00385_00374-1,
s_008um_00298_00208-1,
s_008um_00515_00378-1,
s_008um_00626_00232-1,
s_008um_00397_00214-1,
s_008um_00557_00611-1,
s_008um_00511_00371-1,
s_008um_00332_00209-1,
s_008um_00668_00206-1,
s_008um_00558_00598-1,
s_008um_00606_00619-1,
s_008um_00577_00607-1,
s_008um_00621_00394-1,
s_008um_00551_00595-1,
s_008um_00453_00596-1,
s_008um_00233_00380-1,
s_008um_00573_00207-1,
s_008um_00482_00393-1,
s_008um_00384_00216-1,
s_008um_00544_00608-1,
s_008um_00590_00383-1,
s_008um_00638_00233-1,
s_008um_00366_00380-1,
s_008um_00574_00203-1,
s_008um_00484_00598-1,
s_008um_00444_00388-1,
s_008um_00551_00212-1,
s_008um_00329_00378-1,
s_008um_00544_00606-1,
s_008um_00709_00611-1,
s_008um_00682_00414-1,
s_008um_00456_00220-1,CS2
s_008um_00415_00609-1,
s_008um_00453_00382-1,
s_008um_00322_00371-1,
s_008um_00274_00606-1,
s_008um_00443_00214-1,CS2
s_008um_00349_00382-1,
s_008um_00633_00213-1,
s_008um_00215_00221-1,
s_008um_00364_00211-1,
s_008um_00599_00195-1,
s_008um_00533_00603-1,
s_008um_00409_00608-1,
s_008um_00514_00373-1,
s_008um_00274_00382-1,
s_008um_00477_00381-1,
s_008um_00486_00590-1,
s_008um_00694_00616-1,
s_008um_00609_00410-1,
s_008um_00136_00228-1,
s_008um_00315_00375-1,
s_008um_00251_00602-1,
s_008um_00515_00595-1,
s_008um_00265_00596-1,
s_008um_00509_00591-1,
s_008um_00344_00612-1,
s_008um_00677_00415-1,
s_008um_00518_00385-1,
s_008um_00488_00391-1,
s_008um_00219_00390-1,
s_008um_00582_00599-1,
s_008um_00338_00609-1,
s_008um_00641_00221-1,
s_008um_00700_00210-1,
s_008um_00585_00611-1,
s_008um_00420_00375-1,
s_008um_00344_00603-1,
s_008um_00512_00590-1,
s_008um_00210_00391-1,
s_008um_00673_00222-1,
s_008um_00633_00194-1,
s_008um_00625_00195-1,
s_008um_00675_00599-1,
s_008um_00552_00596-1,
s_008um_00351_00213-1,
s_008um_00667_00216-1,
s_008um_00662_00617-1,
s_008um_00661_00601-1,
s_008um_00536_00377-1,
s_008um_00704_00413-1,
s_008um_00531_00369-1,
s_008um_00582_00381-1,
s_008um_00620_00619-1,
s_008um_00635_00412-1,
s_008um_00391_00612-1,
s_008um_00492_00601-1,
s_008um_00450_00212-1,CS2
s_008um_00124_00233-1,
s_008um_00521_00204-1,
s_008um_00608_00195-1,
s_008um_00190_00402-1,
s_008um_00300_00213-1,
s_008um_00155_00230-1,
s_008um_00227_00591-1,
s_008um_00365_00600-1,
s_008um_00441_00596-1,
s_008um_00289_00375-1,
s_008um_00375_00616-1,
s_008um_00484_00600-1,
s_008um_00414_00383-1,
s_008um_00388_00606-1,
s_008um_00228_00601-1,
s_008um_00548_00611-1,
s_008um_00627_00208-1,
s_008um_00228_00600-1,
s_008um_00646_00218-1,
s_008um_00179_00407-1,
s_008um_00395_00605-1,
s_008um_00479_00594-1,
s_008um_00312_00612-1,
s_008um_00714_00612-1,
s_008um_00495_00594-1,
s_008um_00582_00600-1,
s_008um_00240_00377-1,
s_008um_00250_00225-1,
s_008um_00405_00609-1,
s_008um_00386_00604-1,
s_008um_00629_00206-1,
s_008um_00339_00605-1,
s_008um_00262_00596-1,
s_008um_00228_00383-1,
s_008um_00470_00381-1,
s_008um_00564_00199-1,
s_008um_00562_00200-1,
s_008um_00470_00594-1,
s_008um_00589_00191-1,
s_008um_00273_00599-1,
s_008um_00371_00385-1,
s_008um_00419_00210-1,CS2
s_008um_00655_00205-1,
s_008um_00586_00215-1,
s_008um_00595_00200-1,
s_008um_00492_00591-1,
s_008um_00179_00237-1,
s_008um_00633_00407-1,
s_008um_00510_00392-1,
s_008um_00595_00207-1,
s_008um_00179_00402-1,
s_008um_00227_00383-1,
s_008um_00113_00234-1,
s_008um_00655_00613-1,
s_008um_00277_00607-1,
s_008um_00441_00217-1,CS2
s_008um_00189_00406-1,
s_008um_00677_00418-1,
s_008um_00560_00615-1,
s_008um_00561_00203-1,
s_008um_00249_00217-1,
s_008um_00221_00396-1,
s_008um_00605_00408-1,
s_008um_00463_00220-1,CS2
s_008um_00638_00209-1,
s_008um_00302_00598-1,
s_008um_00424_00603-1,
s_008um_00316_00610-1,
s_008um_00555_00199-1,
s_008um_00430_00212-1,CS2
s_008um_00608_00607-1,
s_008um_00108_00239-1,
s_008um_00427_00387-1,
s_008um_00563_00379-1,
s_008um_00586_00395-1,
s_008um_00323_00377-1,
s_008um_00352_00211-1,
s_008um_00364_00383-1,
s_008um_00380_00381-1,
s_008um_00159_00243-1,
s_008um_00143_00229-1,
s_008um_00619_00389-1,
s_008um_00703_00416-1,
s_008um_00389_00605-1,
s_008um_00445_00210-1,CS2
s_008um_00226_00380-1,
s_008um_00192_00235-1,
s_008um_00689_00203-1,
s_008um_00501_00588-1,
s_008um_00660_00598-1,
s_008um_00130_00230-1,
s_008um_00352_00390-1,
s_008um_00173_00233-1,
s_008um_00595_00412-1,
s_008um_00611_00603-1,
s_008um_00265_00376-1,
s_008um_00356_00391-1,
s_008um_00355_00380-1,
s_008um_00134_00242-1,
s_008um_00516_00198-1,
s_008um_00634_00219-1,
s_008um_00489_00591-1,
s_008um_00264_00221-1,
s_008um_00377_00377-1,
s_008um_00274_00212-1,
s_008um_00259_00218-1,
s_008um_00458_00219-1,CS2
s_008um_00647_00602-1,
s_008um_00197_00227-1,
s_008um_00403_00384-1,
s_008um_00401_00607-1,
s_008um_00530_00206-1,
s_008um_00554_00596-1,
s_008um_00677_00598-1,
s_008um_00349_00609-1,
s_008um_00111_00232-1,
s_008um_00163_00232-1,
s_008um_00480_00598-1,
s_008um_00265_00389-1,
s_008um_00506_00200-1,
s_008um_00606_00218-1,
s_008um_00435_00202-1,
s_008um_00668_00606-1,
s_008um_00440_00215-1,CS2
s_008um_00234_00215-1,
s_008um_00574_00598-1,
s_008um_00603_00391-1,
s_008um_00368_00385-1,
s_008um_00248_00375-1,
s_008um_00528_00209-1,
s_008um_00499_00385-1,
s_008um_00542_00372-1,
s_008um_00394_00598-1,
s_008um_00596_00221-1,
s_008um_00349_00602-1,
s_008um_00677_00414-1,
s_008um_00162_00231-1,
s_008um_00177_00225-1,
s_008um_00366_00395-1,
s_008um_00578_00390-1,
s_008um_00646_00402-1,
s_008um_00557_00379-1,
s_008um_00290_00387-1,
s_008um_00416_00211-1,
s_008um_00583_00225-1,
s_008um_00637_00401-1,
s_008um_00525_00591-1,
s_008um_00451_00386-1,
s_008um_00338_00607-1,
s_008um_00314_00607-1,
s_008um_00321_00391-1,
s_008um_00572_00206-1,
s_008um_00402_00210-1,
s_008um_00503_00393-1,
s_008um_00391_00216-1,
s_008um_00588_00413-1,
s_008um_00365_00607-1,
s_008um_00304_00214-1,
s_008um_00581_00611-1,
s_008um_00316_00389-1,
s_008um_00319_00381-1,
s_008um_00328_00368-1,
s_008um_00394_00210-1,
s_008um_00225_00377-1,
s_008um_00597_00380-1,
s_008um_00401_00389-1,
s_008um_00263_00381-1,
s_008um_00185_00398-1,
s_008um_00621_00409-1,
s_008um_00290_00208-1,
s_008um_00168_00231-1,
s_008um_00366_00608-1,
s_008um_00659_00229-1,
s_008um_00278_00374-1,
s_008um_00232_00216-1,
s_008um_00644_00600-1,
s_008um_00392_00214-1,
s_008um_00405_00210-1,
s_008um_00612_00211-1,
s_008um_00330_00610-1,
s_008um_00352_00382-1,
s_008um_00319_00604-1,
s_008um_00350_00384-1,
s_008um_00222_00390-1,
s_008um_00339_00374-1,
s_008um_00376_00607-1,
s_008um_00311_00602-1,
s_008um_00181_00234-1,
s_008um_00552_00200-1,
s_008um_00501_00207-1,
s_008um_00532_00376-1,
s_008um_00561_00195-1,
s_008um_00702_00207-1,
s_008um_00581_00609-1,
s_008um_00708_00607-1,
s_008um_00410_00605-1,
s_008um_00205_00225-1,
s_008um_00461_00383-1,
s_008um_00356_00389-1,
s_008um_00599_00599-1,
s_008um_00539_00602-1,
s_008um_00343_00384-1,
s_008um_00561_00206-1,
s_008um_00579_00377-1,
s_008um_00114_00237-1,
s_008um_00331_00611-1,
s_008um_00512_00589-1,
s_008um_00559_00213-1,
s_008um_00249_00221-1,
s_008um_00630_00219-1,
s_008um_00387_00218-1,
s_008um_00579_00215-1,
s_008um_00496_00387-1,
s_008um_00669_00608-1,
s_008um_00381_00371-1,
s_008um_00609_00598-1,
s_008um_00350_00368-1,
s_008um_00408_00384-1,
s_008um_00652_00222-1,
s_008um_00324_00611-1,
s_008um_00471_00394-1,
s_008um_00512_00372-1,
s_008um_00487_00590-1,
s_008um_00615_00604-1,
s_008um_00271_00379-1,
s_008um_00153_00404-1,
s_008um_00631_00599-1,
s_008um_00111_00240-1,
s_008um_00644_00235-1,
s_008um_00469_00590-1,
s_008um_00702_00609-1,
s_008um_00643_00220-1,
s_008um_00490_00594-1,
s_008um_00501_00382-1,
s_008um_00575_00212-1,
s_008um_00460_00387-1,
s_008um_00259_00596-1,
s_008um_00401_00599-1,
s_008um_00651_00617-1,
s_008um_00160_00228-1,
s_008um_00561_00207-1,
s_008um_00419_00384-1,
s_008um_00446_00389-1,
s_008um_00316_00604-1,
s_008um_00366_00209-1,
s_008um_00279_00609-1,
s_008um_00601_00224-1,
s_008um_00609_00606-1,
s_008um_00531_00380-1,
s_008um_00642_00615-1,
s_008um_00322_00603-1,
s_008um_00388_00218-1,
s_008um_00536_00196-1,
s_008um_00638_00609-1,
s_008um_00538_00381-1,
s_008um_00571_00208-1,
s_008um_00463_00390-1,
s_008um_00488_00594-1,
s_008um_00573_00384-1,
s_008um_00666_00414-1,
s_008um_00563_00386-1,
s_008um_00435_00380-1,
s_008um_00520_00372-1,
s_008um_00298_00365-1,
s_008um_00455_00599-1,
s_008um_00311_00606-1,
s_008um_00529_00216-1,
s_008um_00572_00601-1,
s_008um_00487_00214-1,
s_008um_00625_00213-1,
s_008um_00515_00590-1,
s_008um_00522_00598-1,
s_008um_00379_00377-1,
s_008um_00605_00615-1,
s_008um_00665_00228-1,
s_008um_00443_00209-1,CS2
s_008um_00291_00607-1,
s_008um_00236_00399-1,
s_008um_00540_00597-1,
s_008um_00196_00397-1,
s_008um_00585_00389-1,
s_008um_00322_00377-1,
s_008um_00388_00374-1,
s_008um_00321_00369-1,
s_008um_00617_00214-1,
s_008um_00545_00611-1,
s_008um_00635_00394-1,
s_008um_00468_00384-1,
s_008um_00493_00374-1,
s_008um_00445_00595-1,
s_008um_00322_00214-1,
s_008um_00221_00221-1,
s_008um_00275_00224-1,
s_008um_00377_00371-1,
s_008um_00483_00388-1,
s_008um_00327_00212-1,
s_008um_00236_00594-1,
s_008um_00644_00602-1,
s_008um_00671_00223-1,
s_008um_00568_00387-1,
s_008um_00517_00606-1,
s_008um_00368_00388-1,
s_008um_00653_00219-1,
s_008um_00550_00216-1,
s_008um_00568_00215-1,
s_008um_00535_00201-1,
s_008um_00472_00591-1,
s_008um_00679_00217-1,
s_008um_00694_00206-1,
s_008um_00625_00619-1,
s_008um_00347_00370-1,
s_008um_00348_00391-1,
s_008um_00641_00208-1,
s_008um_00182_00407-1,
s_008um_00615_00217-1,
s_008um_00257_00378-1,
s_008um_00575_00194-1,
s_008um_00472_00377-1,
s_008um_00687_00218-1,
s_008um_00436_00599-1,
s_008um_00339_00612-1,
s_008um_00630_00204-1,
s_008um_00200_00398-1,
s_008um_00621_00416-1,
s_008um_00288_00378-1,
s_008um_00658_00221-1,
s_008um_00515_00385-1,
s_008um_00606_00604-1,
s_008um_00611_00610-1,
s_008um_00699_00605-1,
s_008um_00398_00384-1,
s_008um_00280_00377-1,
s_008um_00590_00199-1,
s_008um_00658_00596-1,
s_008um_00553_00377-1,
s_008um_00581_00602-1,
s_008um_00686_00415-1,
s_008um_00702_00418-1,
s_008um_00300_00375-1,
s_008um_00635_00612-1,
s_008um_00661_00620-1,
s_008um_00627_00624-1,
s_008um_00270_00374-1,
s_008um_00553_00204-1,
s_008um_00249_00607-1,
s_008um_00539_00195-1,
s_008um_00640_00413-1,
s_008um_00515_00376-1,
s_008um_00419_00385-1,
s_008um_00507_00389-1,
s_008um_00512_00606-1,
s_008um_00569_00599-1,
s_008um_00505_00196-1,
s_008um_00363_00392-1,
s_008um_00365_00382-1,
s_008um_00421_00207-1,CS2
s_008um_00623_00224-1,
s_008um_00249_00593-1,
s_008um_00306_00215-1,
s_008um_00641_00395-1,
s_008um_00331_00209-1,
s_008um_00281_00604-1,
s_008um_00194_00235-1,
s_008um_00295_00385-1,
s_008um_00568_00217-1,
s_008um_00263_00372-1,
s_008um_00563_00376-1,
s_008um_00295_00604-1,
s_008um_00693_00417-1,
s_008um_00448_00601-1,
s_008um_00607_00610-1,
s_008um_00593_00212-1,
s_008um_00484_00211-1,
s_008um_00709_00620-1,
s_008um_00606_00213-1,
s_008um_00591_00391-1,
s_008um_00566_00212-1,
s_008um_00372_00215-1,
s_008um_00259_00386-1,
s_008um_00263_00606-1,
s_008um_00361_00377-1,
s_008um_00476_00204-1,
s_008um_00216_00392-1,
s_008um_00407_00211-1,
s_008um_00549_00193-1,
s_008um_00712_00605-1,
s_008um_00504_00374-1,
s_008um_00661_00220-1,
s_008um_00318_00383-1,
s_008um_00199_00396-1,
s_008um_00512_00211-1,
s_008um_00658_00417-1,
s_008um_00292_00218-1,
s_008um_00572_00380-1,
s_008um_00289_00610-1,
s_008um_00276_00382-1,
s_008um_00554_00615-1,
s_008um_00617_00608-1,
s_008um_00675_00418-1,
s_008um_00280_00380-1,
s_008um_00478_00591-1,
s_008um_00251_00600-1,
s_008um_00672_00606-1,
s_008um_00432_00393-1,
s_008um_00331_00390-1,
s_008um_00501_00209-1,
s_008um_00692_00617-1,
s_008um_00324_00213-1,
s_008um_00565_00217-1,
s_008um_00627_00222-1,
s_008um_00568_00388-1,
s_008um_00718_00613-1,
s_008um_00631_00198-1,
s_008um_00312_00383-1,
s_008um_00110_00235-1,
s_008um_00586_00216-1,
s_008um_00264_00378-1,
s_008um_00298_00383-1,
s_008um_00414_00375-1,
s_008um_00144_00242-1,
s_008um_00238_00388-1,
s_008um_00278_00373-1,
s_008um_00508_00393-1,
s_008um_00305_00387-1,
s_008um_00226_00591-1,
s_008um_00636_00226-1,
s_008um_00649_00606-1,
s_008um_00323_00379-1,
s_008um_00540_00599-1,
s_008um_00499_00386-1,
s_008um_00581_00615-1,
s_008um_00539_00215-1,
s_008um_00638_00603-1,
s_008um_00287_00388-1,
s_008um_00592_00193-1,
s_008um_00124_00241-1,
s_008um_00151_00241-1,
s_008um_00569_00389-1,
s_008um_00391_00369-1,
s_008um_00610_00226-1,
s_008um_00431_00386-1,
s_008um_00162_00404-1,
s_008um_00634_00226-1,
s_008um_00371_00382-1,
s_008um_00330_00209-1,
s_008um_00699_00421-1,
s_008um_00385_00606-1,
s_008um_00319_00386-1,
s_008um_00305_00610-1,
s_008um_00336_00386-1,
s_008um_00624_00416-1,
s_008um_00713_00619-1,
s_008um_00640_00411-1,
s_008um_00547_00606-1,
s_008um_00623_00615-1,
s_008um_00415_00391-1,
s_008um_00694_00209-1,
s_008um_00255_00215-1,
s_008um_00527_00196-1,
s_008um_00343_00602-1,
s_008um_00578_00603-1,
s_008um_00478_00381-1,
s_008um_00441_00219-1,CS2
s_008um_00700_00414-1,
s_008um_00648_00420-1,
s_008um_00529_00385-1,
s_008um_00507_00211-1,
s_008um_00619_00219-1,
s_008um_00683_00603-1,
s_008um_00637_00404-1,
s_008um_00360_00210-1,
s_008um_00599_00207-1,
s_008um_00219_00383-1,
s_008um_00592_00416-1,
s_008um_00584_00205-1,
s_008um_00586_00379-1,
s_008um_00641_00617-1,
s_008um_00320_00372-1,
s_008um_00707_00203-1,
s_008um_00188_00403-1,
s_008um_00259_00216-1,
s_008um_00284_00219-1,
s_008um_00183_00403-1,
s_008um_00495_00371-1,
s_008um_00378_00602-1,
s_008um_00519_00198-1,
s_008um_00644_00216-1,
s_008um_00364_00613-1,
s_008um_00188_00223-1,
s_008um_00473_00601-1,
s_008um_00299_00382-1,
s_008um_00633_00224-1,
s_008um_00595_00608-1,
s_008um_00230_00384-1,
s_008um_00530_00603-1,
s_008um_00234_00376-1,
s_008um_00643_00409-1,
s_008um_00478_00599-1,
s_008um_00459_00209-1,
s_008um_00442_00374-1,
s_008um_00419_00599-1,
s_008um_00272_00224-1,
s_008um_00322_00607-1,
s_008um_00547_00612-1,
s_008um_00527_00195-1,
s_008um_00587_00607-1,
s_008um_00638_00207-1,
s_008um_00256_00373-1,
s_008um_00667_00604-1,
s_008um_00331_00377-1,
s_008um_00260_00222-1,
s_008um_00642_00416-1,
s_008um_00442_00207-1,CS2
s_008um_00643_00222-1,
s_008um_00713_00603-1,
s_008um_00436_00382-1,
s_008um_00356_00393-1,
s_008um_00669_00601-1,
s_008um_00463_00379-1,
s_008um_00304_00608-1,
s_008um_00583_00416-1,
s_008um_00360_00208-1,
s_008um_00666_00615-1,
s_008um_00622_00390-1,
s_008um_00158_00231-1,
s_008um_00544_00391-1,
s_008um_00681_00615-1,
s_008um_00628_00607-1,
s_008um_00225_00388-1,
s_008um_00315_00376-1,
s_008um_00176_00235-1,
s_008um_00196_00229-1,
s_008um_00277_00610-1,
s_008um_00118_00238-1,
s_008um_00654_00610-1,
s_008um_00631_00416-1,
s_008um_00417_00604-1,
s_008um_00401_00376-1,
s_008um_00629_00190-1,
s_008um_00447_00217-1,CS2
s_008um_00171_00228-1,
s_008um_00593_00604-1,
s_008um_00462_00213-1,CS2
s_008um_00619_00212-1,
s_008um_00448_00593-1,
s_008um_00468_00394-1,
s_008um_00203_00221-1,
s_008um_00647_00601-1,
s_008um_00498_00197-1,
s_008um_00709_00422-1,
s_008um_00637_00602-1,
s_008um_00222_00392-1,
s_008um_00576_00218-1,
s_008um_00140_00243-1,
s_008um_00418_00210-1,CS2
s_008um_00638_00398-1,
s_008um_00505_00202-1,
s_008um_00354_00377-1,
s_008um_00592_00394-1,
s_008um_00582_00211-1,
s_008um_00694_00207-1,
s_008um_00500_00601-1,
s_008um_00613_00599-1,
s_008um_00633_00613-1,
s_008um_00512_00215-1,
s_008um_00348_00206-1,
s_008um_00432_00381-1,
s_008um_00590_00610-1,
s_008um_00230_00381-1,
s_008um_00177_00236-1,
s_008um_00679_00201-1,
s_008um_00491_00597-1,
s_008um_00619_00600-1,
s_008um_00499_00601-1,
s_008um_00288_00375-1,
s_008um_00525_00381-1,
s_008um_00325_00384-1,
s_008um_00370_00385-1,
s_008um_00697_00615-1,
s_008um_00228_00588-1,
s_008um_00235_00587-1,
s_008um_00716_00602-1,
s_008um_00206_00217-1,
s_008um_00237_00383-1,
s_008um_00626_00415-1,
s_008um_00326_00606-1,
s_008um_00619_00205-1,
s_008um_00434_00599-1,
s_008um_00512_00195-1,
s_008um_00548_00213-1,
s_008um_00535_00608-1,
s_008um_00394_00376-1,
s_008um_00550_00214-1,
s_008um_00701_00601-1,
s_008um_00626_00210-1,
s_008um_00714_00413-1,
s_008um_00608_00613-1,
s_008um_00579_00381-1,
s_008um_00195_00236-1,
s_008um_00332_00383-1,
s_008um_00488_00380-1,
s_008um_00563_00606-1,
s_008um_00693_00614-1,
s_008um_00589_00613-1,
s_008um_00293_00389-1,
s_008um_00667_00205-1,
s_008um_00590_00388-1,
s_008um_00504_00606-1,
s_008um_00293_00388-1,
s_008um_00440_00205-1,CS2
s_008um_00630_00195-1,
s_008um_00465_00598-1,
s_008um_00483_00599-1,
s_008um_00629_00623-1,
s_008um_00693_00423-1,
s_008um_00419_00392-1,
s_008um_00278_00222-1,
s_008um_00393_00387-1,
s_008um_00604_00408-1,
s_008um_00226_00390-1,
s_008um_00501_00372-1,
s_008um_00619_00406-1,
s_008um_00602_00386-1,
s_008um_00327_00375-1,
s_008um_00582_00219-1,
s_008um_00626_00597-1,
s_008um_00366_00610-1,
s_008um_00148_00236-1,
s_008um_00520_00601-1,
s_008um_00515_00195-1,
s_008um_00405_00378-1,
s_008um_00649_00597-1,
s_008um_00355_00377-1,
s_008um_00607_00208-1,
s_008um_00628_00596-1,
s_008um_00684_00412-1,
s_008um_00613_00224-1,
s_008um_00279_00607-1,
s_008um_00307_00207-1,
s_008um_00616_00618-1,
s_008um_00112_00242-1,
s_008um_00359_00388-1,
s_008um_00551_00378-1,
s_008um_00628_00404-1,
s_008um_00402_00602-1,
s_008um_00719_00617-1,
s_008um_00496_00379-1,
s_008um_00195_00235-1,
s_008um_00687_00605-1,
s_008um_00377_00386-1,
s_008um_00222_00398-1,
s_008um_00684_00203-1,
s_008um_00131_00230-1,
s_008um_00687_00208-1,
s_008um_00575_00197-1,
s_008um_00665_00206-1,
s_008um_00600_00224-1,
s_008um_00422_00604-1,
s_008um_00439_00393-1,
s_008um_00259_00374-1,
s_008um_00483_00591-1,
s_008um_00512_00375-1,
s_008um_00574_00217-1,
s_008um_00599_00209-1,
s_008um_00469_00377-1,
s_008um_00368_00377-1,
s_008um_00609_00213-1,
s_008um_00686_00212-1,
s_008um_00342_00380-1,
s_008um_00239_00394-1,
s_008um_00575_00392-1,
s_008um_00468_00381-1,
s_008um_00509_00388-1,
s_008um_00359_00208-1,
s_008um_00298_00213-1,
s_008um_00524_00597-1,
s_008um_00492_00376-1,
s_008um_00472_00598-1,
s_008um_00319_00602-1,
s_008um_00118_00234-1,
s_008um_00647_00403-1,
s_008um_00699_00606-1,
s_008um_00630_00232-1,
s_008um_00646_00214-1,
s_008um_00340_00380-1,
s_008um_00247_00606-1,
s_008um_00312_00603-1,
s_008um_00369_00600-1,
s_008um_00543_00596-1,
s_008um_00513_00590-1,
s_008um_00250_00221-1,
s_008um_00196_00237-1,
s_008um_00655_00608-1,
s_008um_00596_00228-1,
s_008um_00563_00206-1,
s_008um_00224_00386-1,
s_008um_00364_00376-1,
s_008um_00656_00217-1,
s_008um_00339_00213-1,
s_008um_00303_00384-1,
s_008um_00270_00216-1,
s_008um_00248_00600-1,
s_008um_00445_00219-1,CS2
s_008um_00404_00373-1,
s_008um_00366_00605-1,
s_008um_00170_00233-1,
s_008um_00675_00607-1,
s_008um_00282_00609-1,
s_008um_00166_00226-1,
s_008um_00356_00388-1,
s_008um_00154_00407-1,
s_008um_00677_00603-1,
s_008um_00612_00214-1,
s_008um_00509_00599-1,
s_008um_00624_00602-1,
s_008um_00247_00375-1,
s_008um_00426_00390-1,
s_008um_00508_00589-1,
s_008um_00569_00605-1,
s_008um_00500_00198-1,
s_008um_00329_00610-1,
s_008um_00430_00395-1,
s_008um_00129_00246-1,
s_008um_00256_00388-1,
s_008um_00672_00614-1,
s_008um_00647_00232-1,
s_008um_00391_00386-1,
s_008um_00503_00381-1,
s_008um_00202_00401-1,
s_008um_00331_00383-1,
s_008um_00667_00212-1,
s_008um_00556_00210-1,
s_008um_00302_00372-1,
s_008um_00124_00227-1,
s_008um_00680_00421-1,
s_008um_00649_00407-1,
s_008um_00327_00388-1,
s_008um_00598_00417-1,
s_008um_00717_00609-1,
s_008um_00525_00369-1,
s_008um_00603_00606-1,
s_008um_00340_00204-1,
s_008um_00403_00388-1,
s_008um_00251_00222-1,
s_008um_00332_00600-1,
s_008um_00294_00368-1,
s_008um_00283_00610-1,
s_008um_00352_00392-1,
s_008um_00650_00617-1,
s_008um_00213_00391-1,
s_008um_00230_00396-1,
s_008um_00239_00378-1,
s_008um_00268_00215-1,
s_008um_00438_00599-1,
s_008um_00654_00226-1,
s_008um_00560_00600-1,
s_008um_00653_00216-1,
s_008um_00466_00384-1,
s_008um_00266_00216-1,
s_008um_00538_00195-1,
s_008um_00208_00401-1,
s_008um_00408_00387-1,
s_008um_00592_00600-1,
s_008um_00163_00410-1,
s_008um_00481_00590-1,
s_008um_00485_00385-1,
s_008um_00613_00208-1,
s_008um_00296_00215-1,
s_008um_00326_00374-1,
s_008um_00640_00208-1,
s_008um_00697_00205-1,
s_008um_00646_00620-1,
s_008um_00138_00237-1,
s_008um_00496_00207-1,
s_008um_00520_00591-1,
s_008um_00354_00380-1,
s_008um_00568_00600-1,
s_008um_00581_00417-1,
s_008um_00519_00601-1,
s_008um_00572_00617-1,
s_008um_00507_00386-1,
s_008um_00626_00208-1,
s_008um_00163_00239-1,
s_008um_00637_00600-1,
s_008um_00289_00215-1,
s_008um_00289_00373-1,
s_008um_00252_00222-1,
s_008um_00159_00408-1,
s_008um_00645_00404-1,
s_008um_00615_00213-1,
s_008um_00168_00239-1,
s_008um_00469_00389-1,
s_008um_00552_00609-1,
s_008um_00344_00378-1,
s_008um_00396_00379-1,
s_008um_00344_00614-1,
s_008um_00560_00378-1,
s_008um_00262_00601-1,
s_008um_00538_00383-1,
s_008um_00582_00213-1,
s_008um_00600_00225-1,
s_008um_00251_00216-1,
s_008um_00537_00386-1,
s_008um_00161_00405-1,
s_008um_00127_00235-1,
s_008um_00535_00596-1,
s_008um_00207_00223-1,
s_008um_00396_00216-1,
s_008um_00576_00609-1,
s_008um_00594_00228-1,
s_008um_00176_00226-1,
s_008um_00356_00385-1,
s_008um_00378_00393-1,
s_008um_00314_00208-1,
s_008um_00669_00600-1,
s_008um_00439_00597-1,
s_008um_00304_00365-1,
s_008um_00673_00220-1,
s_008um_00361_00599-1,
s_008um_00308_00371-1,
s_008um_00155_00232-1,
s_008um_00667_00405-1,
s_008um_00364_00615-1,
s_008um_00616_00221-1,
s_008um_00431_00387-1,
s_008um_00583_00196-1,
s_008um_00369_00614-1,
s_008um_00415_00376-1,
s_008um_00640_00214-1,
s_008um_00582_00199-1,
s_008um_00458_00217-1,CS2
s_008um_00387_00611-1,
s_008um_00435_00386-1,
s_008um_00612_00410-1,
s_008um_00570_00218-1,
s_008um_00222_00385-1,
s_008um_00231_00222-1,
s_008um_00245_00590-1,
s_008um_00161_00233-1,
s_008um_00220_00217-1,
s_008um_00321_00209-1,
s_008um_00624_00203-1,
s_008um_00685_00208-1,
s_008um_00513_00595-1,
s_008um_00459_00596-1,
s_008um_00430_00216-1,CS2
s_008um_00248_00392-1,
s_008um_00296_00386-1,
s_008um_00253_00594-1,
s_008um_00185_00404-1,
s_008um_00403_00608-1,
s_008um_00529_00593-1,
s_008um_00551_00375-1,
s_008um_00123_00232-1,
s_008um_00410_00379-1,
s_008um_00321_00215-1,
s_008um_00157_00411-1,
s_008um_00334_00214-1,
s_008um_00590_00378-1,
s_008um_00566_00195-1,
s_008um_00632_00197-1,
s_008um_00525_00599-1,
s_008um_00189_00393-1,
s_008um_00608_00617-1,
s_008um_00701_00210-1,
s_008um_00240_00389-1,
s_008um_00347_00602-1,
s_008um_00371_00609-1,
s_008um_00663_00599-1,
s_008um_00279_00608-1,
s_008um_00528_00375-1,
s_008um_00432_00604-1,
s_008um_00264_00386-1,
s_008um_00528_00210-1,
s_008um_00621_00229-1,
s_008um_00382_00599-1,
s_008um_00588_00622-1,
s_008um_00630_00411-1,
s_008um_00663_00218-1,
s_008um_00381_00607-1,
s_008um_00208_00228-1,
s_008um_00282_00390-1,
s_008um_00575_00222-1,
s_008um_00646_00225-1,
s_008um_00627_00224-1,
s_008um_00300_00378-1,
s_008um_00237_00588-1,
s_008um_00483_00592-1,
s_008um_00368_00214-1,
s_008um_00542_00212-1,
s_008um_00524_00590-1,
s_008um_00444_00603-1,
s_008um_00655_00229-1,
s_008um_00246_00604-1,
s_008um_00597_00395-1,
s_008um_00185_00405-1,
s_008um_00337_00373-1,
s_008um_00561_00609-1,
s_008um_00683_00409-1,
s_008um_00608_00221-1,
s_008um_00152_00241-1,
s_008um_00526_00599-1,
s_008um_00693_00207-1,
s_008um_00228_00391-1,
s_008um_00679_00614-1,
s_008um_00524_00591-1,
s_008um_00674_00604-1,
s_008um_00605_00405-1,
s_008um_00233_00215-1,
s_008um_00657_00615-1,
s_008um_00408_00370-1,
s_008um_00695_00600-1,
s_008um_00270_00379-1,
s_008um_00177_00230-1,
s_008um_00445_00206-1,CS2
s_008um_00640_00408-1,
s_008um_00347_00605-1,
s_008um_00394_00382-1,
s_008um_00452_00604-1,
s_008um_00233_00392-1,
s_008um_00622_00203-1,
s_008um_00589_00214-1,
s_008um_00648_00601-1,
s_008um_00475_00592-1,
s_008um_00711_00419-1,
s_008um_00343_00205-1,
s_008um_00150_00239-1,
s_008um_00488_00373-1,
s_008um_00294_00212-1,
s_008um_00233_00379-1,
s_008um_00447_00596-1,
s_008um_00501_00202-1,
s_008um_00618_00221-1,
s_008um_00452_00383-1,
s_008um_00706_00411-1,
s_008um_00381_00379-1,
s_008um_00636_00612-1,
s_008um_00294_00598-1,
s_008um_00216_00390-1,
s_008um_00644_00222-1,
s_008um_00555_00378-1,
s_008um_00602_00231-1,
s_008um_00646_00597-1,
s_008um_00558_00210-1,
s_008um_00390_00374-1,
s_008um_00343_00613-1,
s_008um_00243_00218-1,
s_008um_00542_00214-1,
s_008um_00249_00218-1,
s_008um_00459_00391-1,
s_008um_00162_00242-1,
s_008um_00337_00610-1,
s_008um_00274_00598-1,
s_008um_00420_00599-1,
s_008um_00490_00393-1,
s_008um_00434_00382-1,
s_008um_00512_00387-1,
s_008um_00680_00217-1,
s_008um_00607_00229-1,
s_008um_00500_00600-1,
s_008um_00558_00219-1,
s_008um_00435_00213-1,CS2
s_008um_00631_00598-1,
s_008um_00459_00375-1,
s_008um_00146_00241-1,
s_008um_00500_00371-1,
s_008um_00443_00220-1,CS2
s_008um_00653_00617-1,
s_008um_00264_00372-1,
s_008um_00561_00608-1,
s_008um_00412_00216-1,
s_008um_00520_00600-1,
s_008um_00372_00376-1,
s_008um_00554_00380-1,
s_008um_00602_00197-1,
s_008um_00512_00371-1,
s_008um_00575_00616-1,
s_008um_00547_00215-1,
s_008um_00387_00390-1,
s_008um_00458_00393-1,
s_008um_00490_00203-1,
s_008um_00593_00201-1,
s_008um_00409_00597-1,
s_008um_00406_00376-1,
s_008um_00524_00203-1,
s_008um_00628_00603-1,
s_008um_00588_00606-1,
s_008um_00713_00422-1,
s_008um_00343_00601-1,
s_008um_00393_00392-1,
s_008um_00280_00378-1,
s_008um_00457_00218-1,CS2
s_008um_00666_00605-1,
s_008um_00683_00611-1,
s_008um_00534_00604-1,
s_008um_00573_00382-1,
s_008um_00172_00234-1,
s_008um_00297_00599-1,
s_008um_00377_00375-1,
s_008um_00628_00620-1,
s_008um_00568_00616-1,
s_008um_00464_00589-1,
s_008um_00573_00206-1,
s_008um_00612_00413-1,
s_008um_00642_00601-1,
s_008um_00620_00604-1,
s_008um_00336_00389-1,
s_008um_00671_00211-1,
s_008um_00224_00384-1,
s_008um_00550_00594-1,
s_008um_00691_00422-1,
s_008um_00515_00203-1,
s_008um_00614_00208-1,
s_008um_00500_00604-1,
s_008um_00117_00241-1,
s_008um_00491_00392-1,
s_008um_00683_00617-1,
s_008um_00432_00379-1,
s_008um_00325_00611-1,
s_008um_00718_00607-1,
s_008um_00549_00383-1,
s_008um_00614_00409-1,
s_008um_00450_00204-1,
s_008um_00537_00387-1,
s_008um_00351_00382-1,
s_008um_00517_00374-1,
s_008um_00474_00594-1,
s_008um_00696_00598-1,
s_008um_00514_00379-1,
s_008um_00215_00395-1,
s_008um_00230_00597-1,
s_008um_00212_00219-1,
s_008um_00609_00211-1,
s_008um_00473_00394-1,
s_008um_00532_00382-1,
s_008um_00571_00604-1,
s_008um_00559_00385-1,
s_008um_00675_00618-1,
s_008um_00564_00600-1,
s_008um_00437_00599-1,
s_008um_00446_00596-1,
s_008um_00491_00372-1,
s_008um_00264_00609-1,
s_008um_00310_00380-1,
s_008um_00486_00209-1,
s_008um_00184_00234-1,
s_008um_00587_00604-1,
s_008um_00707_00600-1,
s_008um_00230_00385-1,
s_008um_00151_00404-1,
s_008um_00461_00598-1,
s_008um_00300_00376-1,
s_008um_00513_00382-1,
s_008um_00616_00398-1,
s_008um_00409_00391-1,
s_008um_00457_00376-1,
s_008um_00530_00392-1,
s_008um_00345_00208-1,
s_008um_00609_00208-1,
s_008um_00205_00393-1,
s_008um_00632_00222-1,
s_008um_00698_00203-1,
s_008um_00409_00601-1,
s_008um_00284_00221-1,
s_008um_00409_00384-1,
s_008um_00199_00397-1,
s_008um_00589_00380-1,
s_008um_00203_00222-1,
s_008um_00582_00411-1,
s_008um_00593_00415-1,
s_008um_00425_00376-1,
s_008um_00131_00228-1,
s_008um_00260_00596-1,
s_008um_00705_00423-1,
s_008um_00608_00609-1,
s_008um_00310_00382-1,
s_008um_00593_00193-1,
s_008um_00646_00605-1,
s_008um_00244_00383-1,
s_008um_00451_00381-1,
s_008um_00361_00601-1,
s_008um_00373_00381-1,
s_008um_00560_00611-1,
s_008um_00306_00378-1,
s_008um_00591_00385-1,
s_008um_00277_00369-1,
s_008um_00629_00614-1,
s_008um_00588_00193-1,
s_008um_00411_00383-1,
s_008um_00380_00393-1,
s_008um_00478_00211-1,
s_008um_00600_00620-1,
s_008um_00252_00597-1,
s_008um_00313_00604-1,
s_008um_00145_00234-1,
s_008um_00560_00207-1,
s_008um_00670_00417-1,
s_008um_00693_00606-1,
s_008um_00620_00618-1,
s_008um_00303_00603-1,
s_008um_00672_00212-1,
s_008um_00137_00227-1,
s_008um_00541_00379-1,
s_008um_00307_00389-1,
s_008um_00571_00393-1,
s_008um_00282_00608-1,
s_008um_00709_00412-1,
s_008um_00548_00388-1,
s_008um_00296_00599-1,
s_008um_00165_00238-1,
s_008um_00557_00209-1,
s_008um_00610_00198-1,
s_008um_00483_00593-1,
s_008um_00262_00599-1,
s_008um_00641_00406-1,
s_008um_00634_00607-1,
s_008um_00543_00371-1,
s_008um_00511_00596-1,
s_008um_00300_00381-1,
s_008um_00208_00396-1,
s_008um_00168_00233-1,
s_008um_00422_00608-1,
s_008um_00279_00387-1,
s_008um_00154_00235-1,
s_008um_00315_00207-1,
s_008um_00187_00406-1,
s_008um_00662_00608-1,
s_008um_00634_00608-1,
s_008um_00497_00215-1,
s_008um_00513_00593-1,
s_008um_00480_00217-1,
s_008um_00285_00390-1,
s_008um_00460_00386-1,
s_008um_00510_00387-1,
s_008um_00697_00617-1,
s_008um_00161_00230-1,
s_008um_00436_00373-1,
s_008um_00544_00605-1,
s_008um_00451_00205-1,
s_008um_00472_00207-1,
s_008um_00593_00602-1,
s_008um_00464_00377-1,
s_008um_00536_00393-1,
s_008um_00480_00378-1,
s_008um_00658_00414-1,
s_008um_00681_00208-1,
s_008um_00677_00419-1,
s_008um_00694_00202-1,
s_008um_00696_00209-1,
s_008um_00626_00607-1,
s_008um_00354_00213-1,
s_008um_00319_00370-1,
s_008um_00520_00594-1,
s_008um_00421_00209-1,CS2
s_008um_00706_00422-1,
s_008um_00123_00248-1,
s_008um_00311_00610-1,
s_008um_00239_00379-1,
s_008um_00475_00600-1,
s_008um_00354_00382-1,
s_008um_00588_00379-1,
s_008um_00503_00596-1,
s_008um_00532_00612-1,
s_008um_00465_00212-1,
s_008um_00614_00602-1,
s_008um_00576_00217-1,
s_008um_00448_00221-1,CS2
s_008um_00505_00601-1,
s_008um_00237_00592-1,
s_008um_00234_00219-1,
s_008um_00226_00388-1,
s_008um_00636_00598-1,
s_008um_00344_00610-1,
s_008um_00268_00217-1,
s_008um_00510_00607-1,
s_008um_00418_00608-1,
s_008um_00626_00406-1,
s_008um_00286_00610-1,
s_008um_00632_00217-1,
s_008um_00639_00608-1,
s_008um_00566_00200-1,
s_008um_00141_00233-1,
s_008um_00391_00211-1,
s_008um_00622_00207-1,
s_008um_00646_00233-1,
s_008um_00474_00389-1,
s_008um_00261_00608-1,
s_008um_00365_00610-1,
s_008um_00248_00592-1,
s_008um_00645_00218-1,
s_008um_00312_00366-1,
s_008um_00392_00372-1,
s_008um_00610_00601-1,
s_008um_00598_00204-1,
s_008um_00651_00407-1,
s_008um_00608_00601-1,
s_008um_00621_00596-1,
s_008um_00368_00601-1,
s_008um_00141_00240-1,
s_008um_00643_00604-1,
s_008um_00127_00246-1,
s_008um_00349_00205-1,
s_008um_00424_00395-1,
s_008um_00531_00371-1,
s_008um_00580_00414-1,
s_008um_00360_00394-1,
s_008um_00576_00206-1,
s_008um_00546_00194-1,
s_008um_00638_00394-1,
s_008um_00286_00381-1,
s_008um_00330_00611-1,
s_008um_00212_00393-1,
s_008um_00230_00598-1,
s_008um_00619_00415-1,
s_008um_00156_00234-1,
s_008um_00365_00371-1,
s_008um_00425_00394-1,
s_008um_00535_00381-1,
s_008um_00620_00232-1,
s_008um_00569_00218-1,
s_008um_00691_00417-1,
s_008um_00612_00216-1,
s_008um_00662_00416-1,
s_008um_00551_00600-1,
s_008um_00375_00607-1,
s_008um_00164_00232-1,
s_008um_00655_00598-1,
s_008um_00639_00230-1,
s_008um_00441_00373-1,
s_008um_00588_00621-1,
s_008um_00255_00379-1,
s_008um_00510_00393-1,
s_008um_00149_00240-1,
s_008um_00548_00211-1,
s_008um_00129_00234-1,
s_008um_00706_00415-1,
s_008um_00106_00232-1,
s_008um_00312_00605-1,
s_008um_00634_00221-1,
s_008um_00566_00210-1,
s_008um_00540_00387-1,
s_008um_00707_00596-1,
s_008um_00594_00411-1,
s_008um_00566_00386-1,
s_008um_00701_00421-1,
s_008um_00429_00386-1,
s_008um_00344_00384-1,
s_008um_00433_00376-1,
s_008um_00186_00230-1,
s_008um_00255_00386-1,
s_008um_00657_00211-1,
s_008um_00519_00210-1,
s_008um_00569_00215-1,
s_008um_00414_00374-1,
s_008um_00681_00213-1,
s_008um_00435_00383-1,
s_008um_00328_00209-1,
s_008um_00610_00407-1,
s_008um_00324_00209-1,
s_008um_00448_00216-1,CS2
s_008um_00529_00591-1,
s_008um_00319_00380-1,
s_008um_00481_00587-1,
s_008um_00609_00221-1,
s_008um_00169_00229-1,
s_008um_00674_00599-1,
s_008um_00599_00386-1,
s_008um_00187_00404-1,
s_008um_00529_00388-1,
s_008um_00660_00228-1,
s_008um_00536_00202-1,
s_008um_00599_00598-1,
s_008um_00217_00396-1,
s_008um_00342_00379-1,
s_008um_00341_00386-1,
s_008um_00585_00209-1,
s_008um_00459_00595-1,
s_008um_00405_00605-1,
s_008um_00453_00393-1,
s_008um_00254_00386-1,
s_008um_00649_00619-1,
s_008um_00352_00376-1,
s_008um_00669_00208-1,
s_008um_00470_00600-1,
s_008um_00649_00402-1,
s_008um_00482_00204-1,
s_008um_00496_00386-1,
s_008um_00436_00202-1,
s_008um_00616_00622-1,
s_008um_00622_00222-1,
s_008um_00408_00385-1,
s_008um_00680_00603-1,
s_008um_00554_00200-1,
s_008um_00292_00605-1,
s_008um_00598_00609-1,
s_008um_00428_00386-1,
s_008um_00281_00211-1,
s_008um_00250_00603-1,
s_008um_00683_00615-1,
s_008um_00583_00612-1,
s_008um_00347_00210-1,
s_008um_00246_00378-1,
s_008um_00546_00208-1,
s_008um_00539_00381-1,
s_008um_00607_00224-1,
s_008um_00412_00603-1,
s_008um_00511_00603-1,
s_008um_00330_00614-1,
s_008um_00198_00222-1,
s_008um_00489_00384-1,
s_008um_00146_00230-1,
s_008um_00629_00604-1,
s_008um_00463_00385-1,
s_008um_00564_00391-1,
s_008um_00157_00242-1,
s_008um_00631_00596-1,
s_008um_00311_00365-1,
s_008um_00617_00224-1,
s_008um_00173_00402-1,
s_008um_00301_00386-1,
s_008um_00244_00217-1,
s_008um_00418_00394-1,
s_008um_00494_00591-1,
s_008um_00396_00608-1,
s_008um_00550_00593-1,
s_008um_00592_00202-1,
s_008um_00556_00598-1,
s_008um_00424_00382-1,
s_008um_00511_00380-1,
s_008um_00620_00602-1,
s_008um_00603_00204-1,
s_008um_00434_00212-1,CS2
s_008um_00431_00218-1,CS2
s_008um_00623_00608-1,
s_008um_00444_00206-1,CS2
s_008um_00716_00601-1,
s_008um_00401_00374-1,
s_008um_00169_00225-1,
s_008um_00705_00603-1,
s_008um_00364_00605-1,
s_008um_00663_00620-1,
s_008um_00695_00618-1,
s_008um_00621_00615-1,
s_008um_00717_00602-1,
s_008um_00608_00219-1,
s_008um_00426_00382-1,
s_008um_00116_00232-1,
s_008um_00576_00219-1,
s_008um_00423_00382-1,
s_008um_00372_00608-1,
s_008um_00644_00405-1,
s_008um_00263_00218-1,
s_008um_00251_00383-1,
s_008um_00461_00381-1,
s_008um_00251_00597-1,
s_008um_00511_00202-1,
s_008um_00478_00209-1,
s_008um_00287_00607-1,
s_008um_00207_00225-1,
s_008um_00464_00218-1,
s_008um_00288_00212-1,
s_008um_00415_00378-1,
s_008um_00200_00218-1,
s_008um_00660_00413-1,
s_008um_00600_00384-1,
s_008um_00632_00227-1,
s_008um_00264_00223-1,
s_008um_00663_00616-1,
s_008um_00643_00602-1,
s_008um_00391_00215-1,
s_008um_00435_00392-1,
s_008um_00319_00377-1,
s_008um_00171_00401-1,
s_008um_00253_00593-1,
s_008um_00133_00250-1,
s_008um_00564_00209-1,
s_008um_00579_00603-1,
s_008um_00541_00374-1,
s_008um_00500_00383-1,
s_008um_00381_00615-1,
s_008um_00285_00388-1,
s_008um_00262_00597-1,
s_008um_00578_00389-1,
s_008um_00521_00386-1,
s_008um_00623_00416-1,
s_008um_00135_00241-1,
s_008um_00247_00381-1,
s_008um_00481_00380-1,
s_008um_00660_00612-1,
s_008um_00372_00606-1,
s_008um_00656_00218-1,
s_008um_00226_00392-1,
s_008um_00159_00226-1,
s_008um_00479_00390-1,
s_008um_00373_00213-1,
s_008um_00382_00387-1,
s_008um_00630_00616-1,
s_008um_00225_00398-1,
s_008um_00653_00412-1,
s_008um_00234_00390-1,
s_008um_00602_00208-1,
s_008um_00678_00419-1,
s_008um_00369_00599-1,
s_008um_00548_00609-1,
s_008um_00660_00622-1,
s_008um_00654_00617-1,
s_008um_00353_00606-1,
s_008um_00461_00220-1,CS2
s_008um_00293_00384-1,
s_008um_00528_00384-1,
s_008um_00227_00223-1,
s_008um_00618_00411-1,
s_008um_00659_00600-1,
s_008um_00481_00389-1,
s_008um_00511_00599-1,
s_008um_00245_00600-1,
s_008um_00552_00610-1,
s_008um_00357_00603-1,
s_008um_00583_00204-1,
s_008um_00381_00210-1,
s_008um_00445_00601-1,
s_008um_00601_00383-1,
s_008um_00239_00387-1,
s_008um_00331_00604-1,
s_008um_00309_00213-1,
s_008um_00657_00617-1,
s_008um_00404_00604-1,
s_008um_00566_00618-1,
s_008um_00382_00609-1,
s_008um_00167_00241-1,
s_008um_00468_00218-1,
s_008um_00243_00605-1,
s_008um_00548_00218-1,
s_008um_00274_00383-1,
s_008um_00277_00388-1,
s_008um_00410_00392-1,
s_008um_00553_00219-1,
s_008um_00515_00211-1,
s_008um_00265_00377-1,
s_008um_00641_00394-1,
s_008um_00643_00232-1,
s_008um_00412_00387-1,
s_008um_00490_00213-1,
s_008um_00299_00384-1,
s_008um_00318_00384-1,
s_008um_00601_00412-1,
s_008um_00279_00386-1,
s_008um_00137_00244-1,
s_008um_00593_00202-1,
s_008um_00513_00389-1,
s_008um_00634_00406-1,
s_008um_00410_00387-1,
s_008um_00623_00619-1,
s_008um_00443_00381-1,
s_008um_00309_00601-1,
s_008um_00493_00393-1,
s_008um_00462_00210-1,
s_008um_00600_00389-1,
s_008um_00517_00390-1,
s_008um_00572_00384-1,
s_008um_00274_00371-1,
s_008um_00332_00207-1,
s_008um_00610_00415-1,
s_008um_00539_00607-1,
s_008um_00470_00205-1,
s_008um_00689_00208-1,
s_008um_00514_00386-1,
s_008um_00362_00387-1,
s_008um_00569_00378-1,
s_008um_00533_00601-1,
s_008um_00585_00416-1,
s_008um_00268_00222-1,
s_008um_00682_00609-1,
s_008um_00310_00602-1,
s_008um_00598_00380-1,
s_008um_00241_00221-1,
s_008um_00319_00205-1,
s_008um_00463_00393-1,
s_008um_00687_00415-1,
s_008um_00531_00608-1,
s_008um_00177_00402-1,
s_008um_00501_00213-1,
s_008um_00304_00373-1,
s_008um_00271_00218-1,
s_008um_00308_00389-1,
s_008um_00391_00218-1,
s_008um_00449_00387-1,
s_008um_00540_00217-1,
s_008um_00574_00394-1,
s_008um_00357_00375-1,
s_008um_00192_00394-1,
s_008um_00368_00387-1,
s_008um_00506_00374-1,
s_008um_00696_00207-1,
s_008um_00367_00382-1,
s_008um_00501_00211-1,
s_008um_00703_00613-1,
s_008um_00572_00598-1,
s_008um_00478_00205-1,
s_008um_00542_00380-1,
s_008um_00501_00199-1,
s_008um_00206_00222-1,
s_008um_00666_00207-1,
s_008um_00362_00215-1,
s_008um_00532_00209-1,
s_008um_00369_00371-1,
s_008um_00192_00391-1,
s_008um_00674_00610-1,
s_008um_00556_00206-1,
s_008um_00476_00591-1,
s_008um_00408_00599-1,
s_008um_00591_00389-1,
s_008um_00629_00192-1,
s_008um_00520_00202-1,
s_008um_00519_00599-1,
s_008um_00558_00215-1,
s_008um_00449_00599-1,
s_008um_00685_00210-1,
s_008um_00360_00600-1,
s_008um_00492_00388-1,
s_008um_00123_00230-1,
s_008um_00492_00382-1,
s_008um_00640_00596-1,
s_008um_00421_00599-1,
s_008um_00650_00595-1,
s_008um_00629_00611-1,
s_008um_00597_00392-1,
s_008um_00456_00393-1,
s_008um_00176_00406-1,
s_008um_00535_00376-1,
s_008um_00520_00197-1,
s_008um_00408_00611-1,
s_008um_00465_00379-1,
s_008um_00640_00618-1,
s_008um_00327_00205-1,
s_008um_00212_00217-1,
s_008um_00381_00217-1,
s_008um_00543_00218-1,
s_008um_00308_00208-1,
s_008um_00500_00596-1,
s_008um_00439_00215-1,CS2
s_008um_00456_00601-1,
s_008um_00297_00374-1,
s_008um_00345_00371-1,
s_008um_00681_00620-1,
s_008um_00482_00594-1,
s_008um_00409_00218-1,
s_008um_00514_00603-1,
s_008um_00290_00600-1,
s_008um_00635_00411-1,
s_008um_00597_00605-1,
s_008um_00258_00388-1,
s_008um_00625_00205-1,
s_008um_00194_00228-1,
s_008um_00441_00391-1,
s_008um_00410_00219-1,
s_008um_00449_00390-1,
s_008um_00227_00395-1,
s_008um_00526_00383-1,
s_008um_00458_00389-1,
s_008um_00639_00421-1,
s_008um_00356_00392-1,
s_008um_00482_00203-1,
s_008um_00583_00384-1,
s_008um_00579_00220-1,
s_008um_00643_00623-1,
s_008um_00686_00618-1,
s_008um_00198_00397-1,
s_008um_00377_00392-1,
s_008um_00601_00617-1,
s_008um_00308_00602-1,
s_008um_00682_00423-1,
s_008um_00606_00620-1,
s_008um_00652_00605-1,
s_008um_00472_00383-1,
s_008um_00172_00226-1,
s_008um_00603_00407-1,
s_008um_00286_00218-1,
s_008um_00698_00206-1,
s_008um_00349_00387-1,
s_008um_00372_00382-1,
s_008um_00283_00220-1,
s_008um_00540_00593-1,
s_008um_00381_00601-1,
s_008um_00694_00423-1,
s_008um_00676_00220-1,
s_008um_00131_00249-1,
s_008um_00683_00614-1,
s_008um_00132_00230-1,
s_008um_00242_00383-1,
s_008um_00591_00416-1,
s_008um_00502_00386-1,
s_008um_00241_00396-1,
s_008um_00460_00600-1,
s_008um_00631_00200-1,
s_008um_00334_00389-1,
s_008um_00613_00198-1,
s_008um_00522_00602-1,
s_008um_00307_00208-1,
s_008um_00603_00415-1,
s_008um_00598_00418-1,
s_008um_00499_00384-1,
s_008um_00574_00223-1,
s_008um_00600_00215-1,
s_008um_00428_00395-1,
s_008um_00517_00195-1,
s_008um_00462_00377-1,
s_008um_00525_00605-1,
s_008um_00511_00199-1,
s_008um_00229_00589-1,
s_008um_00124_00238-1,
s_008um_00561_00220-1,
s_008um_00638_00616-1,
s_008um_00607_00415-1,
s_008um_00297_00381-1,
s_008um_00625_00417-1,
s_008um_00235_00221-1,
s_008um_00616_00202-1,
s_008um_00473_00587-1,
s_008um_00703_00614-1,
s_008um_00480_00588-1,
s_008um_00583_00205-1,
s_008um_00531_00594-1,
s_008um_00539_00200-1,
s_008um_00648_00595-1,
s_008um_00203_00218-1,
s_008um_00515_00201-1,
s_008um_00435_00217-1,CS2
s_008um_00297_00604-1,
s_008um_00131_00252-1,
s_008um_00653_00208-1,
s_008um_00291_00390-1,
s_008um_00185_00402-1,
s_008um_00567_00605-1,
s_008um_00417_00374-1,
s_008um_00703_00610-1,
s_008um_00360_00609-1,
s_008um_00372_00395-1,
s_008um_00622_00200-1,
s_008um_00339_00379-1,
s_008um_00245_00223-1,
s_008um_00579_00210-1,
s_008um_00498_00205-1,
s_008um_00232_00597-1,
s_008um_00352_00385-1,
s_008um_00658_00405-1,
s_008um_00370_00379-1,
s_008um_00596_00615-1,
s_008um_00252_00389-1,
s_008um_00582_00414-1,
s_008um_00314_00374-1,
s_008um_00498_00596-1,
s_008um_00261_00389-1,
s_008um_00284_00213-1,
s_008um_00322_00206-1,
s_008um_00579_00225-1,
s_008um_00376_00377-1,
s_008um_00191_00392-1,
s_008um_00543_00204-1,
s_008um_00329_00214-1,
s_008um_00199_00220-1,
s_008um_00246_00384-1,
s_008um_00679_00211-1,
s_008um_00648_00418-1,
s_008um_00332_00601-1,
s_008um_00250_00220-1,
s_008um_00569_00196-1,
s_008um_00409_00385-1,
s_008um_00528_00205-1,
s_008um_00670_00601-1,
s_008um_00477_00590-1,
s_008um_00279_00377-1,
s_008um_00138_00228-1,
s_008um_00337_00214-1,
s_008um_00461_00592-1,
s_008um_00666_00602-1,
s_008um_00152_00236-1,
s_008um_00469_00385-1,
s_008um_00253_00372-1,
s_008um_00466_00219-1,
s_008um_00241_00385-1,
s_008um_00334_00608-1,
s_008um_00581_00205-1,
s_008um_00689_00619-1,
s_008um_00467_00206-1,
s_008um_00536_00608-1,
s_008um_00350_00206-1,
s_008um_00679_00205-1,
s_008um_00696_00596-1,
s_008um_00616_00598-1,
s_008um_00558_00373-1,
s_008um_00139_00239-1,
s_008um_00333_00598-1,
s_008um_00482_00374-1,
s_008um_00634_00401-1,
s_008um_00142_00229-1,
s_008um_00418_00213-1,CS2
s_008um_00701_00207-1,
s_008um_00328_00386-1,
s_008um_00704_00205-1,
s_008um_00687_00421-1,
s_008um_00532_00604-1,
s_008um_00527_00209-1,
s_008um_00205_00224-1,
s_008um_00646_00231-1,
s_008um_00167_00229-1,
s_008um_00626_00403-1,
s_008um_00134_00234-1,
s_008um_00274_00370-1,
s_008um_00643_00228-1,
s_008um_00146_00234-1,
s_008um_00713_00599-1,
s_008um_00703_00600-1,
s_008um_00386_00372-1,
s_008um_00471_00209-1,
s_008um_00673_00214-1,
s_008um_00594_00213-1,
s_008um_00587_00199-1,
s_008um_00510_00598-1,
s_008um_00472_00390-1,
s_008um_00571_00600-1,
s_008um_00616_00614-1,
s_008um_00655_00410-1,
s_008um_00355_00212-1,
s_008um_00237_00599-1,
s_008um_00505_00392-1,
s_008um_00550_00388-1,
s_008um_00420_00208-1,CS2
s_008um_00400_00214-1,
s_008um_00452_00390-1,
s_008um_00517_00206-1,
s_008um_00556_00377-1,
s_008um_00226_00600-1,
s_008um_00511_00198-1,
s_008um_00703_00606-1,
s_008um_00110_00240-1,
s_008um_00516_00607-1,
s_008um_00555_00214-1,
s_008um_00599_00619-1,
s_008um_00507_00385-1,
s_008um_00548_00608-1,
s_008um_00471_00601-1,
s_008um_00641_00609-1,
s_008um_00489_00380-1,
s_008um_00535_00375-1,
s_008um_00601_00206-1,
s_008um_00255_00594-1,
s_008um_00567_00378-1,
s_008um_00338_00374-1,
s_008um_00653_00593-1,
s_008um_00580_00603-1,
s_008um_00708_00211-1,
s_008um_00590_00409-1,
s_008um_00635_00206-1,
s_008um_00632_00398-1,
s_008um_00342_00601-1,
s_008um_00580_00222-1,
s_008um_00668_00618-1,
s_008um_00592_00203-1,
s_008um_00304_00383-1,
s_008um_00259_00368-1,
s_008um_00456_00207-1,
s_008um_00651_00612-1,
s_008um_00638_00226-1,
s_008um_00393_00220-1,
s_008um_00700_00419-1,
s_008um_00596_00618-1,
s_008um_00651_00599-1,
s_008um_00641_00405-1,
s_008um_00462_00378-1,
s_008um_00630_00599-1,
s_008um_00648_00219-1,
s_008um_00115_00232-1,
s_008um_00278_00599-1,
s_008um_00510_00214-1,
s_008um_00564_00201-1,
s_008um_00496_00377-1,
s_008um_00182_00404-1,
s_008um_00601_00217-1,
s_008um_00313_00366-1,
s_008um_00571_00209-1,
s_008um_00635_00220-1,
s_008um_00527_00386-1,
s_008um_00599_00394-1,
s_008um_00368_00383-1,
s_008um_00644_00220-1,
s_008um_00682_00615-1,
s_008um_00202_00222-1,
s_008um_00482_00377-1,
s_008um_00349_00384-1,
s_008um_00686_00607-1,
s_008um_00618_00391-1,
s_008um_00552_00376-1,
s_008um_00565_00206-1,
s_008um_00171_00238-1,
s_008um_00606_00613-1,
s_008um_00427_00216-1,CS2
s_008um_00487_00200-1,
s_008um_00552_00389-1,
s_008um_00216_00385-1,
s_008um_00575_00386-1,
s_008um_00478_00376-1,
s_008um_00134_00229-1,
s_008um_00667_00206-1,
s_008um_00568_00609-1,
s_008um_00434_00392-1,
s_008um_00362_00213-1,
s_008um_00655_00412-1,
s_008um_00578_00212-1,
s_008um_00309_00365-1,
s_008um_00642_00624-1,
s_008um_00314_00378-1,
s_008um_00165_00227-1,
s_008um_00613_00226-1,
s_008um_00256_00220-1,
s_008um_00178_00233-1,
s_008um_00359_00382-1,
s_008um_00425_00214-1,CS2
s_008um_00354_00384-1,
s_008um_00571_00378-1,
s_008um_00529_00386-1,
s_008um_00427_00395-1,
s_008um_00369_00386-1,
s_008um_00295_00386-1,
s_008um_00274_00608-1,
s_008um_00306_00602-1,
s_008um_00536_00594-1,
s_008um_00664_00595-1,
s_008um_00318_00605-1,
s_008um_00314_00599-1,
s_008um_00647_00618-1,
s_008um_00712_00600-1,
s_008um_00382_00208-1,
s_008um_00519_00591-1,
s_008um_00300_00602-1,
s_008um_00702_00206-1,
s_008um_00177_00224-1,
s_008um_00477_00375-1,
s_008um_00540_00194-1,
s_008um_00602_00211-1,
s_008um_00327_00386-1,
s_008um_00604_00227-1,
s_008um_00647_00619-1,
s_008um_00673_00602-1,
s_008um_00500_00375-1,
s_008um_00311_00386-1,
s_008um_00330_00598-1,
s_008um_00643_00210-1,
s_008um_00654_00616-1,
s_008um_00644_00416-1,
s_008um_00583_00222-1,
s_008um_00692_00615-1,
s_008um_00527_00207-1,
s_008um_00270_00608-1,
s_008um_00655_00615-1,
s_008um_00681_00423-1,
s_008um_00176_00403-1,
s_008um_00476_00588-1,
s_008um_00297_00383-1,
s_008um_00529_00387-1,
s_008um_00394_00377-1,
s_008um_00342_00372-1,
s_008um_00300_00206-1,
s_008um_00194_00233-1,
s_008um_00643_00224-1,
s_008um_00653_00229-1,
s_008um_00452_00207-1,
s_008um_00644_00411-1,
s_008um_00605_00608-1,
s_008um_00264_00377-1,
s_008um_00582_00194-1,
s_008um_00453_00602-1,
s_008um_00643_00610-1,
s_008um_00616_00620-1,
s_008um_00436_00386-1,
s_008um_00635_00620-1,
s_008um_00488_00210-1,
s_008um_00459_00603-1,
s_008um_00575_00416-1,
s_008um_00582_00391-1,
s_008um_00367_00609-1,
s_008um_00612_00222-1,
s_008um_00707_00206-1,
s_008um_00605_00220-1,
s_008um_00639_00403-1,
s_008um_00136_00234-1,
s_008um_00280_00610-1,
s_008um_00279_00381-1,
s_008um_00597_00217-1,
s_008um_00502_00600-1,
s_008um_00481_00390-1,
s_008um_00321_00379-1,
s_008um_00701_00617-1,
s_008um_00572_00215-1,
s_008um_00386_00602-1,
s_008um_00283_00379-1,
s_008um_00277_00382-1,
s_008um_00119_00235-1,
s_008um_00242_00592-1,
s_008um_00590_00377-1,
s_008um_00526_00597-1,
s_008um_00568_00606-1,
s_008um_00477_00209-1,
s_008um_00371_00390-1,
s_008um_00621_00227-1,
s_008um_00412_00220-1,
s_008um_00527_00204-1,
s_008um_00591_00393-1,
s_008um_00534_00608-1,
s_008um_00554_00199-1,
s_008um_00334_00387-1,
s_008um_00268_00608-1,
s_008um_00665_00618-1,
s_008um_00265_00383-1,
s_008um_00477_00385-1,
s_008um_00657_00207-1,
s_008um_00562_00611-1,
s_008um_00216_00387-1,
s_008um_00446_00383-1,
s_008um_00655_00226-1,
s_008um_00345_00387-1,
s_008um_00367_00612-1,
s_008um_00391_00604-1,
s_008um_00548_00212-1,
s_008um_00617_00615-1,
s_008um_00482_00206-1,
s_008um_00688_00419-1,
s_008um_00548_00382-1,
s_008um_00647_00596-1,
s_008um_00492_00209-1,
s_008um_00218_00224-1,
s_008um_00222_00221-1,
s_008um_00338_00601-1,
s_008um_00320_00607-1,
s_008um_00398_00600-1,
s_008um_00601_00209-1,
s_008um_00535_00386-1,
s_008um_00501_00393-1,
s_008um_00528_00203-1,
s_008um_00455_00605-1,
s_008um_00400_00217-1,
s_008um_00411_00216-1,
s_008um_00189_00219-1,
s_008um_00465_00215-1,
s_008um_00645_00402-1,
s_008um_00712_00614-1,
s_008um_00607_00602-1,
s_008um_00584_00223-1,
s_008um_00433_00215-1,CS2
s_008um_00533_00387-1,
s_008um_00667_00596-1,
s_008um_00499_00205-1,
s_008um_00486_00601-1,
s_008um_00336_00211-1,
s_008um_00716_00420-1,
s_008um_00264_00215-1,
s_008um_00549_00605-1,
s_008um_00571_00614-1,
s_008um_00577_00391-1,
s_008um_00676_00416-1,
s_008um_00253_00215-1,
s_008um_00595_00603-1,
s_008um_00539_00388-1,
s_008um_00250_00601-1,
s_008um_00203_00219-1,
s_008um_00659_00599-1,
s_008um_00522_00605-1,
s_008um_00511_00389-1,
s_008um_00616_00605-1,
s_008um_00581_00612-1,
s_008um_00132_00235-1,
s_008um_00593_00218-1,
s_008um_00288_00610-1,
s_008um_00436_00376-1,
s_008um_00366_00602-1,
s_008um_00290_00380-1,
s_008um_00606_00607-1,
s_008um_00443_00604-1,
s_008um_00558_00382-1,
s_008um_00499_00380-1,
s_008um_00585_00200-1,
s_008um_00540_00210-1,
s_008um_00589_00215-1,
s_008um_00291_00383-1,
s_008um_00383_00369-1,
s_008um_00364_00614-1,
s_008um_00603_00613-1,
s_008um_00539_00201-1,
s_008um_00533_00388-1,
s_008um_00586_00212-1,
s_008um_00551_00605-1,
s_008um_00377_00373-1,
s_008um_00474_00207-1,
s_008um_00326_00602-1,
s_008um_00531_00602-1,
s_008um_00668_00598-1,
s_008um_00544_00200-1,
s_008um_00108_00230-1,
s_008um_00542_00595-1,
s_008um_00340_00210-1,
s_008um_00612_00415-1,
s_008um_00597_00416-1,
s_008um_00521_00601-1,
s_008um_00640_00229-1,
s_008um_00442_00383-1,
s_008um_00348_00371-1,
s_008um_00149_00237-1,
s_008um_00329_00209-1,
s_008um_00247_00216-1,
s_008um_00381_00390-1,
s_008um_00516_00212-1,
s_008um_00120_00243-1,
s_008um_00242_00380-1,
s_008um_00484_00374-1,
s_008um_00474_00216-1,
s_008um_00293_00217-1,
s_008um_00650_00592-1,
s_008um_00171_00232-1,
s_008um_00497_00204-1,
s_008um_00610_00204-1,
s_008um_00675_00215-1,
s_008um_00428_00385-1,
s_008um_00543_00199-1,
s_008um_00599_00613-1,
s_008um_00190_00403-1,
s_008um_00630_00396-1,
s_008um_00661_00612-1,
s_008um_00509_00373-1,
s_008um_00710_00421-1,
s_008um_00604_00606-1,
s_008um_00466_00393-1,
s_008um_00512_00200-1,
s_008um_00563_00608-1,
s_008um_00562_00376-1,
s_008um_00504_00201-1,
s_008um_00696_00206-1,
s_008um_00646_00603-1,
s_008um_00658_00225-1,
s_008um_00639_00228-1,
s_008um_00535_00371-1,
s_008um_00702_00597-1,
s_008um_00560_00603-1,
s_008um_00291_00604-1,
s_008um_00377_00608-1,
s_008um_00365_00213-1,
s_008um_00629_00619-1,
s_008um_00559_00387-1,
s_008um_00251_00218-1,
s_008um_00589_00386-1,
s_008um_00437_00388-1,
s_008um_00214_00389-1,
s_008um_00371_00213-1,
s_008um_00171_00237-1,
s_008um_00451_00216-1,CS2
s_008um_00484_00201-1,
s_008um_00708_00611-1,
s_008um_00453_00206-1,
s_008um_00184_00399-1,
s_008um_00634_00419-1,
s_008um_00366_00385-1,
s_008um_00293_00372-1,
s_008um_00644_00604-1,
s_008um_00545_00390-1,
s_008um_00583_00387-1,
s_008um_00687_00599-1,
s_008um_00486_00392-1,
s_008um_00575_00213-1,
s_008um_00372_00378-1,
s_008um_00307_00368-1,
s_008um_00404_00217-1,
s_008um_00388_00370-1,
s_008um_00532_00213-1,
s_008um_00669_00409-1,
s_008um_00371_00603-1,
s_008um_00526_00378-1,
s_008um_00559_00611-1,
s_008um_00514_00601-1,
s_008um_00498_00198-1,
s_008um_00421_00386-1,
s_008um_00442_00600-1,
s_008um_00449_00391-1,
s_008um_00147_00240-1,
s_008um_00596_00411-1,
s_008um_00627_00607-1,
s_008um_00701_00420-1,
s_008um_00634_00418-1,
s_008um_00616_00406-1,
s_008um_00659_00418-1,
s_008um_00256_00390-1,
s_008um_00489_00201-1,
s_008um_00648_00399-1,
s_008um_00324_00210-1,
s_008um_00171_00407-1,
s_008um_00587_00201-1,
s_008um_00696_00612-1,
s_008um_00108_00234-1,
s_008um_00706_00613-1,
s_008um_00274_00374-1,
s_008um_00328_00375-1,
s_008um_00612_00617-1,
s_008um_00433_00596-1,
s_008um_00592_00406-1,
s_008um_00575_00203-1,
s_008um_00204_00224-1,
s_008um_00334_00372-1,
s_008um_00425_00379-1,
s_008um_00671_00209-1,
s_008um_00690_00609-1,
s_008um_00601_00390-1,
s_008um_00614_00623-1,
s_008um_00570_00610-1,
s_008um_00425_00210-1,CS2
s_008um_00247_00369-1,
s_008um_00647_00421-1,
s_008um_00603_00610-1,
s_008um_00669_00204-1,
s_008um_00254_00600-1,
s_008um_00630_00608-1,
s_008um_00523_00376-1,
s_008um_00655_00599-1,
s_008um_00487_00207-1,
s_008um_00346_00614-1,
s_008um_00484_00384-1,
s_008um_00479_00381-1,
s_008um_00541_00597-1,
s_008um_00667_00598-1,
s_008um_00431_00203-1,
s_008um_00461_00394-1,
s_008um_00446_00201-1,
s_008um_00538_00211-1,
s_008um_00284_00371-1,
s_008um_00642_00224-1,
s_008um_00246_00601-1,
s_008um_00378_00383-1,
s_008um_00543_00196-1,
s_008um_00368_00210-1,
s_008um_00411_00372-1,
s_008um_00606_00215-1,
s_008um_00625_00225-1,
s_008um_00628_00200-1,
s_008um_00664_00408-1,
s_008um_00236_00398-1,
s_008um_00703_00421-1,
s_008um_00675_00603-1,
s_008um_00287_00373-1,
s_008um_00246_00223-1,
s_008um_00712_00617-1,
s_008um_00216_00400-1,
s_008um_00606_00412-1,
s_008um_00676_00603-1,
s_008um_00418_00606-1,
s_008um_00410_00601-1,
s_008um_00638_00396-1,
s_008um_00704_00616-1,
s_008um_00190_00231-1,
s_008um_00657_00231-1,
s_008um_00552_00210-1,
s_008um_00470_00591-1,
s_008um_00509_00209-1,
s_008um_00266_00602-1,
s_008um_00416_00210-1,
s_008um_00661_00202-1,
s_008um_00445_00604-1,
s_008um_00684_00608-1,
s_008um_00662_00229-1,
s_008um_00564_00379-1,
s_008um_00684_00204-1,
s_008um_00667_00415-1,
s_008um_00694_00619-1,
s_008um_00613_00406-1,
s_008um_00498_00388-1,
s_008um_00349_00210-1,
s_008um_00300_00367-1,
s_008um_00159_00252-1,
s_008um_00705_00599-1,
s_008um_00591_00612-1,
s_008um_00352_00383-1,
s_008um_00489_00377-1,
s_008um_00211_00389-1,
s_008um_00615_00606-1,
s_008um_00134_00226-1,
s_008um_00644_00611-1,
s_008um_00665_00205-1,
s_008um_00203_00220-1,
s_008um_00197_00218-1,
s_008um_00458_00386-1,
s_008um_00628_00219-1,
s_008um_00384_00374-1,
s_008um_00576_00202-1,
s_008um_00565_00204-1,
s_008um_00591_00210-1,
s_008um_00108_00236-1,
s_008um_00603_00602-1,
s_008um_00450_00381-1,
s_008um_00479_00595-1,
s_008um_00576_00415-1,
s_008um_00495_00381-1,
s_008um_00401_00378-1,
s_008um_00612_00208-1,
s_008um_00473_00388-1,
s_008um_00255_00375-1,
s_008um_00356_00380-1,
s_008um_00701_00422-1,
s_008um_00201_00231-1,
s_008um_00564_00381-1,
s_008um_00199_00226-1,
s_008um_00606_00225-1,
s_008um_00563_00605-1,
s_008um_00440_00381-1,
s_008um_00653_00408-1,
s_008um_00615_00406-1,
s_008um_00177_00400-1,
s_008um_00241_00591-1,
s_008um_00165_00405-1,
s_008um_00467_00219-1,
s_008um_00203_00228-1,
s_008um_00185_00227-1,
s_008um_00446_00606-1,
s_008um_00617_00411-1,
s_008um_00169_00410-1,
s_008um_00590_00192-1,
s_008um_00162_00246-1,
s_008um_00278_00376-1,
s_008um_00471_00593-1,
s_008um_00462_00596-1,
s_008um_00248_00373-1,
s_008um_00546_00390-1,
s_008um_00493_00206-1,
s_008um_00693_00209-1,
s_008um_00246_00375-1,
s_008um_00636_00208-1,
s_008um_00384_00376-1,
s_008um_00151_00231-1,
s_008um_00226_00224-1,
s_008um_00512_00595-1,
s_008um_00564_00211-1,
s_008um_00513_00215-1,
s_008um_00221_00380-1,
s_008um_00674_00209-1,
s_008um_00544_00197-1,
s_008um_00654_00224-1,
s_008um_00561_00611-1,
s_008um_00261_00379-1,
s_008um_00619_00599-1,
s_008um_00527_00374-1,
s_008um_00389_00384-1,
s_008um_00272_00367-1,
s_008um_00430_00207-1,CS2
s_008um_00542_00392-1,
s_008um_00685_00601-1,
s_008um_00510_00206-1,
s_008um_00428_00604-1,
s_008um_00406_00607-1,
s_008um_00347_00614-1,
s_008um_00573_00380-1,
s_008um_00161_00407-1,
s_008um_00514_00383-1,
s_008um_00437_00217-1,CS2
s_008um_00691_00413-1,
s_008um_00422_00214-1,CS2
s_008um_00481_00374-1,
s_008um_00686_00217-1,
s_008um_00697_00204-1,
s_008um_00454_00374-1,
s_008um_00505_00200-1,
s_008um_00527_00216-1,
s_008um_00296_00368-1,
s_008um_00636_00603-1,
s_008um_00124_00244-1,
s_008um_00470_00393-1,
s_008um_00692_00601-1,
s_008um_00558_00614-1,
s_008um_00603_00231-1,
s_008um_00140_00234-1,
s_008um_00696_00413-1,
s_008um_00512_00385-1,
s_008um_00376_00371-1,
s_008um_00434_00204-1,CS2
s_008um_00673_00611-1,
s_008um_00484_00200-1,
s_008um_00226_00389-1,
s_008um_00479_00202-1,
s_008um_00651_00623-1,
s_008um_00654_00231-1,
s_008um_00603_00195-1,
s_008um_00517_00214-1,
s_008um_00298_00367-1,
s_008um_00350_00385-1,
s_008um_00194_00221-1,
s_008um_00668_00409-1,
s_008um_00618_00205-1,
s_008um_00628_00395-1,
s_008um_00214_00386-1,
s_008um_00526_00207-1,
s_008um_00575_00216-1,
s_008um_00225_00222-1,
s_008um_00511_00214-1,
s_008um_00642_00421-1,
s_008um_00612_00198-1,
s_008um_00187_00398-1,
s_008um_00319_00379-1,
s_008um_00500_00391-1,
s_008um_00143_00233-1,
s_008um_00557_00200-1,
s_008um_00513_00594-1,
s_008um_00592_00388-1,
s_008um_00539_00368-1,
s_008um_00181_00405-1,
s_008um_00322_00386-1,
s_008um_00407_00598-1,
s_008um_00697_00598-1,
s_008um_00650_00416-1,
s_008um_00382_00378-1,
s_008um_00315_00383-1,
s_008um_00174_00225-1,
s_008um_00444_00599-1,
s_008um_00365_00601-1,
s_008um_00403_00211-1,
s_008um_00580_00606-1,
s_008um_00631_00415-1,
s_008um_00136_00229-1,
s_008um_00456_00599-1,
s_008um_00285_00604-1,
s_008um_00310_00378-1,
s_008um_00714_00619-1,
s_008um_00601_00388-1,
s_008um_00278_00390-1,
s_008um_00482_00590-1,
s_008um_00584_00621-1,
s_008um_00293_00375-1,
s_008um_00131_00231-1,
s_008um_00618_00224-1,
s_008um_00320_00384-1,
s_008um_00663_00212-1,
s_008um_00542_00385-1,
s_008um_00109_00239-1,
s_008um_00441_00606-1,
s_008um_00185_00396-1,
s_008um_00491_00204-1,
s_008um_00362_00605-1,
s_008um_00282_00378-1,
s_008um_00243_00371-1,
s_008um_00342_00381-1,
s_008um_00212_00225-1,
s_008um_00633_00228-1,
s_008um_00567_00611-1,
s_008um_00577_00198-1,
s_008um_00557_00383-1,
s_008um_00293_00374-1,
s_008um_00210_00222-1,
s_008um_00614_00417-1,
s_008um_00598_00195-1,
s_008um_00645_00615-1,
s_008um_00408_00216-1,
s_008um_00609_00207-1,
s_008um_00303_00383-1,
s_008um_00292_00388-1,
s_008um_00261_00368-1,
s_008um_00503_00205-1,
s_008um_00425_00378-1,
s_008um_00442_00596-1,
s_008um_00670_00215-1,
s_008um_00623_00597-1,
s_008um_00235_00380-1,
s_008um_00198_00394-1,
s_008um_00572_00388-1,
s_008um_00518_00599-1,
s_008um_00420_00385-1,
s_008um_00165_00245-1,
s_008um_00600_00390-1,
s_008um_00166_00244-1,
s_008um_00564_00200-1,
s_008um_00386_00216-1,
s_008um_00273_00376-1,
s_008um_00701_00616-1,
s_008um_00591_00619-1,
s_008um_00131_00235-1,
s_008um_00385_00386-1,
s_008um_00662_00207-1,
s_008um_00246_00372-1,
s_008um_00577_00204-1,
s_008um_00590_00617-1,
s_008um_00330_00373-1,
s_008um_00193_00224-1,
s_008um_00612_00411-1,
s_008um_00292_00370-1,
s_008um_00304_00381-1,
s_008um_00376_00376-1,
s_008um_00660_00218-1,
s_008um_00592_00609-1,
s_008um_00456_00386-1,
s_008um_00571_00602-1,
s_008um_00228_00390-1,
s_008um_00702_00614-1,
s_008um_00635_00234-1,
s_008um_00309_00606-1,
s_008um_00352_00213-1,
s_008um_00388_00372-1,
s_008um_00566_00601-1,
s_008um_00331_00367-1,
s_008um_00477_00601-1,
s_008um_00637_00601-1,
s_008um_00241_00390-1,
s_008um_00693_00422-1,
s_008um_00648_00421-1,
s_008um_00409_00214-1,
s_008um_00540_00595-1,
s_008um_00425_00383-1,
s_008um_00121_00237-1,
s_008um_00235_00387-1,
s_008um_00684_00419-1,
s_008um_00631_00205-1,
s_008um_00314_00367-1,
s_008um_00689_00618-1,
s_008um_00378_00604-1,
s_008um_00324_00372-1,
s_008um_00261_00377-1,
s_008um_00488_00591-1,
s_008um_00280_00373-1,
s_008um_00485_00384-1,
s_008um_00428_00389-1,
s_008um_00124_00250-1,
s_008um_00549_00609-1,
s_008um_00657_00418-1,
s_008um_00128_00235-1,
s_008um_00352_00378-1,
s_008um_00238_00605-1,
s_008um_00109_00230-1,
s_008um_00437_00389-1,
s_008um_00442_00388-1,
s_008um_00584_00211-1,
s_008um_00533_00606-1,
s_008um_00325_00600-1,
s_008um_00713_00610-1,
s_008um_00562_00220-1,
s_008um_00326_00608-1,
s_008um_00337_00604-1,
s_008um_00445_00603-1,
s_008um_00333_00370-1,
s_008um_00655_00602-1,
s_008um_00566_00603-1,
s_008um_00691_00611-1,
s_008um_00537_00372-1,
s_008um_00447_00601-1,
s_008um_00504_00598-1,
s_008um_00410_00383-1,
s_008um_00555_00375-1,
s_008um_00485_00376-1,
s_008um_00517_00207-1,
s_008um_00463_00595-1,
s_008um_00582_00609-1,
s_008um_00420_00387-1,
s_008um_00386_00611-1,
s_008um_00622_00218-1,
s_008um_00279_00611-1,
s_008um_00420_00207-1,CS2
s_008um_00701_00209-1,
s_008um_00380_00376-1,
s_008um_00278_00609-1,
s_008um_00504_00592-1,
s_008um_00238_00221-1,
s_008um_00693_00213-1,
s_008um_00227_00378-1,
s_008um_00488_00595-1,
s_008um_00457_00216-1,CS2
s_008um_00535_00369-1,
s_008um_00258_00386-1,
s_008um_00468_00601-1,
s_008um_00625_00206-1,
s_008um_00407_00610-1,
s_008um_00511_00391-1,
s_008um_00580_00618-1,
s_008um_00332_00375-1,
s_008um_00221_00377-1,
s_008um_00633_00222-1,
s_008um_00541_00598-1,
s_008um_00506_00214-1,
s_008um_00585_00609-1,
s_008um_00466_00590-1,
s_008um_00557_00373-1,
s_008um_00700_00211-1,
s_008um_00702_00601-1,
s_008um_00633_00204-1,
s_008um_00410_00216-1,
s_008um_00435_00215-1,CS2
s_008um_00249_00386-1,
s_008um_00567_00383-1,
s_008um_00273_00377-1,
s_008um_00519_00600-1,
s_008um_00492_00587-1,
s_008um_00553_00388-1,
s_008um_00380_00214-1,
s_008um_00564_00204-1,
s_008um_00570_00379-1,
s_008um_00265_00221-1,
s_008um_00254_00222-1,
s_008um_00461_00602-1,
s_008um_00436_00604-1,
s_008um_00368_00605-1,
s_008um_00508_00384-1,
s_008um_00655_00403-1,
s_008um_00378_00614-1,
s_008um_00365_00390-1,
s_008um_00343_00604-1,
s_008um_00576_00205-1,
s_008um_00322_00384-1,
s_008um_00231_00226-1,
s_008um_00630_00202-1,
s_008um_00231_00378-1,
s_008um_00517_00604-1,
s_008um_00586_00378-1,
s_008um_00419_00381-1,
s_008um_00624_00396-1,
s_008um_00546_00378-1,
s_008um_00447_00204-1,
s_008um_00622_00219-1,
s_008um_00408_00220-1,
s_008um_00183_00222-1,
s_008um_00617_00620-1,
s_008um_00315_00609-1,
s_008um_00313_00206-1,
s_008um_00527_00597-1,
s_008um_00603_00601-1,
s_008um_00176_00405-1,
s_008um_00554_00608-1,
s_008um_00246_00385-1,
s_008um_00180_00398-1,
s_008um_00603_00411-1,
s_008um_00604_00410-1,
s_008um_00233_00398-1,
s_008um_00271_00221-1,
s_008um_00645_00596-1,
s_008um_00601_00408-1,
s_008um_00708_00204-1,
s_008um_00647_00412-1,
s_008um_00665_00214-1,
s_008um_00447_00395-1,
s_008um_00689_00411-1,
s_008um_00504_00196-1,
s_008um_00665_00217-1,
s_008um_00656_00231-1,
s_008um_00246_00374-1,
s_008um_00449_00379-1,
s_008um_00684_00209-1,
s_008um_00652_00604-1,
s_008um_00587_00219-1,
s_008um_00623_00622-1,
s_008um_00680_00615-1,
s_008um_00388_00215-1,
s_008um_00579_00195-1,
s_008um_00669_00597-1,
s_008um_00463_00600-1,
s_008um_00609_00616-1,
s_008um_00560_00610-1,
s_008um_00336_00369-1,
s_008um_00361_00611-1,
s_008um_00577_00389-1,
s_008um_00510_00384-1,
s_008um_00392_00612-1,
s_008um_00530_00374-1,
s_008um_00629_00411-1,
s_008um_00590_00191-1,
s_008um_00256_00370-1,
s_008um_00385_00209-1,
s_008um_00422_00384-1,
s_008um_00160_00407-1,
s_008um_00413_00389-1,
s_008um_00653_00596-1,
s_008um_00575_00223-1,
s_008um_00666_00219-1,
s_008um_00577_00610-1,
s_008um_00124_00251-1,
s_008um_00361_00212-1,
s_008um_00418_00609-1,
s_008um_00313_00390-1,
s_008um_00403_00386-1,
s_008um_00626_00206-1,
s_008um_00402_00213-1,
s_008um_00602_00220-1,
s_008um_00477_00388-1,
s_008um_00588_00609-1,
s_008um_00198_00390-1,
s_008um_00584_00602-1,
s_008um_00466_00593-1,
s_008um_00215_00217-1,
s_008um_00236_00590-1,
s_008um_00273_00608-1,
s_008um_00149_00238-1,
s_008um_00328_00605-1,
s_008um_00621_00200-1,
s_008um_00407_00386-1,
s_008um_00523_00212-1,
s_008um_00377_00372-1,
s_008um_00679_00422-1,
s_008um_00613_00210-1,
s_008um_00348_00390-1,
s_008um_00155_00408-1,
s_008um_00422_00382-1,
s_008um_00328_00608-1,
s_008um_00309_00212-1,
s_008um_00615_00608-1,
s_008um_00581_00380-1,
s_008um_00291_00377-1,
s_008um_00651_00413-1,
s_008um_00648_00608-1,
s_008um_00661_00408-1,
s_008um_00629_00211-1,
s_008um_00582_00192-1,
s_008um_00635_00609-1,
s_008um_00557_00205-1,
s_008um_00542_00213-1,
s_008um_00627_00229-1,
s_008um_00603_00416-1,
s_008um_00574_00417-1,
s_008um_00338_00373-1,
s_008um_00664_00407-1,
s_008um_00422_00209-1,CS2
s_008um_00307_00377-1,
s_008um_00197_00390-1,
s_008um_00491_00215-1,
s_008um_00260_00217-1,
s_008um_00636_00395-1,
s_008um_00713_00419-1,
s_008um_00577_00378-1,
s_008um_00631_00611-1,
s_008um_00538_00217-1,
s_008um_00355_00600-1,
s_008um_00126_00228-1,
s_008um_00606_00608-1,
s_008um_00524_00384-1,
s_008um_00474_00587-1,
s_008um_00701_00410-1,
s_008um_00579_00412-1,
s_008um_00624_00598-1,
s_008um_00392_00378-1,
s_008um_00129_00228-1,
s_008um_00398_00370-1,
s_008um_00412_00391-1,
s_008um_00296_00382-1,
s_008um_00510_00385-1,
s_008um_00357_00389-1,
s_008um_00690_00620-1,
s_008um_00192_00231-1,
s_008um_00574_00204-1,
s_008um_00652_00414-1,
s_008um_00664_00609-1,
s_008um_00431_00394-1,
s_008um_00493_00386-1,
s_008um_00421_00215-1,CS2
s_008um_00339_00371-1,
s_008um_00656_00620-1,
s_008um_00441_00209-1,CS2
s_008um_00712_00207-1,
s_008um_00256_00383-1,
s_008um_00174_00408-1,
s_008um_00608_00224-1,
s_008um_00297_00603-1,
s_008um_00571_00193-1,
s_008um_00295_00610-1,
s_008um_00463_00603-1,
s_008um_00626_00624-1,
s_008um_00442_00213-1,CS2
s_008um_00605_00597-1,
s_008um_00536_00372-1,
s_008um_00595_00202-1,
s_008um_00373_00389-1,
s_008um_00613_00618-1,
s_008um_00269_00214-1,
s_008um_00456_00221-1,CS2
s_008um_00465_00604-1,
s_008um_00655_00407-1,
s_008um_00308_00381-1,
s_008um_00548_00368-1,
s_008um_00606_00610-1,
s_008um_00708_00616-1,
s_008um_00700_00205-1,
s_008um_00315_00210-1,
s_008um_00548_00390-1,
s_008um_00602_00599-1,
s_008um_00218_00400-1,
s_008um_00595_00196-1,
s_008um_00692_00608-1,
s_008um_00456_00598-1,
s_008um_00504_00200-1,
s_008um_00333_00608-1,
s_008um_00414_00218-1,
s_008um_00217_00212-1,
s_008um_00125_00239-1,
s_008um_00236_00396-1,
s_008um_00442_00380-1,
s_008um_00660_00411-1,
s_008um_00168_00407-1,
s_008um_00600_00610-1,
s_008um_00404_00213-1,
s_008um_00564_00219-1,
s_008um_00471_00388-1,
s_008um_00639_00393-1,
s_008um_00636_00623-1,
s_008um_00230_00226-1,
s_008um_00667_00613-1,
s_008um_00233_00599-1,
s_008um_00120_00240-1,
s_008um_00630_00596-1,
s_008um_00530_00211-1,
s_008um_00586_00205-1,
s_008um_00163_00406-1,
s_008um_00663_00412-1,
s_008um_00526_00211-1,
s_008um_00709_00607-1,
s_008um_00505_00602-1,
s_008um_00691_00602-1,
s_008um_00602_00214-1,
s_008um_00482_00202-1,
s_008um_00535_00196-1,
s_008um_00643_00211-1,
s_008um_00249_00385-1,
s_008um_00135_00227-1,
s_008um_00536_00195-1,
s_008um_00514_00597-1,
s_008um_00527_00198-1,
s_008um_00250_00389-1,
s_008um_00706_00616-1,
s_008um_00605_00410-1,
s_008um_00632_00195-1,
s_008um_00266_00368-1,
s_008um_00525_00593-1,
s_008um_00403_00391-1,
s_008um_00583_00610-1,
s_008um_00566_00219-1,
s_008um_00502_00208-1,
s_008um_00623_00414-1,
s_008um_00421_00381-1,
s_008um_00640_00399-1,
s_008um_00671_00221-1,
s_008um_00351_00208-1,
s_008um_00627_00613-1,
s_008um_00628_00599-1,
s_008um_00390_00604-1,
s_008um_00712_00413-1,
s_008um_00331_00208-1,
s_008um_00439_00384-1,
s_008um_00598_00599-1,
s_008um_00236_00382-1,
s_008um_00533_00596-1,
s_008um_00581_00390-1,
s_008um_00588_00217-1,
s_008um_00468_00208-1,
s_008um_00639_00596-1,
s_008um_00617_00203-1,
s_008um_00314_00605-1,
s_008um_00633_00601-1,
s_008um_00686_00210-1,
s_008um_00589_00415-1,
s_008um_00317_00610-1,
s_008um_00258_00222-1,
s_008um_00667_00408-1,
s_008um_00525_00596-1,
s_008um_00665_00404-1,
s_008um_00304_00609-1,
s_008um_00566_00193-1,
s_008um_00700_00204-1,
s_008um_00510_00604-1,
s_008um_00640_00398-1,
s_008um_00527_00385-1,
s_008um_00430_00606-1,
s_008um_00437_00602-1,
s_008um_00690_00421-1,
s_008um_00238_00397-1,
s_008um_00587_00412-1,
s_008um_00461_00378-1,
s_008um_00355_00609-1,
s_008um_00305_00604-1,
s_008um_00346_00382-1,
s_008um_00542_00603-1,
s_008um_00453_00214-1,CS2
s_008um_00345_00384-1,
s_008um_00123_00235-1,
s_008um_00336_00604-1,
s_008um_00357_00374-1,
s_008um_00629_00599-1,
s_008um_00220_00390-1,
s_008um_00651_00221-1,
s_008um_00378_00606-1,
s_008um_00286_00374-1,
s_008um_00644_00211-1,
s_008um_00313_00384-1,
s_008um_00669_00220-1,
s_008um_00201_00396-1,
s_008um_00536_00592-1,
s_008um_00681_00610-1,
s_008um_00366_00213-1,
s_008um_00187_00232-1,
s_008um_00593_00216-1,
s_008um_00447_00594-1,
s_008um_00463_00219-1,CS2
s_008um_00492_00391-1,
s_008um_00706_00612-1,
s_008um_00280_00221-1,
s_008um_00458_00376-1,
s_008um_00411_00606-1,
s_008um_00535_00210-1,
s_008um_00248_00384-1,
s_008um_00601_00614-1,
s_008um_00349_00368-1,
s_008um_00598_00607-1,
s_008um_00184_00223-1,
s_008um_00555_00215-1,
s_008um_00452_00381-1,
s_008um_00585_00208-1,
s_008um_00274_00372-1,
s_008um_00617_00611-1,
s_008um_00666_00205-1,
s_008um_00614_00223-1,
s_008um_00253_00225-1,
s_008um_00648_00618-1,
s_008um_00585_00391-1,
s_008um_00685_00207-1,
s_008um_00537_00595-1,
s_008um_00564_00386-1,
s_008um_00583_00201-1,
s_008um_00550_00369-1,
s_008um_00694_00418-1,
s_008um_00110_00239-1,
s_008um_00370_00209-1,
s_008um_00623_00206-1,
s_008um_00351_00611-1,
s_008um_00117_00242-1,
s_008um_00666_00206-1,
s_008um_00708_00619-1,
s_008um_00456_00379-1,
s_008um_00601_00192-1,
s_008um_00623_00415-1,
s_008um_00378_00373-1,
s_008um_00611_00619-1,
s_008um_00634_00413-1,
s_008um_00676_00605-1,
s_008um_00117_00230-1,
s_008um_00310_00391-1,
s_008um_00224_00381-1,
s_008um_00536_00382-1,
s_008um_00602_00622-1,
s_008um_00392_00609-1,
s_008um_00326_00610-1,
s_008um_00446_00382-1,
s_008um_00566_00600-1,
s_008um_00518_00379-1,
s_008um_00523_00386-1,
s_008um_00688_00204-1,
s_008um_00673_00620-1,
s_008um_00554_00210-1,
s_008um_00333_00204-1,
s_008um_00649_00397-1,
s_008um_00294_00390-1,
s_008um_00495_00380-1,
s_008um_00678_00418-1,
s_008um_00608_00209-1,
s_008um_00655_00597-1,
s_008um_00618_00618-1,
s_008um_00433_00600-1,
s_008um_00241_00597-1,
s_008um_00593_00417-1,
s_008um_00710_00607-1,
s_008um_00541_00380-1,
s_008um_00242_00220-1,
s_008um_00616_00227-1,
s_008um_00628_00225-1,
s_008um_00250_00607-1,
s_008um_00292_00368-1,
s_008um_00551_00603-1,
s_008um_00551_00599-1,
s_008um_00674_00620-1,
s_008um_00638_00221-1,
s_008um_00262_00609-1,
s_008um_00645_00606-1,
s_008um_00393_00601-1,
s_008um_00534_00380-1,
s_008um_00586_00382-1,
s_008um_00632_00408-1,
s_008um_00621_00222-1,
s_008um_00195_00392-1,
s_008um_00221_00399-1,
s_008um_00519_00216-1,
s_008um_00539_00374-1,
s_008um_00641_00602-1,
s_008um_00644_00406-1,
s_008um_00416_00609-1,
s_008um_00523_00208-1,
s_008um_00600_00621-1,
s_008um_00584_00377-1,
s_008um_00280_00601-1,
s_008um_00619_00412-1,
s_008um_00251_00219-1,
s_008um_00145_00231-1,
s_008um_00465_00384-1,
s_008um_00541_00387-1,
s_008um_00192_00398-1,
s_008um_00434_00375-1,
s_008um_00473_00595-1,
s_008um_00581_00613-1,
s_008um_00110_00233-1,
s_008um_00510_00208-1,
s_008um_00444_00214-1,CS2
s_008um_00245_00217-1,
s_008um_00228_00594-1,
s_008um_00309_00600-1,
s_008um_00182_00237-1,
s_008um_00515_00204-1,
s_008um_00611_00608-1,
s_008um_00242_00374-1,
s_008um_00527_00213-1,
s_008um_00703_00619-1,
s_008um_00239_00221-1,
s_008um_00454_00381-1,
s_008um_00332_00378-1,
s_008um_00604_00414-1,
s_008um_00463_00218-1,CS2
s_008um_00213_00224-1,
s_008um_00645_00599-1,
s_008um_00642_00207-1,
s_008um_00435_00206-1,CS2
s_008um_00393_00385-1,
s_008um_00495_00600-1,
s_008um_00221_00217-1,
s_008um_00499_00198-1,
s_008um_00667_00601-1,
s_008um_00567_00216-1,
s_008um_00637_00396-1,
s_008um_00501_00375-1,
s_008um_00684_00409-1,
s_008um_00514_00591-1,
s_008um_00428_00375-1,
s_008um_00497_00601-1,
s_008um_00558_00607-1,
s_008um_00262_00370-1,
s_008um_00301_00377-1,
s_008um_00592_00217-1,
s_008um_00546_00218-1,
s_008um_00644_00399-1,
s_008um_00554_00375-1,
s_008um_00391_00382-1,
s_008um_00637_00599-1,
s_008um_00666_00416-1,
s_008um_00679_00202-1,
s_008um_00535_00388-1,
s_008um_00689_00213-1,
s_008um_00540_00207-1,
s_008um_00488_00206-1,
s_008um_00333_00368-1,
s_008um_00494_00383-1,
s_008um_00147_00243-1,
s_008um_00534_00602-1,
s_008um_00604_00194-1,
s_008um_00383_00217-1,
s_008um_00634_00227-1,
s_008um_00545_00371-1,
s_008um_00687_00614-1,
s_008um_00287_00367-1,
s_008um_00516_00387-1,
s_008um_00416_00378-1,
s_008um_00133_00243-1,
s_008um_00437_00218-1,CS2
s_008um_00509_00387-1,
s_008um_00605_00223-1,
s_008um_00200_00391-1,
s_008um_00672_00605-1,
s_008um_00589_00193-1,
s_008um_00280_00223-1,
s_008um_00277_00224-1,
s_008um_00371_00374-1,
s_008um_00373_00611-1,
s_008um_00229_00396-1,
s_008um_00526_00386-1,
s_008um_00688_00216-1,
s_008um_00665_00406-1,
s_008um_00217_00219-1,
s_008um_00529_00606-1,
s_008um_00217_00379-1,
s_008um_00343_00209-1,
s_008um_00425_00387-1,
s_008um_00393_00218-1,
s_008um_00297_00379-1,
s_008um_00311_00372-1,
s_008um_00293_00606-1,
s_008um_00650_00222-1,
s_008um_00367_00599-1,
s_008um_00493_00204-1,
s_008um_00496_00392-1,
s_008um_00459_00376-1,
s_008um_00265_00213-1,
s_008um_00560_00601-1,
s_008um_00384_00217-1,
s_008um_00652_00418-1,
s_008um_00650_00411-1,
s_008um_00596_00622-1,
s_008um_00615_00212-1,
s_008um_00184_00230-1,
s_008um_00603_00216-1,
s_008um_00528_00370-1,
s_008um_00564_00601-1,
s_008um_00639_00229-1,
s_008um_00412_00606-1,
s_008um_00327_00381-1,
s_008um_00379_00378-1,
s_008um_00544_00385-1,
s_008um_00585_00620-1,
s_008um_00244_00599-1,
s_008um_00709_00411-1,
s_008um_00559_00613-1,
s_008um_00542_00606-1,
s_008um_00463_00387-1,
s_008um_00284_00384-1,
s_008um_00479_00386-1,
s_008um_00470_00386-1,
s_008um_00460_00592-1,
s_008um_00680_00203-1,
s_008um_00333_00599-1,
s_008um_00544_00375-1,
s_008um_00207_00387-1,
s_008um_00191_00405-1,
s_008um_00530_00592-1,
s_008um_00589_00219-1,
s_008um_00641_00216-1,
s_008um_00691_00599-1,
s_008um_00263_00223-1,
s_008um_00475_00205-1,
s_008um_00689_00206-1,
s_008um_00590_00619-1,
s_008um_00177_00227-1,
s_008um_00580_00386-1,
s_008um_00350_00382-1,
s_008um_00529_00375-1,
s_008um_00342_00599-1,
s_008um_00265_00388-1,
s_008um_00586_00396-1,
s_008um_00539_00393-1,
s_008um_00377_00599-1,
s_008um_00708_00610-1,
s_008um_00480_00600-1,
s_008um_00342_00368-1,
s_008um_00270_00387-1,
s_008um_00661_00602-1,
s_008um_00550_00612-1,
s_008um_00676_00613-1,
s_008um_00528_00201-1,
s_008um_00163_00409-1,
s_008um_00652_00612-1,
s_008um_00227_00387-1,
s_008um_00509_00375-1,
s_008um_00309_00385-1,
s_008um_00452_00602-1,
s_008um_00443_00202-1,
s_008um_00633_00201-1,
s_008um_00495_00599-1,
s_008um_00684_00610-1,
s_008um_00591_00394-1,
s_008um_00437_00203-1,CS2
s_008um_00497_00198-1,
s_008um_00538_00612-1,
s_008um_00271_00373-1,
s_008um_00645_00422-1,
s_008um_00588_00191-1,
s_008um_00412_00597-1,
s_008um_00713_00618-1,
s_008um_00242_00601-1,
s_008um_00579_00212-1,
s_008um_00582_00392-1,
s_008um_00365_00615-1,
s_008um_00306_00210-1,
s_008um_00365_00372-1,
s_008um_00266_00387-1,
s_008um_00451_00604-1,
s_008um_00596_00216-1,
s_008um_00610_00597-1,
s_008um_00481_00599-1,
s_008um_00600_00395-1,
s_008um_00629_00414-1,
s_008um_00589_00622-1,
s_008um_00392_00600-1,
s_008um_00252_00604-1,
s_008um_00181_00232-1,
s_008um_00528_00604-1,
s_008um_00381_00605-1,
s_008um_00405_00602-1,
s_008um_00494_00199-1,
s_008um_00365_00395-1,
s_008um_00634_00598-1,
s_008um_00398_00603-1,
s_008um_00379_00374-1,
s_008um_00296_00602-1,
s_008um_00296_00609-1,
s_008um_00271_00378-1,
s_008um_00472_00588-1,
s_008um_00266_00214-1,
s_008um_00634_00621-1,
s_008um_00116_00225-1,
s_008um_00310_00213-1,
s_008um_00455_00602-1,
s_008um_00289_00209-1,
s_008um_00365_00211-1,
s_008um_00657_00596-1,
s_008um_00276_00376-1,
s_008um_00519_00370-1,
s_008um_00514_00602-1,
s_008um_00495_00596-1,
s_008um_00417_00605-1,
s_008um_00473_00210-1,
s_008um_00498_00374-1,
s_008um_00618_00409-1,
s_008um_00625_00211-1,
s_008um_00389_00609-1,
s_008um_00601_00415-1,
s_008um_00522_00372-1,
s_008um_00245_00391-1,
s_008um_00646_00226-1,
s_008um_00695_00607-1,
s_008um_00378_00395-1,
s_008um_00289_00216-1,
s_008um_00527_00378-1,
s_008um_00492_00597-1,
s_008um_00294_00215-1,
s_008um_00646_00217-1,
s_008um_00150_00231-1,
s_008um_00219_00388-1,
s_008um_00357_00210-1,
s_008um_00337_00598-1,
s_008um_00523_00604-1,
s_008um_00366_00599-1,
s_008um_00556_00601-1,
s_008um_00463_00590-1,
s_008um_00250_00383-1,
s_008um_00552_00205-1,
s_008um_00378_00217-1,
s_008um_00330_00383-1,
s_008um_00391_00388-1,
s_008um_00258_00218-1,
s_008um_00649_00213-1,
s_008um_00143_00234-1,
s_008um_00371_00613-1,
s_008um_00399_00604-1,
s_008um_00478_00216-1,
s_008um_00334_00384-1,
s_008um_00431_00215-1,CS2
s_008um_00143_00230-1,
s_008um_00701_00411-1,
s_008um_00292_00213-1,
s_008um_00266_00379-1,
s_008um_00547_00391-1,
s_008um_00583_00382-1,
s_008um_00242_00396-1,
s_008um_00686_00599-1,
s_008um_00634_00614-1,
s_008um_00594_00191-1,
s_008um_00444_00385-1,
s_008um_00304_00611-1,
s_008um_00624_00411-1,
s_008um_00425_00597-1,
s_008um_00678_00203-1,
s_008um_00537_00371-1,
s_008um_00349_00378-1,
s_008um_00351_00598-1,
s_008um_00533_00369-1,
s_008um_00625_00614-1,
s_008um_00452_00605-1,
s_008um_00279_00390-1,
s_008um_00315_00213-1,
s_008um_00634_00223-1,
s_008um_00407_00390-1,
s_008um_00283_00388-1,
s_008um_00635_00226-1,
s_008um_00365_00386-1,
s_008um_00639_00232-1,
s_008um_00594_00196-1,
s_008um_00663_00405-1,
s_008um_00297_00377-1,
s_008um_00205_00218-1,
s_008um_00478_00393-1,
s_008um_00215_00383-1,
s_008um_00488_00394-1,
s_008um_00536_00611-1,
s_008um_00316_00385-1,
s_008um_00660_00621-1,
s_008um_00548_00196-1,
s_008um_00367_00387-1,
s_008um_00482_00205-1,
s_008um_00546_00201-1,
s_008um_00654_00207-1,
s_008um_00515_00373-1,
s_008um_00313_00379-1,
s_008um_00653_00603-1,
s_008um_00231_00389-1,
s_008um_00631_00218-1,
s_008um_00317_00601-1,
s_008um_00297_00605-1,
s_008um_00297_00368-1,
s_008um_00536_00211-1,
s_008um_00550_00201-1,
s_008um_00653_00409-1,
s_008um_00360_00615-1,
s_008um_00685_00618-1,
s_008um_00345_00388-1,
s_008um_00547_00375-1,
s_008um_00511_00205-1,
s_008um_00632_00225-1,
s_008um_00334_00212-1,
s_008um_00480_00205-1,
s_008um_00661_00229-1,
s_008um_00369_00390-1,
s_008um_00211_00399-1,
s_008um_00639_00617-1,
s_008um_00259_00381-1,
s_008um_00370_00393-1,
s_008um_00221_00219-1,
s_008um_00659_00212-1,
s_008um_00630_00408-1,
s_008um_00623_00595-1,
s_008um_00312_00380-1,
s_008um_00647_00407-1,
s_008um_00513_00385-1,
s_008um_00389_00599-1,
s_008um_00381_00370-1,
s_008um_00608_00618-1,
s_008um_00202_00220-1,
s_008um_00516_00200-1,
s_008um_00402_00219-1,
s_008um_00325_00385-1,
s_008um_00646_00419-1,
s_008um_00187_00234-1,
s_008um_00386_00600-1,
s_008um_00672_00211-1,
s_008um_00592_00417-1,
s_008um_00232_00596-1,
s_008um_00534_00203-1,
s_008um_00139_00227-1,
s_008um_00657_00613-1,
s_008um_00228_00386-1,
s_008um_00221_00398-1,
s_008um_00635_00214-1,
s_008um_00340_00600-1,
s_008um_00629_00189-1,
s_008um_00593_00200-1,
s_008um_00535_00393-1,
s_008um_00489_00391-1,
s_008um_00622_00209-1,
s_008um_00462_00605-1,
s_008um_00582_00377-1,
s_008um_00668_00611-1,
s_008um_00693_00208-1,
s_008um_00532_00381-1,
s_008um_00445_00392-1,
s_008um_00394_00378-1,
s_008um_00269_00224-1,
s_008um_00657_00405-1,
s_008um_00425_00596-1,
s_008um_00647_00413-1,
s_008um_00373_00373-1,
s_008um_00665_00224-1,
s_008um_00583_00203-1,
s_008um_00544_00195-1,
s_008um_00666_00617-1,
s_008um_00574_00389-1,
s_008um_00587_00197-1,
s_008um_00300_00208-1,
s_008um_00423_00608-1,
s_008um_00320_00382-1,
s_008um_00647_00208-1,
s_008um_00514_00206-1,
s_008um_00613_00221-1,
s_008um_00449_00384-1,
s_008um_00586_00192-1,
s_008um_00392_00389-1,
s_008um_00497_00385-1,
s_008um_00561_00200-1,
s_008um_00578_00607-1,
s_008um_00625_00617-1,
s_008um_00550_00384-1,
s_008um_00448_00594-1,
s_008um_00525_00205-1,
s_008um_00585_00214-1,
s_008um_00300_00216-1,
s_008um_00301_00368-1,
s_008um_00440_00206-1,CS2
s_008um_00598_00610-1,
s_008um_00575_00218-1,
s_008um_00384_00613-1,
s_008um_00448_00379-1,
s_008um_00183_00226-1,
s_008um_00485_00214-1,
s_008um_00579_00196-1,
s_008um_00475_00591-1,
s_008um_00413_00600-1,
s_008um_00383_00385-1,
s_008um_00592_00377-1,
s_008um_00619_00207-1,
s_008um_00589_00607-1,
s_008um_00298_00601-1,
s_008um_00594_00209-1,
s_008um_00238_00223-1,
s_008um_00570_00382-1,
s_008um_00372_00613-1,
s_008um_00507_00205-1,
s_008um_00668_00224-1,
s_008um_00583_00601-1,
s_008um_00478_00592-1,
s_008um_00432_00389-1,
s_008um_00666_00618-1,
s_008um_00618_00214-1,
s_008um_00595_00613-1,
s_008um_00612_00608-1,
s_008um_00520_00206-1,
s_008um_00457_00377-1,
s_008um_00645_00399-1,
s_008um_00593_00191-1,
s_008um_00415_00212-1,
s_008um_00483_00200-1,
s_008um_00530_00377-1,
s_008um_00465_00597-1,
s_008um_00646_00222-1,
s_008um_00513_00205-1,
s_008um_00408_00603-1,
s_008um_00715_00413-1,
s_008um_00578_00380-1,
s_008um_00584_00613-1,
s_008um_00501_00376-1,
s_008um_00229_00382-1,
s_008um_00128_00252-1,
s_008um_00310_00215-1,
s_008um_00135_00231-1,
s_008um_00662_00218-1,
s_008um_00481_00597-1,
s_008um_00669_00611-1,
s_008um_00405_00216-1,
s_008um_00146_00236-1,
s_008um_00686_00603-1,
s_008um_00387_00377-1,
s_008um_00696_00607-1,
s_008um_00698_00603-1,
s_008um_00547_00607-1,
s_008um_00470_00391-1,
s_008um_00694_00413-1,
s_008um_00376_00609-1,
s_008um_00585_00192-1,
s_008um_00503_00595-1,
s_008um_00637_00399-1,
s_008um_00652_00227-1,
s_008um_00597_00412-1,
s_008um_00292_00371-1,
s_008um_00336_00209-1,
s_008um_00621_00595-1,
s_008um_00229_00222-1,
s_008um_00691_00600-1,
s_008um_00437_00208-1,CS2
s_008um_00326_00390-1,
s_008um_00593_00416-1,
s_008um_00501_00596-1,
s_008um_00511_00213-1,
s_008um_00351_00608-1,
s_008um_00392_00607-1,
s_008um_00325_00607-1,
s_008um_00680_00599-1,
s_008um_00107_00235-1,
s_008um_00513_00201-1,
s_008um_00192_00226-1,
s_008um_00307_00603-1,
s_008um_00637_00232-1,
s_008um_00337_00370-1,
s_008um_00417_00390-1,
s_008um_00518_00376-1,
s_008um_00331_00204-1,
s_008um_00569_00211-1,
s_008um_00547_00613-1,
s_008um_00448_00387-1,
s_008um_00669_00407-1,
s_008um_00267_00596-1,
s_008um_00162_00240-1,
s_008um_00680_00205-1,
s_008um_00610_00211-1,
s_008um_00163_00240-1,
s_008um_00261_00384-1,
s_008um_00599_00221-1,
s_008um_00388_00379-1,
s_008um_00345_00602-1,
s_008um_00195_00400-1,
s_008um_00609_00617-1,
s_008um_00466_00388-1,
s_008um_00329_00385-1,
s_008um_00328_00381-1,
s_008um_00595_00216-1,
s_008um_00462_00381-1,
s_008um_00668_00608-1,
s_008um_00226_00377-1,
s_008um_00416_00385-1,
s_008um_00540_00608-1,
s_008um_00328_00601-1,
s_008um_00538_00372-1,
s_008um_00203_00224-1,
s_008um_00527_00393-1,
s_008um_00489_00393-1,
s_008um_00412_00607-1,
s_008um_00400_00385-1,
s_008um_00705_00614-1,
s_008um_00607_00620-1,
s_008um_00493_00601-1,
s_008um_00577_00616-1,
s_008um_00465_00208-1,
s_008um_00659_00618-1,
s_008um_00278_00366-1,
s_008um_00245_00392-1,
s_008um_00537_00202-1,
s_008um_00611_00414-1,
s_008um_00525_00387-1,
s_008um_00236_00599-1,
s_008um_00589_00606-1,
s_008um_00575_00198-1,
s_008um_00120_00238-1,
s_008um_00240_00600-1,
s_008um_00486_00385-1,
s_008um_00644_00400-1,
s_008um_00635_00408-1,
s_008um_00290_00386-1,
s_008um_00568_00201-1,
s_008um_00131_00232-1,
s_008um_00200_00222-1,
s_008um_00452_00393-1,
s_008um_00361_00383-1,
s_008um_00518_00208-1,
s_008um_00388_00601-1,
s_008um_00285_00381-1,
s_008um_00345_00613-1,
s_008um_00157_00247-1,
s_008um_00391_00603-1,
s_008um_00125_00228-1,
s_008um_00512_00607-1,
s_008um_00561_00215-1,
s_008um_00548_00600-1,
s_008um_00525_00598-1,
s_008um_00430_00379-1,
s_008um_00377_00602-1,
s_008um_00687_00418-1,
s_008um_00500_00376-1,
s_008um_00304_00602-1,
s_008um_00192_00228-1,
s_008um_00609_00199-1,
s_008um_00240_00219-1,
s_008um_00277_00609-1,
s_008um_00399_00611-1,
s_008um_00252_00377-1,
s_008um_00617_00392-1,
s_008um_00397_00211-1,
s_008um_00301_00610-1,
s_008um_00259_00371-1,
s_008um_00376_00393-1,
s_008um_00591_00204-1,
s_008um_00630_00401-1,
s_008um_00576_00383-1,
s_008um_00275_00215-1,
s_008um_00133_00239-1,
s_008um_00430_00594-1,
s_008um_00273_00601-1,
s_008um_00446_00392-1,
s_008um_00384_00610-1,
s_008um_00575_00612-1,
s_008um_00119_00249-1,
s_008um_00507_00201-1,
s_008um_00361_00598-1,
s_008um_00372_00208-1,
s_008um_00263_00373-1,
s_008um_00624_00408-1,
s_008um_00189_00224-1,
s_008um_00327_00368-1,
s_008um_00505_00390-1,
s_008um_00387_00605-1,
s_008um_00509_00377-1,
s_008um_00468_00593-1,
s_008um_00591_00212-1,
s_008um_00598_00220-1,
s_008um_00299_00608-1,
s_008um_00384_00369-1,
s_008um_00508_00381-1,
s_008um_00234_00385-1,
s_008um_00617_00598-1,
s_008um_00500_00589-1,
s_008um_00216_00223-1,
s_008um_00407_00379-1,
s_008um_00342_00604-1,
s_008um_00228_00395-1,
s_008um_00633_00199-1,
s_008um_00277_00377-1,
s_008um_00588_00391-1,
s_008um_00327_00613-1,
s_008um_00591_00604-1,
s_008um_00525_00211-1,
s_008um_00230_00379-1,
s_008um_00520_00597-1,
s_008um_00309_00374-1,
s_008um_00637_00597-1,
s_008um_00495_00202-1,
s_008um_00258_00382-1,
s_008um_00297_00378-1,
s_008um_00409_00603-1,
s_008um_00669_00614-1,
s_008um_00444_00216-1,CS2
s_008um_00417_00209-1,CS2
s_008um_00616_00403-1,
s_008um_00199_00402-1,
s_008um_00334_00383-1,
s_008um_00235_00377-1,
s_008um_00515_00598-1,
s_008um_00224_00392-1,
s_008um_00402_00607-1,
s_008um_00519_00373-1,
s_008um_00334_00369-1,
s_008um_00375_00605-1,
s_008um_00569_00381-1,
s_008um_00532_00384-1,
s_008um_00607_00412-1,
s_008um_00420_00378-1,
s_008um_00526_00385-1,
s_008um_00670_00209-1,
s_008um_00388_00602-1,
s_008um_00239_00598-1,
s_008um_00409_00376-1,
s_008um_00458_00216-1,CS2
s_008um_00195_00397-1,
s_008um_00603_00394-1,
s_008um_00609_00602-1,
s_008um_00303_00375-1,
s_008um_00224_00222-1,
s_008um_00509_00379-1,
s_008um_00659_00595-1,
s_008um_00682_00205-1,
s_008um_00412_00384-1,
s_008um_00556_00611-1,
s_008um_00687_00212-1,
s_008um_00436_00206-1,CS2
s_008um_00434_00384-1,
s_008um_00606_00599-1,
s_008um_00161_00239-1,
s_008um_00442_00386-1,
s_008um_00352_00388-1,
s_008um_00578_00418-1,
s_008um_00642_00414-1,
s_008um_00643_00215-1,
s_008um_00658_00616-1,
s_008um_00210_00218-1,
s_008um_00238_00383-1,
s_008um_00265_00214-1,
s_008um_00718_00612-1,
s_008um_00202_00219-1,
s_008um_00295_00611-1,
s_008um_00244_00377-1,
s_008um_00686_00602-1,
s_008um_00524_00389-1,
s_008um_00594_00393-1,
s_008um_00680_00423-1,
s_008um_00499_00390-1,
s_008um_00411_00215-1,
s_008um_00656_00617-1,
s_008um_00341_00368-1,
s_008um_00716_00607-1,
s_008um_00590_00413-1,
s_008um_00239_00217-1,
s_008um_00203_00389-1,
s_008um_00585_00607-1,
s_008um_00277_00367-1,
s_008um_00328_00603-1,
s_008um_00590_00607-1,
s_008um_00486_00393-1,
s_008um_00456_00392-1,
s_008um_00630_00217-1,
s_008um_00672_00607-1,
s_008um_00275_00220-1,
s_008um_00559_00376-1,
s_008um_00252_00606-1,
s_008um_00327_00379-1,
s_008um_00643_00403-1,
s_008um_00244_00395-1,
s_008um_00259_00379-1,
s_008um_00235_00390-1,
s_008um_00653_00224-1,
s_008um_00367_00610-1,
s_008um_00408_00213-1,
s_008um_00156_00408-1,
s_008um_00404_00390-1,
s_008um_00644_00614-1,
s_008um_00442_00375-1,
s_008um_00656_00604-1,
s_008um_00321_00213-1,
s_008um_00529_00203-1,
s_008um_00714_00616-1,
s_008um_00598_00224-1,
s_008um_00256_00386-1,
s_008um_00294_00608-1,
s_008um_00398_00392-1,
s_008um_00509_00605-1,
s_008um_00296_00385-1,
s_008um_00441_00377-1,
s_008um_00583_00381-1,
s_008um_00497_00595-1,
s_008um_00219_00219-1,
s_008um_00603_00604-1,
s_008um_00618_00230-1,
s_008um_00464_00391-1,
s_008um_00169_00403-1,
s_008um_00602_00201-1,
s_008um_00527_00372-1,
s_008um_00376_00391-1,
s_008um_00242_00391-1,
s_008um_00504_00373-1,
s_008um_00693_00604-1,
s_008um_00331_00606-1,
s_008um_00593_00386-1,
s_008um_00668_00209-1,
s_008um_00445_00374-1,
s_008um_00505_00605-1,
s_008um_00614_00225-1,
s_008um_00565_00390-1,
s_008um_00382_00374-1,
s_008um_00122_00249-1,
s_008um_00473_00393-1,
s_008um_00579_00379-1,
s_008um_00618_00613-1,
s_008um_00249_00370-1,
s_008um_00303_00212-1,
s_008um_00517_00594-1,
s_008um_00484_00392-1,
s_008um_00602_00219-1,
s_008um_00394_00383-1,
s_008um_00452_00606-1,
s_008um_00624_00215-1,
s_008um_00678_00205-1,
s_008um_00457_00385-1,
s_008um_00356_00384-1,
s_008um_00640_00216-1,
s_008um_00626_00620-1,
s_008um_00627_00602-1,
s_008um_00644_00410-1,
s_008um_00236_00390-1,
s_008um_00618_00219-1,
s_008um_00561_00607-1,
s_008um_00526_00607-1,
s_008um_00640_00405-1,
s_008um_00154_00408-1,
s_008um_00306_00384-1,
s_008um_00281_00366-1,
s_008um_00661_00597-1,
s_008um_00552_00196-1,
s_008um_00278_00371-1,
s_008um_00380_00608-1,
s_008um_00450_00380-1,
s_008um_00539_00608-1,
s_008um_00130_00251-1,
s_008um_00599_00417-1,
s_008um_00697_00420-1,
s_008um_00156_00227-1,
s_008um_00421_00379-1,
s_008um_00313_00610-1,
s_008um_00639_00409-1,
s_008um_00195_00220-1,
s_008um_00435_00382-1,
s_008um_00473_00383-1,
s_008um_00586_00392-1,
s_008um_00431_00201-1,
s_008um_00683_00216-1,
s_008um_00276_00379-1,
s_008um_00136_00238-1,
s_008um_00493_00598-1,
s_008um_00695_00601-1,
s_008um_00711_00620-1,
s_008um_00548_00593-1,
s_008um_00404_00385-1,
s_008um_00642_00406-1,
s_008um_00606_00197-1,
s_008um_00413_00373-1,
s_008um_00641_00620-1,
s_008um_00447_00381-1,
s_008um_00645_00396-1,
s_008um_00170_00234-1,
s_008um_00232_00587-1,
s_008um_00535_00384-1,
s_008um_00282_00369-1,
s_008um_00356_00609-1,
s_008um_00664_00606-1,
s_008um_00527_00371-1,
s_008um_00693_00202-1,
s_008um_00325_00212-1,
s_008um_00538_00213-1,
s_008um_00234_00604-1,
s_008um_00438_00375-1,
s_008um_00537_00605-1,
s_008um_00572_00193-1,
s_008um_00521_00598-1,
s_008um_00699_00612-1,
s_008um_00632_00412-1,
s_008um_00233_00385-1,
s_008um_00323_00206-1,
s_008um_00587_00388-1,
s_008um_00439_00211-1,CS2
s_008um_00240_00593-1,
s_008um_00552_00391-1,
s_008um_00113_00232-1,
s_008um_00488_00600-1,
s_008um_00312_00374-1,
s_008um_00326_00369-1,
s_008um_00568_00607-1,
s_008um_00237_00399-1,
s_008um_00317_00206-1,
s_008um_00627_00617-1,
s_008um_00629_00600-1,
s_008um_00316_00598-1,
s_008um_00589_00205-1,
s_008um_00686_00411-1,
s_008um_00625_00604-1,
s_008um_00659_00215-1,
s_008um_00442_00218-1,CS2
s_008um_00252_00390-1,
s_008um_00555_00386-1,
s_008um_00456_00375-1,
s_008um_00306_00386-1,
s_008um_00323_00204-1,
s_008um_00589_00610-1,
s_008um_00671_00417-1,
s_008um_00237_00387-1,
s_008um_00438_00603-1,
s_008um_00638_00412-1,
s_008um_00628_00191-1,
s_008um_00627_00603-1,
s_008um_00339_00609-1,
s_008um_00342_00597-1,
s_008um_00182_00232-1,
s_008um_00695_00421-1,
s_008um_00570_00221-1,
s_008um_00512_00597-1,
s_008um_00156_00228-1,
s_008um_00189_00232-1,
s_008um_00401_00602-1,
s_008um_00591_00603-1,
s_008um_00257_00371-1,
s_008um_00678_00215-1,
s_008um_00611_00207-1,
s_008um_00274_00600-1,
s_008um_00684_00617-1,
s_008um_00533_00600-1,
s_008um_00509_00598-1,
s_008um_00630_00614-1,
s_008um_00373_00382-1,
s_008um_00167_00403-1,
s_008um_00448_00204-1,
s_008um_00545_00197-1,
s_008um_00591_00606-1,
s_008um_00324_00600-1,
s_008um_00212_00395-1,
s_008um_00374_00370-1,
s_008um_00543_00198-1,
s_008um_00641_00621-1,
s_008um_00594_00410-1,
s_008um_00553_00200-1,
s_008um_00205_00391-1,
s_008um_00179_00228-1,
s_008um_00311_00208-1,
s_008um_00320_00611-1,
s_008um_00689_00217-1,
s_008um_00620_00196-1,
s_008um_00426_00606-1,
s_008um_00446_00387-1,
s_008um_00589_00213-1,
s_008um_00585_00396-1,
s_008um_00233_00596-1,
s_008um_00611_00208-1,
s_008um_00580_00200-1,
s_008um_00182_00234-1,
s_008um_00660_00616-1,
s_008um_00360_00608-1,
s_008um_00444_00220-1,CS2
s_008um_00322_00378-1,
s_008um_00315_00386-1,
s_008um_00615_00611-1,
s_008um_00366_00208-1,
s_008um_00553_00612-1,
s_008um_00284_00604-1,
s_008um_00161_00411-1,
s_008um_00603_00414-1,
s_008um_00483_00214-1,
s_008um_00332_00389-1,
s_008um_00165_00233-1,
s_008um_00686_00208-1,
s_008um_00495_00376-1,
s_008um_00601_00608-1,
s_008um_00501_00591-1,
s_008um_00555_00381-1,
s_008um_00685_00599-1,
s_008um_00333_00604-1,
s_008um_00636_00613-1,
s_008um_00593_00208-1,
s_008um_00606_00201-1,
s_008um_00395_00608-1,
s_008um_00165_00409-1,
s_008um_00532_00603-1,
s_008um_00655_00605-1,
s_008um_00500_00202-1,
s_008um_00689_00414-1,
s_008um_00447_00602-1,
s_008um_00639_00226-1,
s_008um_00671_00410-1,
s_008um_00534_00610-1,
s_008um_00507_00207-1,
s_008um_00420_00210-1,CS2
s_008um_00396_00214-1,
s_008um_00458_00382-1,
s_008um_00472_00216-1,
s_008um_00411_00609-1,
s_008um_00701_00598-1,
s_008um_00381_00211-1,
s_008um_00688_00602-1,
s_008um_00572_00223-1,
s_008um_00289_00388-1,
s_008um_00635_00223-1,
s_008um_00502_00210-1,
s_008um_00652_00405-1,
s_008um_00636_00228-1,
s_008um_00389_00391-1,
s_008um_00663_00406-1,
s_008um_00149_00229-1,
s_008um_00237_00218-1,
s_008um_00578_00201-1,
s_008um_00232_00221-1,
s_008um_00591_00602-1,
s_008um_00591_00218-1,
s_008um_00459_00600-1,
s_008um_00161_00403-1,
s_008um_00640_00614-1,
s_008um_00293_00607-1,
s_008um_00218_00396-1,
s_008um_00640_00597-1,
s_008um_00580_00608-1,
s_008um_00451_00375-1,
s_008um_00505_00592-1,
s_008um_00321_00366-1,
s_008um_00569_00199-1,
s_008um_00474_00210-1,
s_008um_00495_00385-1,
s_008um_00487_00597-1,
s_008um_00242_00375-1,
s_008um_00419_00380-1,
s_008um_00234_00380-1,
s_008um_00320_00608-1,
s_008um_00183_00236-1,
s_008um_00287_00212-1,
s_008um_00313_00212-1,
s_008um_00681_00214-1,
s_008um_00609_00612-1,
s_008um_00621_00405-1,
s_008um_00693_00612-1,
s_008um_00555_00216-1,
s_008um_00332_00609-1,
s_008um_00492_00211-1,
s_008um_00272_00607-1,
s_008um_00597_00207-1,
s_008um_00453_00211-1,CS2
s_008um_00488_00202-1,
s_008um_00585_00601-1,
s_008um_00580_00385-1,
s_008um_00264_00214-1,
s_008um_00609_00214-1,
s_008um_00646_00235-1,
s_008um_00224_00382-1,
s_008um_00422_00216-1,CS2
s_008um_00393_00390-1,
s_008um_00580_00390-1,
s_008um_00598_00211-1,
s_008um_00619_00214-1,
s_008um_00625_00401-1,
s_008um_00183_00228-1,
s_008um_00661_00204-1,
s_008um_00280_00218-1,
s_008um_00136_00237-1,
s_008um_00523_00213-1,
s_008um_00654_00607-1,
s_008um_00589_00201-1,
s_008um_00581_00199-1,
s_008um_00500_00377-1,
s_008um_00604_00614-1,
s_008um_00410_00214-1,
s_008um_00651_00607-1,
s_008um_00580_00413-1,
s_008um_00446_00219-1,CS2
s_008um_00249_00377-1,
s_008um_00303_00611-1,
s_008um_00591_00213-1,
s_008um_00305_00372-1,
s_008um_00429_00376-1,
s_008um_00633_00418-1,
s_008um_00317_00208-1,
s_008um_00480_00201-1,
s_008um_00242_00386-1,
s_008um_00646_00615-1,
s_008um_00176_00228-1,
s_008um_00241_00388-1,
s_008um_00589_00377-1,
s_008um_00538_00609-1,
s_008um_00543_00213-1,
s_008um_00562_00614-1,
s_008um_00385_00384-1,
s_008um_00623_00204-1,
s_008um_00701_00604-1,
s_008um_00323_00389-1,
s_008um_00535_00213-1,
s_008um_00617_00204-1,
s_008um_00514_00196-1,
s_008um_00712_00205-1,
s_008um_00588_00378-1,
s_008um_00560_00215-1,
s_008um_00197_00237-1,
s_008um_00573_00619-1,
s_008um_00303_00387-1,
s_008um_00580_00417-1,
s_008um_00257_00382-1,
s_008um_00450_00394-1,
s_008um_00546_00386-1,
s_008um_00600_00197-1,
s_008um_00540_00196-1,
s_008um_00467_00381-1,
s_008um_00358_00612-1,
s_008um_00654_00604-1,
s_008um_00479_00218-1,
s_008um_00548_00376-1,
s_008um_00246_00388-1,
s_008um_00487_00601-1,
s_008um_00612_00196-1,
s_008um_00585_00197-1,
s_008um_00554_00198-1,
s_008um_00332_00208-1,
s_008um_00278_00386-1,
s_008um_00427_00375-1,
s_008um_00496_00199-1,
s_008um_00235_00594-1,
s_008um_00653_00622-1,
s_008um_00226_00595-1,
s_008um_00259_00603-1,
s_008um_00648_00417-1,
s_008um_00328_00371-1,
s_008um_00614_00210-1,
s_008um_00390_00387-1,
s_008um_00486_00593-1,
s_008um_00339_00205-1,
s_008um_00160_00249-1,
s_008um_00579_00611-1,
s_008um_00391_00601-1,
s_008um_00552_00209-1,
s_008um_00645_00614-1,
s_008um_00491_00589-1,
s_008um_00405_00372-1,
s_008um_00658_00605-1,
s_008um_00524_00609-1,
s_008um_00338_00369-1,
s_008um_00635_00233-1,
s_008um_00285_00211-1,
s_008um_00312_00381-1,
s_008um_00236_00216-1,
s_008um_00370_00210-1,
s_008um_00625_00221-1,
s_008um_00618_00607-1,
s_008um_00609_00618-1,
s_008um_00440_00394-1,
s_008um_00230_00215-1,
s_008um_00194_00222-1,
s_008um_00393_00609-1,
s_008um_00485_00207-1,
s_008um_00202_00230-1,
s_008um_00565_00387-1,
s_008um_00442_00205-1,CS2
s_008um_00673_00410-1,
s_008um_00706_00597-1,
s_008um_00622_00605-1,
s_008um_00390_00383-1,
s_008um_00693_00418-1,
s_008um_00675_00613-1,
s_008um_00550_00606-1,
s_008um_00678_00613-1,
s_008um_00709_00423-1,
s_008um_00566_00610-1,
s_008um_00294_00209-1,
s_008um_00569_00193-1,
s_008um_00497_00603-1,
s_008um_00497_00376-1,
s_008um_00544_00217-1,
s_008um_00544_00379-1,
s_008um_00413_00605-1,
s_008um_00275_00389-1,
s_008um_00564_00614-1,
s_008um_00299_00213-1,
s_008um_00658_00621-1,
s_008um_00601_00416-1,
s_008um_00617_00398-1,
s_008um_00231_00216-1,
s_008um_00599_00387-1,
s_008um_00374_00373-1,
s_008um_00689_00616-1,
s_008um_00502_00385-1,
s_008um_00255_00607-1,
s_008um_00463_00382-1,
s_008um_00615_00603-1,
s_008um_00557_00196-1,
s_008um_00353_00389-1,
s_008um_00632_00210-1,
s_008um_00315_00378-1,
s_008um_00118_00229-1,
s_008um_00319_00215-1,
s_008um_00363_00378-1,
s_008um_00129_00239-1,
s_008um_00636_00619-1,
s_008um_00220_00379-1,
s_008um_00254_00595-1,
s_008um_00270_00601-1,
s_008um_00464_00601-1,
s_008um_00591_00621-1,
s_008um_00553_00207-1,
s_008um_00130_00244-1,
s_008um_00375_00374-1,
s_008um_00399_00612-1,
s_008um_00362_00370-1,
s_008um_00349_00610-1,
s_008um_00645_00219-1,
s_008um_00506_00599-1,
s_008um_00625_00594-1,
s_008um_00314_00377-1,
s_008um_00397_00598-1,
s_008um_00156_00239-1,
s_008um_00602_00606-1,
s_008um_00541_00194-1,
s_008um_00595_00377-1,
s_008um_00323_00375-1,
s_008um_00335_00605-1,
s_008um_00685_00600-1,
s_008um_00171_00406-1,
s_008um_00634_00222-1,
s_008um_00635_00202-1,
s_008um_00536_00203-1,
s_008um_00514_00200-1,
s_008um_00323_00382-1,
s_008um_00506_00209-1,
s_008um_00672_00415-1,
s_008um_00231_00381-1,
s_008um_00187_00397-1,
s_008um_00308_00209-1,
s_008um_00362_00393-1,
s_008um_00251_00388-1,
s_008um_00657_00408-1,
s_008um_00490_00208-1,
s_008um_00528_00608-1,
s_008um_00354_00602-1,
s_008um_00303_00367-1,
s_008um_00322_00205-1,
s_008um_00201_00228-1,
s_008um_00698_00210-1,
s_008um_00363_00608-1,
s_008um_00719_00601-1,
s_008um_00321_00368-1,
s_008um_00177_00226-1,
s_008um_00249_00225-1,
s_008um_00634_00192-1,
s_008um_00243_00393-1,
s_008um_00398_00598-1,
s_008um_00319_00599-1,
s_008um_00451_00221-1,CS2
s_008um_00425_00385-1,
s_008um_00448_00210-1,CS2
s_008um_00531_00378-1,
s_008um_00579_00205-1,
s_008um_00107_00234-1,
s_008um_00634_00395-1,
s_008um_00285_00611-1,
s_008um_00601_00384-1,
s_008um_00361_00390-1,
s_008um_00541_00595-1,
s_008um_00699_00615-1,
s_008um_00609_00607-1,
s_008um_00705_00417-1,
s_008um_00117_00237-1,
s_008um_00665_00411-1,
s_008um_00364_00205-1,
s_008um_00668_00210-1,
s_008um_00378_00381-1,
s_008um_00530_00609-1,
s_008um_00174_00237-1,
s_008um_00639_00219-1,
s_008um_00126_00237-1,
s_008um_00646_00219-1,
s_008um_00391_00387-1,
s_008um_00169_00401-1,
s_008um_00515_00388-1,
s_008um_00280_00219-1,
s_008um_00684_00212-1,
s_008um_00652_00595-1,
s_008um_00329_00389-1,
s_008um_00386_00391-1,
s_008um_00276_00384-1,
s_008um_00494_00201-1,
s_008um_00418_00601-1,
s_008um_00630_00398-1,
s_008um_00558_00202-1,
s_008um_00126_00249-1,
s_008um_00451_00601-1,
s_008um_00519_00394-1,
s_008um_00605_00216-1,
s_008um_00672_00602-1,
s_008um_00576_00203-1,
s_008um_00275_00385-1,
s_008um_00295_00388-1,
s_008um_00234_00223-1,
s_008um_00356_00604-1,
s_008um_00328_00208-1,
s_008um_00353_00208-1,
s_008um_00257_00374-1,
s_008um_00553_00610-1,
s_008um_00417_00212-1,CS2
s_008um_00575_00224-1,
s_008um_00715_00600-1,
s_008um_00374_00605-1,
s_008um_00382_00385-1,
s_008um_00580_00214-1,
s_008um_00629_00222-1,
s_008um_00114_00235-1,
s_008um_00311_00209-1,
s_008um_00521_00200-1,
s_008um_00496_00206-1,
s_008um_00528_00387-1,
s_008um_00626_00205-1,
s_008um_00265_00608-1,
s_008um_00523_00391-1,
s_008um_00639_00234-1,
s_008um_00611_00410-1,
s_008um_00597_00601-1,
s_008um_00399_00379-1,
s_008um_00590_00193-1,
s_008um_00401_00611-1,
s_008um_00451_00206-1,
s_008um_00325_00377-1,
s_008um_00530_00380-1,
s_008um_00330_00204-1,
s_008um_00649_00595-1,
s_008um_00118_00228-1,
s_008um_00426_00215-1,CS2
s_008um_00530_00600-1,
s_008um_00663_00404-1,
s_008um_00715_00613-1,
s_008um_00326_00370-1,
s_008um_00462_00375-1,
s_008um_00400_00607-1,
s_008um_00508_00378-1,
s_008um_00271_00217-1,
s_008um_00621_00609-1,
s_008um_00125_00244-1,
s_008um_00703_00608-1,
s_008um_00605_00197-1,
s_008um_00369_00613-1,
s_008um_00462_00389-1,
s_008um_00588_00599-1,
s_008um_00646_00230-1,
s_008um_00679_00409-1,
s_008um_00421_00387-1,
s_008um_00435_00211-1,CS2
s_008um_00548_00210-1,
s_008um_00475_00383-1,
s_008um_00412_00382-1,
s_008um_00538_00212-1,
s_008um_00202_00391-1,
s_008um_00694_00615-1,
s_008um_00336_00601-1,
s_008um_00123_00249-1,
s_008um_00398_00210-1,
s_008um_00287_00600-1,
s_008um_00366_00609-1,
s_008um_00410_00377-1,
s_008um_00698_00614-1,
s_008um_00574_00209-1,
s_008um_00697_00610-1,
s_008um_00436_00392-1,
s_008um_00486_00595-1,
s_008um_00274_00368-1,
s_008um_00182_00226-1,
s_008um_00584_00218-1,
s_008um_00583_00216-1,
s_008um_00641_00419-1,
s_008um_00241_00397-1,
s_008um_00513_00388-1,
s_008um_00474_00598-1,
s_008um_00265_00380-1,
s_008um_00682_00603-1,
s_008um_00651_00405-1,
s_008um_00369_00381-1,
s_008um_00277_00601-1,
s_008um_00592_00384-1,
s_008um_00640_00417-1,
s_008um_00447_00379-1,
s_008um_00509_00593-1,
s_008um_00631_00406-1,
s_008um_00356_00381-1,
s_008um_00414_00602-1,
s_008um_00293_00605-1,
s_008um_00670_00611-1,
s_008um_00430_00376-1,
s_008um_00610_00618-1,
s_008um_00475_00595-1,
s_008um_00530_00382-1,
s_008um_00704_00210-1,
s_008um_00271_00387-1,
s_008um_00220_00391-1,
s_008um_00485_00200-1,
s_008um_00358_00614-1,
s_008um_00546_00199-1,
s_008um_00338_00605-1,
s_008um_00616_00219-1,
s_008um_00627_00604-1,
s_008um_00520_00599-1,
s_008um_00617_00213-1,
s_008um_00263_00597-1,
s_008um_00275_00375-1,
s_008um_00276_00604-1,
s_008um_00437_00603-1,
s_008um_00660_00201-1,
s_008um_00502_00206-1,
s_008um_00667_00226-1,
s_008um_00254_00218-1,
s_008um_00263_00601-1,
s_008um_00195_00221-1,
s_008um_00333_00385-1,
s_008um_00470_00380-1,
s_008um_00630_00189-1,
s_008um_00318_00381-1,
s_008um_00157_00235-1,
s_008um_00599_00413-1,
s_008um_00502_00589-1,
s_008um_00685_00213-1,
s_008um_00284_00216-1,
s_008um_00492_00205-1,
s_008um_00391_00390-1,
s_008um_00576_00210-1,
s_008um_00383_00612-1,
s_008um_00581_00614-1,
s_008um_00422_00217-1,CS2
s_008um_00304_00210-1,
s_008um_00278_00224-1,
s_008um_00495_00207-1,
s_008um_00684_00613-1,
s_008um_00611_00215-1,
s_008um_00238_00389-1,
s_008um_00331_00607-1,
s_008um_00704_00208-1,
s_008um_00347_00207-1,
s_008um_00590_00215-1,
s_008um_00142_00228-1,
s_008um_00348_00598-1,
s_008um_00323_00603-1,
s_008um_00312_00365-1,
s_008um_00502_00375-1,
s_008um_00479_00388-1,
s_008um_00282_00376-1,
s_008um_00125_00226-1,
s_008um_00401_00610-1,
s_008um_00151_00235-1,
s_008um_00291_00603-1,
s_008um_00588_00384-1,
s_008um_00589_00378-1,
s_008um_00522_00604-1,
s_008um_00255_00219-1,
s_008um_00468_00212-1,
s_008um_00575_00390-1,
s_008um_00619_00227-1,
s_008um_00235_00222-1,
s_008um_00620_00610-1,
s_008um_00128_00233-1,
s_008um_00495_00374-1,
s_008um_00707_00602-1,
s_008um_00618_00398-1,
s_008um_00546_00195-1,
s_008um_00256_00380-1,
s_008um_00587_00198-1,
s_008um_00654_00219-1,
s_008um_00650_00601-1,
s_008um_00499_00204-1,
s_008um_00537_00612-1,
s_008um_00669_00420-1,
s_008um_00281_00374-1,
s_008um_00701_00605-1,
s_008um_00455_00377-1,
s_008um_00667_00603-1,
s_008um_00577_00613-1,
s_008um_00446_00599-1,
s_008um_00271_00214-1,
s_008um_00633_00191-1,
s_008um_00391_00370-1,
s_008um_00637_00228-1,
s_008um_00262_00380-1,
s_008um_00331_00213-1,
s_008um_00340_00612-1,
s_008um_00405_00392-1,
s_008um_00470_00598-1,
s_008um_00579_00598-1,
s_008um_00608_00196-1,
s_008um_00625_00210-1,
s_008um_00133_00234-1,
s_008um_00267_00378-1,
s_008um_00293_00211-1,
s_008um_00602_00191-1,
s_008um_00573_00219-1,
s_008um_00645_00624-1,
s_008um_00400_00389-1,
s_008um_00576_00382-1,
s_008um_00443_00208-1,CS2
s_008um_00220_00386-1,
s_008um_00543_00205-1,
s_008um_00544_00205-1,
s_008um_00209_00399-1,
s_008um_00328_00604-1,
s_008um_00566_00611-1,
s_008um_00329_00604-1,
s_008um_00210_00220-1,
s_008um_00552_00203-1,
s_008um_00661_00413-1,
s_008um_00321_00613-1,
s_008um_00372_00393-1,
s_008um_00501_00594-1,
s_008um_00387_00369-1,
s_008um_00285_00369-1,
s_008um_00696_00618-1,
s_008um_00400_00375-1,
s_008um_00505_00382-1,
s_008um_00693_00412-1,
s_008um_00184_00401-1,
s_008um_00606_00618-1,
s_008um_00197_00233-1,
s_008um_00209_00228-1,
s_008um_00292_00386-1,
s_008um_00688_00412-1,
s_008um_00257_00603-1,
s_008um_00498_00592-1,
s_008um_00608_00228-1,
s_008um_00133_00242-1,
s_008um_00525_00216-1,
s_008um_00463_00380-1,
s_008um_00581_00216-1,
s_008um_00475_00392-1,
s_008um_00444_00596-1,
s_008um_00311_00385-1,
s_008um_00544_00609-1,
s_008um_00561_00193-1,
s_008um_00633_00233-1,
s_008um_00655_00414-1,
s_008um_00645_00211-1,
s_008um_00195_00237-1,
s_008um_00228_00377-1,
s_008um_00180_00404-1,
s_008um_00627_00598-1,
s_008um_00437_00390-1,
s_008um_00655_00220-1,
s_008um_00635_00224-1,
s_008um_00593_00377-1,
s_008um_00674_00421-1,
s_008um_00304_00605-1,
s_008um_00131_00233-1,
s_008um_00555_00389-1,
s_008um_00110_00238-1,
s_008um_00632_00401-1,
s_008um_00535_00603-1,
s_008um_00607_00228-1,
s_008um_00654_00409-1,
s_008um_00190_00232-1,
s_008um_00345_00383-1,
s_008um_00113_00233-1,
s_008um_00573_00600-1,
s_008um_00215_00397-1,
s_008um_00379_00389-1,
s_008um_00274_00224-1,
s_008um_00628_00616-1,
s_008um_00343_00377-1,
s_008um_00601_00597-1,
s_008um_00450_00209-1,
s_008um_00359_00598-1,
s_008um_00366_00215-1,
s_008um_00425_00384-1,
s_008um_00507_00603-1,
s_008um_00275_00366-1,
s_008um_00384_00218-1,
s_008um_00528_00595-1,
s_008um_00318_00379-1,
s_008um_00521_00607-1,
s_008um_00590_00195-1,
s_008um_00428_00393-1,
s_008um_00444_00203-1,
s_008um_00357_00373-1,
s_008um_00504_00589-1,
s_008um_00635_00409-1,
s_008um_00141_00228-1,
s_008um_00485_00380-1,
s_008um_00584_00410-1,
s_008um_00568_00390-1,
s_008um_00593_00222-1,
s_008um_00264_00599-1,
s_008um_00467_00218-1,
s_008um_00350_00209-1,
s_008um_00563_00600-1,
s_008um_00329_00372-1,
s_008um_00406_00391-1,
s_008um_00445_00208-1,CS2
s_008um_00586_00196-1,
s_008um_00482_00379-1,
s_008um_00455_00218-1,CS2
s_008um_00519_00595-1,
s_008um_00480_00211-1,
s_008um_00526_00199-1,
s_008um_00312_00370-1,
s_008um_00633_00192-1,
s_008um_00429_00383-1,
s_008um_00322_00382-1,
s_008um_00550_00371-1,
s_008um_00259_00215-1,
s_008um_00530_00596-1,
s_008um_00649_00211-1,
s_008um_00385_00387-1,
s_008um_00461_00599-1,
s_008um_00229_00389-1,
s_008um_00651_00417-1,
s_008um_00464_00215-1,
s_008um_00699_00208-1,
s_008um_00362_00611-1,
s_008um_00689_00215-1,
s_008um_00396_00378-1,
s_008um_00378_00374-1,
s_008um_00315_00610-1,
s_008um_00230_00378-1,
s_008um_00649_00405-1,
s_008um_00482_00595-1,
s_008um_00325_00380-1,
s_008um_00596_00211-1,
s_008um_00325_00391-1,
s_008um_00374_00601-1,
s_008um_00193_00394-1,
s_008um_00259_00602-1,
s_008um_00436_00204-1,CS2
s_008um_00460_00598-1,
s_008um_00521_00206-1,
s_008um_00244_00606-1,
s_008um_00665_00417-1,
s_008um_00649_00624-1,
s_008um_00250_00223-1,
s_008um_00631_00607-1,
s_008um_00224_00217-1,
s_008um_00676_00614-1,
s_008um_00602_00213-1,
s_008um_00619_00225-1,
s_008um_00576_00602-1,
s_008um_00500_00593-1,
s_008um_00520_00590-1,
s_008um_00604_00409-1,
s_008um_00521_00385-1,
s_008um_00349_00603-1,
s_008um_00360_00369-1,
s_008um_00512_00602-1,
s_008um_00465_00219-1,
s_008um_00624_00221-1,
s_008um_00319_00601-1,
s_008um_00655_00417-1,
s_008um_00688_00421-1,
s_008um_00598_00228-1,
s_008um_00618_00204-1,
s_008um_00196_00234-1,
s_008um_00633_00594-1,
s_008um_00586_00413-1,
s_008um_00459_00594-1,
s_008um_00549_00593-1,
s_008um_00571_00610-1,
s_008um_00551_00209-1,
s_008um_00507_00206-1,
s_008um_00678_00610-1,
s_008um_00657_00406-1,
s_008um_00399_00602-1,
s_008um_00525_00217-1,
s_008um_00314_00384-1,
s_008um_00191_00218-1,
s_008um_00307_00214-1,
s_008um_00246_00373-1,
s_008um_00321_00208-1,
s_008um_00406_00382-1,
s_008um_00643_00422-1,
s_008um_00370_00212-1,
s_008um_00573_00213-1,
s_008um_00661_00417-1,
s_008um_00488_00389-1,
s_008um_00420_00394-1,
s_008um_00199_00222-1,
s_008um_00612_00609-1,
s_008um_00578_00376-1,
s_008um_00467_00591-1,
s_008um_00316_00376-1,
s_008um_00228_00381-1,
s_008um_00683_00422-1,
s_008um_00126_00250-1,
s_008um_00508_00601-1,
s_008um_00341_00613-1,
s_008um_00337_00605-1,
s_008um_00546_00371-1,
s_008um_00315_00369-1,
s_008um_00606_00209-1,
s_008um_00658_00610-1,
s_008um_00493_00203-1,
s_008um_00219_00386-1,
s_008um_00485_00201-1,
s_008um_00491_00394-1,
s_008um_00367_00389-1,
s_008um_00463_00210-1,
s_008um_00632_00406-1,
s_008um_00637_00412-1,
s_008um_00590_00621-1,
s_008um_00346_00599-1,
s_008um_00291_00209-1,
s_008um_00299_00367-1,
s_008um_00466_00379-1,
s_008um_00442_00385-1,
s_008um_00507_00394-1,
s_008um_00454_00384-1,
s_008um_00580_00376-1,
s_008um_00241_00384-1,
s_008um_00511_00392-1,
s_008um_00230_00399-1,
s_008um_00436_00596-1,
s_008um_00687_00611-1,
s_008um_00235_00385-1,
s_008um_00158_00246-1,
s_008um_00115_00227-1,
s_008um_00125_00241-1,
s_008um_00188_00406-1,
s_008um_00508_00202-1,
s_008um_00591_00382-1,
s_008um_00511_00207-1,
s_008um_00638_00220-1,
s_008um_00462_00214-1,CS2
s_008um_00600_00598-1,
s_008um_00601_00604-1,
s_008um_00431_00378-1,
s_008um_00114_00233-1,
s_008um_00325_00366-1,
s_008um_00610_00614-1,
s_008um_00659_00222-1,
s_008um_00590_00601-1,
s_008um_00172_00225-1,
s_008um_00667_00410-1,
s_008um_00312_00602-1,
s_008um_00237_00589-1,
s_008um_00424_00213-1,CS2
s_008um_00583_00415-1,
s_008um_00258_00606-1,
s_008um_00521_00603-1,
s_008um_00633_00404-1,
s_008um_00522_00392-1,
s_008um_00583_00602-1,
s_008um_00610_00196-1,
s_008um_00113_00240-1,
s_008um_00581_00192-1,
s_008um_00550_00210-1,
s_008um_00159_00248-1,
s_008um_00242_00381-1,
s_008um_00599_00226-1,
s_008um_00498_00590-1,
s_008um_00269_00369-1,
s_008um_00348_00210-1,
s_008um_00716_00605-1,
s_008um_00261_00375-1,
s_008um_00659_00405-1,
s_008um_00428_00376-1,
s_008um_00638_00414-1,
s_008um_00606_00606-1,
s_008um_00370_00603-1,
s_008um_00458_00594-1,
s_008um_00424_00379-1,
s_008um_00406_00381-1,
s_008um_00586_00201-1,
s_008um_00427_00210-1,CS2
s_008um_00426_00216-1,CS2
s_008um_00172_00404-1,
s_008um_00456_00390-1,
s_008um_00708_00421-1,
s_008um_00506_00605-1,
s_008um_00539_00205-1,
s_008um_00619_00398-1,
s_008um_00678_00219-1,
s_008um_00636_00417-1,
s_008um_00244_00219-1,
s_008um_00532_00199-1,
s_008um_00700_00423-1,
s_008um_00163_00242-1,
s_008um_00339_00613-1,
s_008um_00473_00207-1,
s_008um_00473_00602-1,
s_008um_00663_00207-1,
s_008um_00524_00594-1,
s_008um_00574_00194-1,
s_008um_00576_00394-1,
s_008um_00493_00215-1,
s_008um_00577_00383-1,
s_008um_00253_00389-1,
s_008um_00338_00204-1,
s_008um_00597_00411-1,
s_008um_00466_00603-1,
s_008um_00582_00218-1,
s_008um_00664_00417-1,
s_008um_00427_00206-1,CS2
s_008um_00278_00602-1,
s_008um_00262_00371-1,
s_008um_00283_00366-1,
s_008um_00482_00392-1,
s_008um_00622_00412-1,
s_008um_00133_00237-1,
s_008um_00465_00593-1,
s_008um_00470_00215-1,
s_008um_00163_00246-1,
s_008um_00531_00205-1,
s_008um_00451_00215-1,CS2
s_008um_00438_00593-1,
s_008um_00473_00589-1,
s_008um_00708_00597-1,
s_008um_00688_00613-1,
s_008um_00665_00416-1,
s_008um_00588_00600-1,
s_008um_00218_00384-1,
s_008um_00341_00612-1,
s_008um_00713_00421-1,
s_008um_00385_00613-1,
s_008um_00679_00608-1,
s_008um_00534_00390-1,
s_008um_00664_00227-1,
s_008um_00516_00588-1,
s_008um_00371_00372-1,
s_008um_00607_00201-1,
s_008um_00362_00607-1,
s_008um_00677_00416-1,
s_008um_00559_00193-1,
s_008um_00302_00607-1,
s_008um_00281_00217-1,
s_008um_00287_00601-1,
s_008um_00331_00610-1,
s_008um_00675_00413-1,
s_008um_00500_00372-1,
s_008um_00666_00222-1,
s_008um_00354_00208-1,
s_008um_00569_00606-1,
s_008um_00423_00384-1,
s_008um_00302_00609-1,
s_008um_00433_00210-1,CS2
s_008um_00485_00212-1,
s_008um_00278_00375-1,
s_008um_00272_00379-1,
s_008um_00692_00203-1,
s_008um_00472_00385-1,
s_008um_00652_00617-1,
s_008um_00691_00612-1,
s_008um_00584_00606-1,
s_008um_00537_00391-1,
s_008um_00535_00200-1,
s_008um_00330_00381-1,
s_008um_00362_00208-1,
s_008um_00677_00600-1,
s_008um_00578_00207-1,
s_008um_00443_00392-1,
s_008um_00470_00595-1,
s_008um_00427_00598-1,
s_008um_00582_00608-1,
s_008um_00508_00376-1,
s_008um_00232_00379-1,
s_008um_00473_00596-1,
s_008um_00266_00218-1,
s_008um_00479_00383-1,
s_008um_00701_00203-1,
s_008um_00231_00224-1,
s_008um_00557_00203-1,
s_008um_00662_00204-1,
s_008um_00212_00387-1,
s_008um_00421_00601-1,
s_008um_00388_00381-1,
s_008um_00253_00216-1,
s_008um_00656_00601-1,
s_008um_00432_00384-1,
s_008um_00626_00215-1,
s_008um_00251_00382-1,
s_008um_00615_00610-1,
s_008um_00595_00209-1,
s_008um_00665_00613-1,
s_008um_00540_00596-1,
s_008um_00662_00613-1,
s_008um_00670_00214-1,
s_008um_00621_00199-1,
s_008um_00595_00408-1,
s_008um_00515_00605-1,
s_008um_00479_00589-1,
s_008um_00307_00367-1,
s_008um_00666_00614-1,
s_008um_00387_00603-1,
s_008um_00408_00381-1,
s_008um_00637_00621-1,
s_008um_00438_00207-1,CS2
s_008um_00408_00373-1,
s_008um_00407_00215-1,
s_008um_00381_00208-1,
s_008um_00457_00211-1,CS2
s_008um_00539_00216-1,
s_008um_00256_00602-1,
s_008um_00119_00230-1,
s_008um_00495_00211-1,
s_008um_00345_00369-1,
s_008um_00140_00242-1,
s_008um_00358_00604-1,
s_008um_00433_00605-1,
s_008um_00363_00207-1,
s_008um_00236_00378-1,
s_008um_00276_00372-1,
s_008um_00705_00210-1,
s_008um_00495_00383-1,
s_008um_00177_00228-1,
s_008um_00545_00214-1,
s_008um_00439_00388-1,
s_008um_00328_00385-1,
s_008um_00609_00416-1,
s_008um_00268_00604-1,
s_008um_00519_00197-1,
s_008um_00401_00612-1,
s_008um_00458_00215-1,CS2
s_008um_00672_00620-1,
s_008um_00668_00614-1,
s_008um_00248_00372-1,
s_008um_00410_00381-1,
s_008um_00363_00210-1,
s_008um_00468_00215-1,
s_008um_00571_00206-1,
s_008um_00521_00595-1,
s_008um_00674_00211-1,
s_008um_00402_00212-1,
s_008um_00587_00393-1,
s_008um_00641_00622-1,
s_008um_00216_00221-1,
s_008um_00651_00598-1,
s_008um_00283_00607-1,
s_008um_00331_00373-1,
s_008um_00261_00374-1,
s_008um_00233_00384-1,
s_008um_00599_00418-1,
s_008um_00632_00416-1,
s_008um_00500_00587-1,
s_008um_00635_00393-1,
s_008um_00688_00410-1,
s_008um_00554_00599-1,
s_008um_00598_00221-1,
s_008um_00555_00602-1,
s_008um_00454_00383-1,
s_008um_00590_00600-1,
s_008um_00529_00596-1,
s_008um_00526_00605-1,
s_008um_00634_00404-1,
s_008um_00330_00205-1,
s_008um_00328_00391-1,
s_008um_00633_00416-1,
s_008um_00438_00373-1,
s_008um_00233_00223-1,
s_008um_00542_00393-1,
s_008um_00255_00381-1,
s_008um_00638_00405-1,
s_008um_00657_00214-1,
s_008um_00486_00216-1,
s_008um_00320_00376-1,
s_008um_00559_00597-1,
s_008um_00577_00600-1,
s_008um_00556_00600-1,
s_008um_00322_00373-1,
s_008um_00363_00372-1,
s_008um_00644_00414-1,
s_008um_00591_00611-1,
s_008um_00503_00207-1,
s_008um_00444_00219-1,CS2
s_008um_00508_00209-1,
s_008um_00602_00417-1,
s_008um_00569_00208-1,
s_008um_00438_00205-1,CS2
s_008um_00461_00385-1,
s_008um_00435_00216-1,CS2
s_008um_00603_00230-1,
s_008um_00470_00208-1,
s_008um_00178_00227-1,
s_008um_00547_00609-1,
s_008um_00546_00217-1,
s_008um_00210_00219-1,
s_008um_00514_00381-1,
s_008um_00628_00403-1,
s_008um_00651_00614-1,
s_008um_00599_00201-1,
s_008um_00551_00384-1,
s_008um_00496_00201-1,
s_008um_00352_00374-1,
s_008um_00181_00230-1,
s_008um_00596_00415-1,
s_008um_00310_00368-1,
s_008um_00355_00605-1,
s_008um_00648_00210-1,
s_008um_00474_00206-1,
s_008um_00133_00228-1,
s_008um_00454_00601-1,
s_008um_00704_00415-1,
s_008um_00144_00237-1,
s_008um_00224_00218-1,
s_008um_00316_00209-1,
s_008um_00310_00370-1,
s_008um_00477_00207-1,
s_008um_00538_00380-1,
s_008um_00647_00422-1,
s_008um_00547_00593-1,
s_008um_00637_00595-1,
s_008um_00310_00612-1,
s_008um_00357_00212-1,
s_008um_00428_00216-1,CS2
s_008um_00641_00399-1,
s_008um_00150_00232-1,
s_008um_00610_00208-1,
s_008um_00479_00375-1,
s_008um_00497_00598-1,
s_008um_00622_00199-1,
s_008um_00246_00596-1,
s_008um_00509_00383-1,
s_008um_00660_00405-1,
s_008um_00581_00600-1,
s_008um_00642_00218-1,
s_008um_00709_00416-1,
s_008um_00549_00378-1,
s_008um_00236_00379-1,
s_008um_00464_00603-1,
s_008um_00399_00213-1,
s_008um_00675_00609-1,
s_008um_00417_00215-1,CS2
s_008um_00167_00232-1,
s_008um_00151_00406-1,
s_008um_00247_00222-1,
s_008um_00492_00373-1,
s_008um_00683_00607-1,
s_008um_00491_00590-1,
s_008um_00682_00215-1,
s_008um_00573_00391-1,
s_008um_00510_00198-1,
s_008um_00632_00410-1,
s_008um_00303_00600-1,
s_008um_00519_00382-1,
s_008um_00562_00198-1,
s_008um_00209_00223-1,
s_008um_00312_00367-1,
s_008um_00318_00207-1,
s_008um_00657_00603-1,
s_008um_00482_00601-1,
s_008um_00582_00389-1,
s_008um_00291_00374-1,
s_008um_00299_00368-1,
s_008um_00303_00388-1,
s_008um_00477_00394-1,
s_008um_00328_00600-1,
s_008um_00340_00370-1,
s_008um_00364_00213-1,
s_008um_00542_00388-1,
s_008um_00193_00222-1,
s_008um_00315_00366-1,
s_008um_00536_00208-1,
s_008um_00494_00215-1,
s_008um_00228_00382-1,
s_008um_00476_00391-1,
s_008um_00254_00370-1,
s_008um_00665_00617-1,
s_008um_00522_00371-1,
s_008um_00639_00405-1,
s_008um_00197_00229-1,
s_008um_00370_00211-1,
s_008um_00587_00208-1,
s_008um_00266_00372-1,
s_008um_00235_00215-1,
s_008um_00546_00384-1,
s_008um_00275_00372-1,
s_008um_00437_00376-1,
s_008um_00583_00620-1,
s_008um_00518_00200-1,
s_008um_00660_00207-1,
s_008um_00524_00605-1,
s_008um_00645_00409-1,
s_008um_00509_00600-1,
s_008um_00624_00224-1,
s_008um_00504_00605-1,
s_008um_00523_00215-1,
s_008um_00170_00241-1,
s_008um_00589_00383-1,
s_008um_00468_00393-1,
s_008um_00590_00380-1,
s_008um_00298_00384-1,
s_008um_00665_00410-1,
s_008um_00528_00602-1,
s_008um_00366_00206-1,
s_008um_00573_00604-1,
s_008um_00313_00389-1,
s_008um_00489_00210-1,
s_008um_00417_00213-1,CS2
s_008um_00707_00421-1,
s_008um_00560_00212-1,
s_008um_00406_00210-1,
s_008um_00282_00389-1,
s_008um_00699_00603-1,
s_008um_00504_00198-1,
s_008um_00343_00371-1,
s_008um_00491_00373-1,
s_008um_00522_00389-1,
s_008um_00571_00616-1,
s_008um_00515_00197-1,
s_008um_00594_00210-1,
s_008um_00580_00388-1,
s_008um_00696_00210-1,
s_008um_00197_00402-1,
s_008um_00671_00415-1,
s_008um_00315_00381-1,
s_008um_00656_00226-1,
s_008um_00204_00221-1,
s_008um_00534_00609-1,
s_008um_00654_00419-1,
s_008um_00504_00597-1,
s_008um_00686_00608-1,
s_008um_00451_00605-1,
s_008um_00191_00395-1,
s_008um_00420_00598-1,
s_008um_00583_00219-1,
s_008um_00148_00229-1,
s_008um_00522_00387-1,
s_008um_00390_00390-1,
s_008um_00344_00370-1,
s_008um_00261_00221-1,
s_008um_00373_00392-1,
s_008um_00330_00390-1,
s_008um_00678_00620-1,
s_008um_00502_00197-1,
s_008um_00492_00390-1,
s_008um_00199_00399-1,
s_008um_00553_00611-1,
s_008um_00266_00221-1,
s_008um_00479_00597-1,
s_008um_00541_00599-1,
s_008um_00532_00214-1,
s_008um_00338_00613-1,
s_008um_00565_00215-1,
s_008um_00483_00204-1,
s_008um_00528_00211-1,
s_008um_00604_00620-1,
s_008um_00586_00219-1,
s_008um_00635_00599-1,
s_008um_00498_00383-1,
s_008um_00416_00208-1,
s_008um_00662_00602-1,
s_008um_00254_00217-1,
s_008um_00656_00595-1,
s_008um_00600_00199-1,
s_008um_00353_00612-1,
s_008um_00363_00390-1,
s_008um_00109_00236-1,
s_008um_00389_00382-1,
s_008um_00362_00381-1,
s_008um_00459_00383-1,
s_008um_00174_00404-1,
s_008um_00241_00395-1,
s_008um_00513_00203-1,
s_008um_00429_00375-1,
s_008um_00221_00391-1,
s_008um_00186_00234-1,
s_008um_00506_00380-1,
s_008um_00558_00197-1,
s_008um_00174_00233-1,
s_008um_00563_00602-1,
s_008um_00424_00607-1,
s_008um_00326_00609-1,
s_008um_00571_00379-1,
s_008um_00554_00381-1,
s_008um_00326_00603-1,
s_008um_00520_00200-1,
s_008um_00546_00392-1,
s_008um_00281_00368-1,
s_008um_00313_00207-1,
s_008um_00691_00597-1,
s_008um_00634_00613-1,
s_008um_00298_00372-1,
s_008um_00326_00212-1,
s_008um_00551_00609-1,
s_008um_00570_00220-1,
s_008um_00630_00201-1,
s_008um_00113_00228-1,
s_008um_00395_00215-1,
s_008um_00446_00394-1,
s_008um_00338_00209-1,
s_008um_00385_00218-1,
s_008um_00299_00209-1,
s_008um_00397_00611-1,
s_008um_00231_00219-1,
s_008um_00623_00209-1,
s_008um_00605_00411-1,
s_008um_00322_00370-1,
s_008um_00233_00603-1,
s_008um_00455_00380-1,
s_008um_00248_00603-1,
s_008um_00549_00379-1,
s_008um_00548_00384-1,
s_008um_00348_00370-1,
s_008um_00271_00383-1,
s_008um_00378_00216-1,
s_008um_00252_00224-1,
s_008um_00445_00207-1,CS2
s_008um_00251_00373-1,
s_008um_00228_00380-1,
s_008um_00611_00598-1,
s_008um_00563_00216-1,
s_008um_00678_00204-1,
s_008um_00563_00215-1,
s_008um_00537_00388-1,
s_008um_00626_00401-1,
s_008um_00658_00602-1,
s_008um_00546_00369-1,
s_008um_00629_00212-1,
s_008um_00593_00378-1,
s_008um_00147_00231-1,
s_008um_00489_00389-1,
s_008um_00259_00599-1,
s_008um_00152_00237-1,
s_008um_00511_00203-1,
s_008um_00248_00218-1,
s_008um_00203_00390-1,
s_008um_00238_00394-1,
s_008um_00272_00371-1,
s_008um_00443_00383-1,
s_008um_00703_00598-1,
s_008um_00546_00379-1,
s_008um_00694_00412-1,
s_008um_00590_00381-1,
s_008um_00240_00382-1,
s_008um_00596_00612-1,
s_008um_00183_00232-1,
s_008um_00697_00612-1,
s_008um_00622_00614-1,
s_008um_00251_00592-1,
s_008um_00703_00423-1,
s_008um_00309_00373-1,
s_008um_00646_00409-1,
s_008um_00286_00611-1,
s_008um_00390_00378-1,
s_008um_00511_00593-1,
s_008um_00454_00218-1,CS2
s_008um_00527_00380-1,
s_008um_00622_00208-1,
s_008um_00414_00382-1,
s_008um_00435_00209-1,CS2
s_008um_00354_00374-1,
s_008um_00114_00236-1,
s_008um_00167_00236-1,
s_008um_00312_00213-1,
s_008um_00219_00379-1,
s_008um_00152_00406-1,
s_008um_00450_00603-1,
s_008um_00593_00389-1,
s_008um_00223_00224-1,
s_008um_00639_00398-1,
s_008um_00363_00389-1,
s_008um_00210_00392-1,
s_008um_00559_00606-1,
s_008um_00194_00224-1,
s_008um_00521_00199-1,
s_008um_00351_00368-1,
s_008um_00152_00228-1,
s_008um_00616_00414-1,
s_008um_00443_00387-1,
s_008um_00543_00384-1,
s_008um_00622_00612-1,
s_008um_00168_00232-1,
s_008um_00621_00224-1,
s_008um_00654_00229-1,
s_008um_00445_00384-1,
s_008um_00256_00223-1,
s_008um_00708_00419-1,
s_008um_00195_00223-1,
s_008um_00606_00417-1,
s_008um_00514_00372-1,
s_008um_00197_00221-1,
s_008um_00182_00402-1,
s_008um_00603_00620-1,
s_008um_00111_00227-1,
s_008um_00642_00419-1,
s_008um_00545_00389-1,
s_008um_00441_00597-1,
s_008um_00425_00391-1,
s_008um_00324_00598-1,
s_008um_00332_00598-1,
s_008um_00427_00605-1,
s_008um_00383_00377-1,
s_008um_00154_00236-1,
s_008um_00495_00210-1,
s_008um_00631_00211-1,
s_008um_00518_00202-1,
s_008um_00239_00383-1,
s_008um_00544_00203-1,
s_008um_00455_00219-1,CS2
s_008um_00308_00206-1,
s_008um_00668_00214-1,
s_008um_00372_00611-1,
s_008um_00633_00393-1,
s_008um_00615_00392-1,
s_008um_00371_00216-1,
s_008um_00467_00382-1,
s_008um_00708_00603-1,
s_008um_00615_00210-1,
s_008um_00487_00600-1,
s_008um_00405_00607-1,
s_008um_00604_00224-1,
s_008um_00455_00386-1,
s_008um_00258_00380-1,
s_008um_00118_00231-1,
s_008um_00177_00404-1,
s_008um_00649_00228-1,
s_008um_00424_00394-1,
s_008um_00583_00194-1,
s_008um_00591_00609-1,
s_008um_00436_00395-1,
s_008um_00500_00595-1,
s_008um_00316_00215-1,
s_008um_00437_00374-1,
s_008um_00577_00215-1,
s_008um_00595_00225-1,
s_008um_00378_00392-1,
s_008um_00447_00604-1,
s_008um_00346_00374-1,
s_008um_00595_00203-1,
s_008um_00595_00601-1,
s_008um_00272_00598-1,
s_008um_00529_00213-1,
s_008um_00664_00226-1,
s_008um_00169_00230-1,
s_008um_00434_00393-1,
s_008um_00164_00410-1,
s_008um_00590_00386-1,
s_008um_00519_00390-1,
s_008um_00644_00609-1,
s_008um_00696_00414-1,
s_008um_00639_00604-1,
s_008um_00500_00199-1,
s_008um_00166_00242-1,
s_008um_00572_00199-1,
s_008um_00576_00221-1,
s_008um_00435_00391-1,
s_008um_00440_00595-1,
s_008um_00141_00241-1,
s_008um_00271_00216-1,
s_008um_00255_00383-1,
s_008um_00569_00608-1,
s_008um_00626_00601-1,
s_008um_00286_00380-1,
s_008um_00330_00211-1,
s_008um_00672_00601-1,
s_008um_00541_00393-1,
s_008um_00516_00385-1,
s_008um_00457_00380-1,
s_008um_00445_00211-1,CS2
s_008um_00188_00232-1,
s_008um_00355_00375-1,
s_008um_00587_00620-1,
s_008um_00224_00378-1,
s_008um_00638_00401-1,
s_008um_00631_00412-1,
s_008um_00342_00610-1,
s_008um_00605_00412-1,
s_008um_00618_00612-1,
s_008um_00589_00416-1,
s_008um_00405_00374-1,
s_008um_00223_00395-1,
s_008um_00333_00610-1,
s_008um_00379_00602-1,
s_008um_00351_00373-1,
s_008um_00631_00206-1,
s_008um_00510_00205-1,
s_008um_00551_00372-1,
s_008um_00659_00616-1,
s_008um_00628_00209-1,
s_008um_00250_00391-1,
s_008um_00611_00212-1,
s_008um_00594_00390-1,
s_008um_00714_00606-1,
s_008um_00488_00376-1,
s_008um_00192_00395-1,
s_008um_00560_00381-1,
s_008um_00297_00370-1,
s_008um_00506_00386-1,
s_008um_00691_00409-1,
s_008um_00281_00609-1,
s_008um_00395_00373-1,
s_008um_00528_00606-1,
s_008um_00552_00595-1,
s_008um_00679_00620-1,
s_008um_00160_00246-1,
s_008um_00514_00378-1,
s_008um_00693_00413-1,
s_008um_00205_00396-1,
s_008um_00658_00407-1,
s_008um_00539_00202-1,
s_008um_00707_00611-1,
s_008um_00332_00373-1,
s_008um_00560_00195-1,
s_008um_00457_00383-1,
s_008um_00471_00597-1,
s_008um_00606_00222-1,
s_008um_00456_00388-1,
s_008um_00576_00376-1,
s_008um_00144_00238-1,
s_008um_00288_00387-1,
s_008um_00428_00382-1,
s_008um_00328_00614-1,
s_008um_00677_00409-1,
s_008um_00330_00372-1,
s_008um_00155_00406-1,
s_008um_00475_00375-1,
s_008um_00677_00612-1,
s_008um_00476_00597-1,
s_008um_00459_00597-1,
s_008um_00511_00594-1,
s_008um_00394_00374-1,
s_008um_00284_00610-1,
s_008um_00537_00213-1,
s_008um_00590_00389-1,
s_008um_00645_00221-1,
s_008um_00490_00206-1,
s_008um_00371_00608-1,
s_008um_00266_00599-1,
s_008um_00560_00382-1,
s_008um_00428_00205-1,CS2
s_008um_00449_00595-1,
s_008um_00333_00367-1,
s_008um_00571_00201-1,
s_008um_00479_00215-1,
s_008um_00316_00207-1,
s_008um_00236_00223-1,
s_008um_00551_00204-1,
s_008um_00108_00235-1,
s_008um_00195_00390-1,
s_008um_00353_00611-1,
s_008um_00298_00600-1,
s_008um_00518_00593-1,
s_008um_00226_00592-1,
s_008um_00329_00599-1,
s_008um_00193_00220-1,
s_008um_00498_00379-1,
s_008um_00440_00380-1,
s_008um_00704_00606-1,
s_008um_00382_00607-1,
s_008um_00515_00394-1,
s_008um_00517_00588-1,
s_008um_00373_00393-1,
s_008um_00700_00422-1,
s_008um_00468_00204-1,
s_008um_00469_00595-1,
s_008um_00522_00388-1,
s_008um_00714_00605-1,
s_008um_00622_00392-1,
s_008um_00666_00411-1,
s_008um_00385_00214-1,
s_008um_00577_00213-1,
s_008um_00607_00199-1,
s_008um_00598_00615-1,
s_008um_00358_00601-1,
s_008um_00633_00208-1,
s_008um_00543_00381-1,
s_008um_00653_00204-1,
s_008um_00332_00210-1,
s_008um_00698_00417-1,
s_008um_00509_00384-1,
s_008um_00643_00396-1,
s_008um_00121_00239-1,
s_008um_00667_00599-1,
s_008um_00651_00412-1,
s_008um_00213_00389-1,
s_008um_00548_00378-1,
s_008um_00420_00216-1,CS2
s_008um_00587_00605-1,
s_008um_00357_00379-1,
s_008um_00578_00599-1,
s_008um_00115_00225-1,
s_008um_00617_00210-1,
s_008um_00676_00615-1,
s_008um_00377_00376-1,
s_008um_00675_00412-1,
s_008um_00124_00245-1,
s_008um_00516_00594-1,
s_008um_00541_00610-1,
s_008um_00545_00196-1,
s_008um_00459_00217-1,CS2
s_008um_00591_00191-1,
s_008um_00320_00375-1,
s_008um_00521_00592-1,
s_008um_00260_00599-1,
s_008um_00407_00612-1,
s_008um_00633_00217-1,
s_008um_00653_00231-1,
s_008um_00445_00394-1,
s_008um_00521_00610-1,
s_008um_00454_00378-1,
s_008um_00273_00387-1,
s_008um_00579_00390-1,
s_008um_00567_00612-1,
s_008um_00506_00207-1,
s_008um_00427_00376-1,
s_008um_00332_00205-1,
s_008um_00439_00394-1,
s_008um_00521_00198-1,
s_008um_00374_00380-1,
s_008um_00567_00376-1,
s_008um_00172_00232-1,
s_008um_00610_00615-1,
s_008um_00546_00595-1,
s_008um_00257_00379-1,
s_008um_00570_00611-1,
s_008um_00304_00390-1,
s_008um_00532_00217-1,
s_008um_00455_00207-1,
s_008um_00449_00375-1,
s_008um_00596_00384-1,
s_008um_00593_00607-1,
s_008um_00573_00599-1,
s_008um_00392_00375-1,
s_008um_00582_00610-1,
s_008um_00691_00601-1,
s_008um_00684_00416-1,
s_008um_00230_00221-1,
s_008um_00539_00606-1,
s_008um_00282_00218-1,
s_008um_00618_00202-1,
s_008um_00498_00393-1,
s_008um_00343_00380-1,
s_008um_00629_00416-1,
s_008um_00608_00231-1,
s_008um_00367_00211-1,
s_008um_00590_00205-1,
s_008um_00334_00206-1,
s_008um_00648_00600-1,
s_008um_00137_00232-1,
s_008um_00467_00205-1,
s_008um_00538_00215-1,
s_008um_00226_00398-1,
s_008um_00136_00240-1,
s_008um_00389_00601-1,
s_008um_00635_00197-1,
s_008um_00225_00395-1,
s_008um_00535_00598-1,
s_008um_00473_00385-1,
s_008um_00682_00604-1,
s_008um_00533_00592-1,
s_008um_00349_00371-1,
s_008um_00603_00412-1,
s_008um_00643_00216-1,
s_008um_00601_00225-1,
s_008um_00333_00609-1,
s_008um_00406_00598-1,
s_008um_00222_00383-1,
s_008um_00342_00385-1,
s_008um_00553_00609-1,
s_008um_00581_00415-1,
s_008um_00437_00600-1,
s_008um_00216_00215-1,
s_008um_00532_00602-1,
s_008um_00368_00609-1,
s_008um_00562_00612-1,
s_008um_00617_00201-1,
s_008um_00549_00207-1,
s_008um_00466_00599-1,
s_008um_00635_00402-1,
s_008um_00678_00599-1,
s_008um_00554_00201-1,
s_008um_00169_00407-1,
s_008um_00549_00380-1,
s_008um_00606_00598-1,
s_008um_00560_00376-1,
s_008um_00637_00213-1,
s_008um_00345_00599-1,
s_008um_00525_00376-1,
s_008um_00491_00600-1,
s_008um_00632_00230-1,
s_008um_00252_00221-1,
s_008um_00109_00231-1,
s_008um_00620_00411-1,
s_008um_00538_00392-1,
s_008um_00493_00380-1,
s_008um_00345_00209-1,
s_008um_00174_00230-1,
s_008um_00480_00386-1,
s_008um_00553_00598-1,
s_008um_00557_00601-1,
s_008um_00321_00383-1,
s_008um_00239_00377-1,
s_008um_00163_00405-1,
s_008um_00438_00389-1,
s_008um_00270_00605-1,
s_008um_00308_00384-1,
s_008um_00429_00380-1,
s_008um_00233_00218-1,
s_008um_00409_00212-1,
s_008um_00650_00413-1,
s_008um_00265_00367-1,
s_008um_00508_00203-1,
s_008um_00494_00598-1,
s_008um_00304_00375-1,
s_008um_00646_00220-1,
s_008um_00444_00212-1,CS2
s_008um_00553_00197-1,
s_008um_00299_00611-1,
s_008um_00296_00605-1,
s_008um_00401_00609-1,
s_008um_00586_00619-1,
s_008um_00299_00607-1,
s_008um_00310_00366-1,
s_008um_00385_00608-1,
s_008um_00259_00604-1,
s_008um_00305_00600-1,
s_008um_00506_00387-1,
s_008um_00423_00394-1,
s_008um_00656_00220-1,
s_008um_00528_00386-1,
s_008um_00320_00370-1,
s_008um_00445_00600-1,
s_008um_00427_00380-1,
s_008um_00530_00214-1,
s_008um_00298_00599-1,
s_008um_00371_00371-1,
s_008um_00441_00594-1,
s_008um_00599_00227-1,
s_008um_00641_00600-1,
s_008um_00160_00405-1,
s_008um_00409_00210-1,
s_008um_00428_00202-1,
s_008um_00473_00390-1,
s_008um_00250_00381-1,
s_008um_00524_00208-1,
s_008um_00467_00377-1,
s_008um_00510_00595-1,
s_008um_00313_00381-1,
s_008um_00642_00594-1,
s_008um_00550_00206-1,
s_008um_00488_00386-1,
s_008um_00244_00216-1,
s_008um_00602_00216-1,
s_008um_00268_00368-1,
s_008um_00344_00385-1,
s_008um_00329_00373-1,
s_008um_00186_00220-1,
s_008um_00424_00211-1,CS2
s_008um_00528_00382-1,
s_008um_00229_00595-1,
s_008um_00137_00237-1,
s_008um_00632_00203-1,
s_008um_00387_00210-1,
s_008um_00246_00392-1,
s_008um_00645_00413-1,
s_008um_00623_00391-1,
s_008um_00513_00587-1,
s_008um_00547_00383-1,
s_008um_00595_00612-1,
s_008um_00307_00610-1,
s_008um_00647_00600-1,
s_008um_00389_00387-1,
s_008um_00368_00376-1,
s_008um_00432_00392-1,
s_008um_00631_00197-1,
s_008um_00617_00617-1,
s_008um_00325_00378-1,
s_008um_00597_00610-1,
s_008um_00625_00215-1,
s_008um_00578_00203-1,
s_008um_00565_00603-1,
s_008um_00391_00374-1,
s_008um_00645_00213-1,
s_008um_00659_00416-1,
s_008um_00341_00204-1,
s_008um_00644_00597-1,
s_008um_00530_00198-1,
s_008um_00678_00608-1,
s_008um_00545_00216-1,
s_008um_00341_00603-1,
s_008um_00715_00617-1,
s_008um_00289_00376-1,
s_008um_00533_00380-1,
s_008um_00352_00370-1,
s_008um_00198_00399-1,
s_008um_00508_00605-1,
s_008um_00375_00375-1,
s_008um_00159_00227-1,
s_008um_00175_00405-1,
s_008um_00464_00598-1,
s_008um_00196_00392-1,
s_008um_00624_00606-1,
s_008um_00629_00215-1,
s_008um_00629_00621-1,
s_008um_00701_00602-1,
s_008um_00684_00423-1,
s_008um_00556_00607-1,
s_008um_00294_00600-1,
s_008um_00272_00382-1,
s_008um_00179_00225-1,
s_008um_00498_00594-1,
s_008um_00395_00387-1,
s_008um_00680_00611-1,
s_008um_00382_00384-1,
s_008um_00578_00199-1,
s_008um_00488_00209-1,
s_008um_00466_00595-1,
s_008um_00527_00592-1,
s_008um_00317_00605-1,
s_008um_00288_00382-1,
s_008um_00599_00410-1,
s_008um_00493_00378-1,
s_008um_00425_00389-1,
s_008um_00662_00230-1,
s_008um_00608_00227-1,
s_008um_00490_00600-1,
s_008um_00294_00389-1,
s_008um_00606_00623-1,
s_008um_00563_00207-1,
s_008um_00645_00604-1,
s_008um_00656_00400-1,
s_008um_00548_00604-1,
s_008um_00614_00616-1,
s_008um_00183_00229-1,
s_008um_00605_00413-1,
s_008um_00577_00220-1,
s_008um_00457_00605-1,
s_008um_00240_00398-1,
s_008um_00487_00392-1,
s_008um_00605_00409-1,
s_008um_00407_00378-1,
s_008um_00689_00418-1,
s_008um_00375_00608-1,
s_008um_00282_00213-1,
s_008um_00189_00223-1,
s_008um_00605_00603-1,
s_008um_00321_00377-1,
s_008um_00571_00390-1,
s_008um_00440_00379-1,
s_008um_00638_00612-1,
s_008um_00567_00598-1,
s_008um_00321_00211-1,
s_008um_00151_00237-1,
s_008um_00617_00197-1,
s_008um_00433_00205-1,CS2
s_008um_00480_00389-1,
s_008um_00596_00192-1,
s_008um_00559_00599-1,
s_008um_00607_00622-1,
s_008um_00118_00244-1,
s_008um_00153_00231-1,
s_008um_00704_00209-1,
s_008um_00112_00228-1,
s_008um_00545_00369-1,
s_008um_00633_00227-1,
s_008um_00299_00600-1,
s_008um_00379_00604-1,
s_008um_00373_00390-1,
s_008um_00476_00383-1,
s_008um_00359_00385-1,
s_008um_00410_00390-1,
s_008um_00545_00194-1,
s_008um_00692_00605-1,
s_008um_00634_00231-1,
s_008um_00644_00217-1,
s_008um_00449_00394-1,
s_008um_00452_00377-1,
s_008um_00651_00610-1,
s_008um_00605_00203-1,
s_008um_00597_00208-1,
s_008um_00424_00215-1,CS2
s_008um_00368_00608-1,
s_008um_00321_00609-1,
s_008um_00662_00228-1,
s_008um_00489_00216-1,
s_008um_00639_00395-1,
s_008um_00236_00588-1,
s_008um_00490_00214-1,
s_008um_00113_00244-1,
s_008um_00275_00222-1,
s_008um_00644_00206-1,
s_008um_00678_00422-1,
s_008um_00486_00206-1,
s_008um_00444_00605-1,
s_008um_00409_00375-1,
s_008um_00501_00381-1,
s_008um_00666_00208-1,
s_008um_00602_00603-1,
s_008um_00285_00372-1,
s_008um_00445_00209-1,CS2
s_008um_00523_00390-1,
s_008um_00605_00201-1,
s_008um_00533_00374-1,
s_008um_00574_00616-1,
s_008um_00286_00371-1,
s_008um_00635_00407-1,
s_008um_00664_00619-1,
s_008um_00625_00600-1,
s_008um_00218_00222-1,
s_008um_00564_00220-1,
s_008um_00430_00204-1,
s_008um_00297_00372-1,
s_008um_00430_00201-1,
s_008um_00524_00377-1,
s_008um_00417_00378-1,
s_008um_00634_00622-1,
s_008um_00591_00220-1,
s_008um_00202_00216-1,
s_008um_00452_00389-1,
s_008um_00618_00200-1,
s_008um_00599_00198-1,
s_008um_00605_00228-1,
s_008um_00420_00380-1,
s_008um_00253_00383-1,
s_008um_00462_00216-1,CS2
s_008um_00587_00613-1,
s_008um_00273_00603-1,
s_008um_00483_00597-1,
s_008um_00499_00595-1,
s_008um_00532_00372-1,
s_008um_00289_00371-1,
s_008um_00614_00615-1,
s_008um_00259_00606-1,
s_008um_00251_00601-1,
s_008um_00577_00614-1,
s_008um_00261_00218-1,
s_008um_00558_00216-1,
s_008um_00523_00608-1,
s_008um_00369_00384-1,
s_008um_00332_00603-1,
s_008um_00610_00199-1,
s_008um_00293_00215-1,
s_008um_00559_00607-1,
s_008um_00531_00372-1,
s_008um_00501_00208-1,
s_008um_00234_00220-1,
s_008um_00219_00392-1,
s_008um_00566_00391-1,
s_008um_00318_00208-1,
s_008um_00602_00612-1,
s_008um_00600_00605-1,
s_008um_00447_00208-1,CS2
s_008um_00346_00387-1,
s_008um_00391_00379-1,
s_008um_00455_00601-1,
s_008um_00516_00603-1,
s_008um_00555_00376-1,
s_008um_00322_00215-1,
s_008um_00684_00205-1,
s_008um_00703_00609-1,
s_008um_00242_00385-1,
s_008um_00258_00378-1,
s_008um_00209_00215-1,
s_008um_00200_00226-1,
s_008um_00508_00602-1,
s_008um_00470_00596-1,
s_008um_00458_00605-1,
s_008um_00627_00608-1,
s_008um_00465_00214-1,
s_008um_00489_00382-1,
s_008um_00287_00385-1,
s_008um_00527_00390-1,
s_008um_00335_00607-1,
s_008um_00484_00215-1,
s_008um_00271_00213-1,
s_008um_00158_00404-1,
s_008um_00558_00195-1,
s_008um_00649_00608-1,
s_008um_00414_00390-1,
s_008um_00405_00385-1,
s_008um_00231_00385-1,
s_008um_00516_00372-1,
s_008um_00428_00213-1,CS2
s_008um_00637_00234-1,
s_008um_00390_00211-1,
s_008um_00194_00226-1,
s_008um_00656_00420-1,
s_008um_00584_00387-1,
s_008um_00625_00595-1,
s_008um_00358_00386-1,
s_008um_00665_00615-1,
s_008um_00616_00200-1,
s_008um_00710_00206-1,
s_008um_00588_00208-1,
s_008um_00210_00217-1,
s_008um_00268_00375-1,
s_008um_00455_00388-1,
s_008um_00217_00226-1,
s_008um_00676_00601-1,
s_008um_00645_00207-1,
s_008um_00233_00399-1,
s_008um_00266_00383-1,
s_008um_00197_00230-1,
s_008um_00602_00383-1,
s_008um_00446_00222-1,CS2
s_008um_00470_00219-1,
s_008um_00486_00394-1,
s_008um_00571_00197-1,
s_008um_00598_00391-1,
s_008um_00376_00599-1,
s_008um_00316_00386-1,
s_008um_00278_00384-1,
s_008um_00277_00390-1,
s_008um_00201_00223-1,
s_008um_00549_00376-1,
s_008um_00513_00605-1,
s_008um_00595_00199-1,
s_008um_00407_00219-1,
s_008um_00612_00225-1,
s_008um_00388_00378-1,
s_008um_00603_00224-1,
s_008um_00366_00369-1,
s_008um_00566_00216-1,
s_008um_00573_00612-1,
s_008um_00663_00600-1,
s_008um_00591_00211-1,
s_008um_00412_00389-1,
s_008um_00529_00609-1,
s_008um_00659_00208-1,
s_008um_00233_00598-1,
s_008um_00366_00381-1,
s_008um_00559_00381-1,
s_008um_00614_00609-1,
s_008um_00585_00213-1,
s_008um_00320_00604-1,
s_008um_00664_00204-1,
s_008um_00451_00204-1,
s_008um_00371_00376-1,
s_008um_00606_00205-1,
s_008um_00669_00413-1,
s_008um_00229_00602-1,
s_008um_00596_00388-1,
s_008um_00200_00217-1,
s_008um_00524_00376-1,
s_008um_00634_00213-1,
s_008um_00491_00205-1,
s_008um_00510_00196-1,
s_008um_00286_00608-1,
s_008um_00656_00614-1,
s_008um_00564_00604-1,
s_008um_00581_00392-1,
s_008um_00638_00597-1,
s_008um_00572_00198-1,
s_008um_00268_00596-1,
s_008um_00474_00603-1,
s_008um_00278_00221-1,
s_008um_00602_00218-1,
s_008um_00562_00212-1,
s_008um_00631_00221-1,
s_008um_00335_00370-1,
s_008um_00583_00211-1,
s_008um_00468_00210-1,
s_008um_00631_00217-1,
s_008um_00647_00215-1,
s_008um_00494_00597-1,
s_008um_00370_00601-1,
s_008um_00560_00219-1,
s_008um_00570_00380-1,
s_008um_00375_00211-1,
s_008um_00564_00205-1,
s_008um_00621_00617-1,
s_008um_00173_00231-1,
s_008um_00433_00604-1,
s_008um_00138_00239-1,
s_008um_00649_00620-1,
s_008um_00251_00604-1,
s_008um_00625_00403-1,
s_008um_00195_00232-1,
s_008um_00596_00395-1,
s_008um_00548_00607-1,
s_008um_00225_00396-1,
s_008um_00575_00221-1,
s_008um_00358_00206-1,
s_008um_00351_00379-1,
s_008um_00300_00211-1,
s_008um_00353_00607-1,
s_008um_00174_00232-1,
s_008um_00421_00208-1,CS2
s_008um_00548_00381-1,
s_008um_00360_00375-1,
s_008um_00718_00619-1,
s_008um_00440_00390-1,
s_008um_00398_00602-1,
s_008um_00615_00617-1,
s_008um_00615_00600-1,
s_008um_00573_00222-1,
s_008um_00554_00206-1,
s_008um_00486_00386-1,
s_008um_00280_00605-1,
s_008um_00238_00596-1,
s_008um_00597_00608-1,
s_008um_00620_00600-1,
s_008um_00423_00395-1,
s_008um_00657_00229-1,
s_008um_00136_00235-1,
s_008um_00593_00192-1,
s_008um_00574_00210-1,
s_008um_00675_00604-1,
s_008um_00602_00407-1,
s_008um_00212_00220-1,
s_008um_00639_00599-1,
s_008um_00676_00413-1,
s_008um_00291_00386-1,
s_008um_00117_00248-1,
s_008um_00247_00605-1,
s_008um_00643_00218-1,
s_008um_00655_00211-1,
s_008um_00403_00373-1,
s_008um_00520_00384-1,
s_008um_00686_00598-1,
s_008um_00414_00376-1,
s_008um_00563_00382-1,
s_008um_00195_00399-1,
s_008um_00518_00604-1,
s_008um_00469_00211-1,
s_008um_00635_00395-1,
s_008um_00368_00389-1,
s_008um_00316_00365-1,
s_008um_00431_00606-1,
s_008um_00598_00210-1,
s_008um_00128_00237-1,
s_008um_00222_00391-1,
s_008um_00586_00606-1,
s_008um_00635_00217-1,
s_008um_00493_00596-1,
s_008um_00477_00384-1,
s_008um_00582_00619-1,
s_008um_00428_00204-1,
s_008um_00483_00374-1,
s_008um_00500_00384-1,
s_008um_00438_00387-1,
s_008um_00475_00589-1,
s_008um_00301_00600-1,
s_008um_00669_00418-1,
s_008um_00116_00242-1,
s_008um_00441_00374-1,
s_008um_00405_00217-1,
s_008um_00456_00378-1,
s_008um_00351_00385-1,
s_008um_00320_00367-1,
s_008um_00499_00206-1,
s_008um_00306_00205-1,
s_008um_00684_00208-1,
s_008um_00185_00395-1,
s_008um_00485_00388-1,
s_008um_00569_00200-1,
s_008um_00685_00597-1,
s_008um_00204_00218-1,
s_008um_00256_00216-1,
s_008um_00260_00601-1,
s_008um_00326_00378-1,
s_008um_00365_00388-1,
s_008um_00629_00219-1,
s_008um_00382_00377-1,
s_008um_00449_00598-1,
s_008um_00617_00393-1,
s_008um_00530_00195-1,
s_008um_00245_00218-1,
s_008um_00328_00207-1,
s_008um_00454_00597-1,
s_008um_00548_00204-1,
s_008um_00613_00227-1,
s_008um_00671_00600-1,
s_008um_00562_00373-1,
s_008um_00460_00211-1,CS2
s_008um_00503_00213-1,
s_008um_00577_00382-1,
s_008um_00608_00599-1,
s_008um_00527_00200-1,
s_008um_00708_00605-1,
s_008um_00614_00216-1,
s_008um_00576_00378-1,
s_008um_00571_00223-1,
s_008um_00652_00408-1,
s_008um_00647_00209-1,
s_008um_00406_00610-1,
s_008um_00480_00392-1,
s_008um_00383_00374-1,
s_008um_00344_00369-1,
s_008um_00465_00591-1,
s_008um_00338_00602-1,
s_008um_00252_00373-1,
s_008um_00184_00406-1,
s_008um_00235_00394-1,
s_008um_00289_00369-1,
s_008um_00559_00391-1,
s_008um_00292_00387-1,
s_008um_00685_00421-1,
s_008um_00543_00202-1,
s_008um_00535_00209-1,
s_008um_00562_00599-1,
s_008um_00674_00210-1,
s_008um_00608_00597-1,
s_008um_00275_00599-1,
s_008um_00280_00386-1,
s_008um_00360_00613-1,
s_008um_00167_00244-1,
s_008um_00237_00392-1,
s_008um_00243_00392-1,
s_008um_00515_00196-1,
s_008um_00271_00382-1,
s_008um_00233_00388-1,
s_008um_00661_00420-1,
s_008um_00538_00197-1,
s_008um_00583_00615-1,
s_008um_00585_00604-1,
s_008um_00309_00210-1,
s_008um_00558_00199-1,
s_008um_00649_00623-1,
s_008um_00321_00386-1,
s_008um_00549_00213-1,
s_008um_00712_00616-1,
s_008um_00525_00385-1,
s_008um_00676_00421-1,
s_008um_00467_00599-1,
s_008um_00657_00620-1,
s_008um_00454_00393-1,
s_008um_00493_00210-1,
s_008um_00577_00218-1,
s_008um_00184_00396-1,
s_008um_00417_00393-1,
s_008um_00628_00619-1,
s_008um_00203_00226-1,
s_008um_00654_00213-1,
s_008um_00345_00604-1,
s_008um_00532_00204-1,
s_008um_00412_00605-1,
s_008um_00532_00600-1,
s_008um_00445_00212-1,CS2
s_008um_00599_00199-1,
s_008um_00689_00409-1,
s_008um_00295_00384-1,
s_008um_00546_00600-1,
s_008um_00689_00607-1,
s_008um_00370_00604-1,
s_008um_00662_00404-1,
s_008um_00562_00386-1,
s_008um_00558_00194-1,
s_008um_00373_00377-1,
s_008um_00644_00215-1,
s_008um_00666_00214-1,
s_008um_00349_00612-1,
s_008um_00684_00213-1,
s_008um_00572_00211-1,
s_008um_00534_00216-1,
s_008um_00492_00203-1,
s_008um_00694_00205-1,
s_008um_00546_00204-1,
s_008um_00400_00370-1,
s_008um_00238_00601-1,
s_008um_00669_00217-1,
s_008um_00620_00598-1,
s_008um_00607_00407-1,
s_008um_00224_00213-1,
s_008um_00602_00614-1,
s_008um_00643_00414-1,
s_008um_00346_00378-1,
s_008um_00522_00375-1,
s_008um_00363_00395-1,
s_008um_00610_00219-1,
s_008um_00642_00402-1,
s_008um_00706_00599-1,
s_008um_00541_00594-1,
s_008um_00262_00372-1,
s_008um_00186_00395-1,
s_008um_00335_00603-1,
s_008um_00361_00208-1,
s_008um_00690_00418-1,
s_008um_00293_00368-1,
s_008um_00434_00387-1,
s_008um_00528_00599-1,
s_008um_00486_00375-1,
s_008um_00581_00606-1,
s_008um_00349_00209-1,
s_008um_00604_00413-1,
s_008um_00523_00201-1,
s_008um_00192_00401-1,
s_008um_00518_00214-1,
s_008um_00167_00407-1,
s_008um_00568_00603-1,
s_008um_00361_00600-1,
s_008um_00311_00214-1,
s_008um_00666_00227-1,
s_008um_00340_00372-1,
s_008um_00427_00381-1,
s_008um_00528_00601-1,
s_008um_00643_00597-1,
s_008um_00379_00386-1,
s_008um_00612_00219-1,
s_008um_00616_00408-1,
s_008um_00141_00242-1,
s_008um_00625_00219-1,
s_008um_00612_00621-1,
s_008um_00352_00607-1,
s_008um_00554_00385-1,
s_008um_00208_00395-1,
s_008um_00378_00601-1,
s_008um_00621_00411-1,
s_008um_00409_00610-1,
s_008um_00477_00208-1,
s_008um_00171_00233-1,
s_008um_00258_00608-1,
s_008um_00378_00388-1,
s_008um_00178_00403-1,
s_008um_00473_00599-1,
s_008um_00272_00601-1,
s_008um_00490_00204-1,
s_008um_00409_00372-1,
s_008um_00554_00211-1,
s_008um_00311_00607-1,
s_008um_00560_00597-1,
s_008um_00681_00422-1,
s_008um_00653_00608-1,
s_008um_00668_00604-1,
s_008um_00315_00607-1,
s_008um_00427_00379-1,
s_008um_00578_00618-1,
s_008um_00547_00202-1,
s_008um_00238_00594-1,
s_008um_00445_00383-1,
s_008um_00359_00374-1,
s_008um_00462_00386-1,
s_008um_00707_00603-1,
s_008um_00361_00213-1,
s_008um_00627_00202-1,
s_008um_00697_00608-1,
s_008um_00537_00377-1,
s_008um_00292_00369-1,
s_008um_00365_00604-1,
s_008um_00553_00210-1,
s_008um_00636_00600-1,
s_008um_00227_00596-1,
s_008um_00307_00370-1,
s_008um_00471_00211-1,
s_008um_00666_00221-1,
s_008um_00240_00378-1,
s_008um_00406_00377-1,
s_008um_00630_00233-1,
s_008um_00665_00600-1,
s_008um_00331_00600-1,
s_008um_00246_00592-1,
s_008um_00202_00231-1,
s_008um_00668_00227-1,
s_008um_00231_00603-1,
s_008um_00236_00377-1,
s_008um_00190_00225-1,
s_008um_00432_00204-1,CS2
s_008um_00590_00384-1,
s_008um_00604_00219-1,
s_008um_00598_00196-1,
s_008um_00330_00603-1,
s_008um_00328_00610-1,
s_008um_00390_00212-1,
s_008um_00116_00226-1,
s_008um_00513_00592-1,
s_008um_00473_00216-1,
s_008um_00297_00390-1,
s_008um_00469_00376-1,
s_008um_00409_00387-1,
s_008um_00700_00617-1,
s_008um_00396_00375-1,
s_008um_00619_00405-1,
s_008um_00435_00601-1,
s_008um_00449_00373-1,
s_008um_00635_00410-1,
s_008um_00532_00373-1,
s_008um_00488_00216-1,
s_008um_00178_00401-1,
s_008um_00340_00209-1,
s_008um_00628_00230-1,
s_008um_00459_00392-1,
s_008um_00614_00217-1,
s_008um_00295_00383-1,
s_008um_00640_00225-1,
s_008um_00594_00418-1,
s_008um_00402_00376-1,
s_008um_00481_00386-1,
s_008um_00699_00418-1,
s_008um_00673_00209-1,
s_008um_00561_00601-1,
s_008um_00316_00609-1,
s_008um_00455_00594-1,
s_008um_00259_00222-1,
s_008um_00629_00199-1,
s_008um_00283_00387-1,
s_008um_00371_00377-1,
s_008um_00686_00206-1,
s_008um_00542_00195-1,
s_008um_00599_00202-1,
s_008um_00404_00382-1,
s_008um_00543_00374-1,
s_008um_00127_00237-1,
s_008um_00643_00400-1,
s_008um_00649_00421-1,
s_008um_00311_00604-1,
s_008um_00555_00611-1,
s_008um_00416_00380-1,
s_008um_00411_00376-1,
s_008um_00221_00397-1,
s_008um_00181_00236-1,
s_008um_00669_00411-1,
s_008um_00463_00388-1,
s_008um_00694_00600-1,
s_008um_00429_00389-1,
s_008um_00607_00406-1,
s_008um_00308_00387-1,
s_008um_00689_00413-1,
s_008um_00246_00594-1,
s_008um_00582_00612-1,
s_008um_00562_00193-1,
s_008um_00229_00379-1,
s_008um_00232_00593-1,
s_008um_00648_00211-1,
s_008um_00672_00412-1,
s_008um_00276_00366-1,
s_008um_00566_00205-1,
s_008um_00687_00211-1,
s_008um_00180_00400-1,
s_008um_00595_00386-1,
s_008um_00650_00414-1,
s_008um_00435_00596-1,
s_008um_00250_00379-1,
s_008um_00225_00595-1,
s_008um_00447_00209-1,CS2
s_008um_00594_00392-1,
s_008um_00544_00198-1,
s_008um_00167_00235-1,
s_008um_00116_00247-1,
s_008um_00330_00597-1,
s_008um_00519_00196-1,
s_008um_00658_00607-1,
s_008um_00404_00371-1,
s_008um_00672_00421-1,
s_008um_00579_00193-1,
s_008um_00443_00216-1,CS2
s_008um_00246_00220-1,
s_008um_00316_00612-1,
s_008um_00305_00375-1,
s_008um_00697_00607-1,
s_008um_00180_00226-1,
s_008um_00579_00605-1,
s_008um_00234_00399-1,
s_008um_00159_00235-1,
s_008um_00604_00599-1,
s_008um_00612_00202-1,
s_008um_00469_00393-1,
s_008um_00320_00371-1,
s_008um_00446_00386-1,
s_008um_00217_00220-1,
s_008um_00545_00392-1,
s_008um_00241_00380-1,
s_008um_00698_00604-1,
s_008um_00204_00216-1,
s_008um_00289_00381-1,
s_008um_00578_00414-1,
s_008um_00408_00211-1,
s_008um_00527_00605-1,
s_008um_00447_00211-1,CS2
s_008um_00411_00392-1,
s_008um_00648_00234-1,
s_008um_00494_00207-1,
s_008um_00647_00599-1,
s_008um_00332_00379-1,
s_008um_00584_00385-1,
s_008um_00656_00210-1,
s_008um_00629_00601-1,
s_008um_00579_00383-1,
s_008um_00309_00612-1,
s_008um_00672_00611-1,
s_008um_00526_00374-1,
s_008um_00614_00227-1,
s_008um_00248_00216-1,
s_008um_00709_00206-1,
s_008um_00272_00372-1,
s_008um_00461_00594-1,
s_008um_00422_00379-1,
s_008um_00532_00205-1,
s_008um_00434_00595-1,
s_008um_00444_00389-1,
s_008um_00335_00214-1,
s_008um_00202_00223-1,
s_008um_00576_00385-1,
s_008um_00623_00200-1,
s_008um_00511_00602-1,
s_008um_00248_00382-1,
s_008um_00277_00376-1,
s_008um_00542_00368-1,
s_008um_00537_00392-1,
s_008um_00373_00614-1,
s_008um_00442_00384-1,
s_008um_00655_00224-1,
s_008um_00437_00213-1,CS2
s_008um_00591_00620-1,
s_008um_00628_00413-1,
s_008um_00309_00386-1,
s_008um_00659_00213-1,
s_008um_00570_00608-1,
s_008um_00368_00386-1,
s_008um_00521_00376-1,
s_008um_00583_00413-1,
s_008um_00296_00370-1,
s_008um_00170_00407-1,
s_008um_00219_00215-1,
s_008um_00633_00195-1,
s_008um_00284_00212-1,
s_008um_00372_00610-1,
s_008um_00532_00595-1,
s_008um_00517_00389-1,
s_008um_00392_00391-1,
s_008um_00485_00589-1,
s_008um_00379_00390-1,
s_008um_00354_00612-1,
s_008um_00345_00213-1,
s_008um_00560_00216-1,
s_008um_00630_00606-1,
s_008um_00643_00412-1,
s_008um_00338_00371-1,
s_008um_00576_00194-1,
s_008um_00516_00377-1,
s_008um_00508_00380-1,
s_008um_00656_00203-1,
s_008um_00714_00418-1,
s_008um_00335_00598-1,
s_008um_00160_00231-1,
s_008um_00669_00616-1,
s_008um_00157_00240-1,
s_008um_00420_00389-1,
s_008um_00608_00226-1,
s_008um_00530_00601-1,
s_008um_00586_00200-1,
s_008um_00572_00602-1,
s_008um_00598_00383-1,
s_008um_00252_00215-1,
s_008um_00411_00211-1,
s_008um_00504_00206-1,
s_008um_00266_00215-1,
s_008um_00568_00610-1,
s_008um_00610_00227-1,
s_008um_00388_00371-1,
s_008um_00421_00392-1,
s_008um_00583_00604-1,
s_008um_00260_00602-1,
s_008um_00159_00407-1,
s_008um_00619_00209-1,
s_008um_00667_00209-1,
s_008um_00707_00619-1,
s_008um_00525_00601-1,
s_008um_00526_00600-1,
s_008um_00598_00393-1,
s_008um_00130_00228-1,
s_008um_00636_00419-1,
s_008um_00469_00213-1,
s_008um_00548_00371-1,
s_008um_00513_00379-1,
s_008um_00516_00606-1,
s_008um_00525_00371-1,
s_008um_00565_00221-1,
s_008um_00446_00208-1,CS2
s_008um_00603_00212-1,
s_008um_00522_00384-1,
s_008um_00658_00601-1,
s_008um_00482_00391-1,
s_008um_00627_00225-1,
s_008um_00225_00392-1,
s_008um_00501_00388-1,
s_008um_00635_00622-1,
s_008um_00518_00594-1,
s_008um_00445_00380-1,
s_008um_00155_00238-1,
s_008um_00199_00395-1,
s_008um_00401_00212-1,
s_008um_00640_00595-1,
s_008um_00334_00378-1,
s_008um_00184_00226-1,
s_008um_00464_00386-1,
s_008um_00685_00598-1,
s_008um_00560_00596-1,
s_008um_00441_00390-1,
s_008um_00634_00197-1,
s_008um_00379_00216-1,
s_008um_00555_00209-1,
s_008um_00558_00385-1,
s_008um_00588_00198-1,
s_008um_00568_00611-1,
s_008um_00303_00209-1,
s_008um_00279_00603-1,
s_008um_00369_00368-1,
s_008um_00211_00218-1,
s_008um_00692_00420-1,
s_008um_00278_00214-1,
s_008um_00578_00385-1,
s_008um_00608_00197-1,
s_008um_00595_00417-1,
s_008um_00357_00211-1,
s_008um_00207_00222-1,
s_008um_00541_00390-1,
s_008um_00605_00195-1,
s_008um_00532_00607-1,
s_008um_00263_00599-1,
s_008um_00598_00617-1,
s_008um_00205_00214-1,
s_008um_00219_00223-1,
s_008um_00229_00392-1,
s_008um_00556_00378-1,
s_008um_00325_00606-1,
s_008um_00515_00205-1,
s_008um_00349_00600-1,
s_008um_00204_00395-1,
s_008um_00647_00597-1,
s_008um_00286_00602-1,
s_008um_00558_00196-1,
s_008um_00568_00207-1,
s_008um_00287_00386-1,
s_008um_00298_00209-1,
s_008um_00442_00389-1,
s_008um_00597_00213-1,
s_008um_00494_00388-1,
s_008um_00200_00389-1,
s_008um_00714_00610-1,
s_008um_00167_00402-1,
s_008um_00372_00375-1,
s_008um_00263_00603-1,
s_008um_00544_00600-1,
s_008um_00502_00196-1,
s_008um_00658_00227-1,
s_008um_00540_00376-1,
s_008um_00599_00411-1,
s_008um_00421_00596-1,
s_008um_00601_00220-1,
s_008um_00353_00372-1,
s_008um_00465_00601-1,
s_008um_00286_00606-1,
s_008um_00588_00396-1,
s_008um_00628_00594-1,
s_008um_00385_00611-1,
s_008um_00519_00605-1,
s_008um_00595_00205-1,
s_008um_00339_00372-1,
s_008um_00631_00199-1,
s_008um_00168_00404-1,
s_008um_00458_00377-1,
s_008um_00505_00208-1,
s_008um_00312_00372-1,
s_008um_00354_00375-1,
s_008um_00507_00594-1,
s_008um_00278_00215-1,
s_008um_00685_00416-1,
s_008um_00692_00413-1,
s_008um_00338_00612-1,
s_008um_00195_00225-1,
s_008um_00464_00588-1,
s_008um_00619_00223-1,
s_008um_00711_00204-1,
s_008um_00517_00387-1,
s_008um_00304_00382-1,
s_008um_00417_00379-1,
s_008um_00566_00211-1,
s_008um_00130_00248-1,
s_008um_00610_00617-1,
s_008um_00200_00227-1,
s_008um_00585_00392-1,
s_008um_00305_00390-1,
s_008um_00427_00394-1,
s_008um_00223_00222-1,
s_008um_00531_00389-1,
s_008um_00338_00383-1,
s_008um_00595_00219-1,
s_008um_00414_00392-1,
s_008um_00603_00608-1,
s_008um_00505_00389-1,
s_008um_00189_00404-1,
s_008um_00623_00226-1,
s_008um_00335_00381-1,
s_008um_00561_00605-1,
s_008um_00409_00217-1,
s_008um_00370_00208-1,
s_008um_00397_00379-1,
s_008um_00654_00620-1,
s_008um_00464_00212-1,
s_008um_00590_00414-1,
s_008um_00303_00370-1,
s_008um_00362_00372-1,
s_008um_00424_00385-1,
s_008um_00641_00409-1,
s_008um_00463_00592-1,
s_008um_00350_00597-1,
s_008um_00356_00373-1,
s_008um_00668_00616-1,
s_008um_00376_00379-1,
s_008um_00575_00380-1,
s_008um_00632_00190-1,
s_008um_00323_00608-1,
s_008um_00628_00202-1,
s_008um_00607_00202-1,
s_008um_00404_00374-1,
s_008um_00296_00378-1,
s_008um_00413_00217-1,
s_008um_00635_00415-1,
s_008um_00662_00598-1,
s_008um_00644_00210-1,
s_008um_00523_00207-1,
s_008um_00569_00619-1,
s_008um_00188_00397-1,
s_008um_00133_00251-1,
s_008um_00516_00597-1,
s_008um_00514_00201-1,
s_008um_00496_00216-1,
s_008um_00677_00420-1,
s_008um_00219_00225-1,
s_008um_00393_00612-1,
s_008um_00348_00378-1,
s_008um_00240_00594-1,
s_008um_00344_00600-1,
s_008um_00427_00386-1,
s_008um_00536_00601-1,
s_008um_00309_00380-1,
s_008um_00442_00391-1,
s_008um_00688_00206-1,
s_008um_00470_00379-1,
s_008um_00377_00605-1,
s_008um_00408_00388-1,
s_008um_00123_00225-1,
s_008um_00528_00212-1,
s_008um_00581_00207-1,
s_008um_00189_00226-1,
s_008um_00302_00602-1,
s_008um_00163_00237-1,
s_008um_00507_00392-1,
s_008um_00535_00599-1,
s_008um_00625_00620-1,
s_008um_00362_00379-1,
s_008um_00571_00599-1,
s_008um_00174_00406-1,
s_008um_00592_00619-1,
s_008um_00220_00397-1,
s_008um_00475_00588-1,
s_008um_00596_00226-1,
s_008um_00580_00205-1,
s_008um_00554_00205-1,
s_008um_00354_00610-1,
s_008um_00303_00382-1,
s_008um_00701_00610-1,
s_008um_00297_00611-1,
s_008um_00632_00223-1,
s_008um_00657_00213-1,
s_008um_00484_00597-1,
s_008um_00192_00230-1,
s_008um_00553_00596-1,
s_008um_00532_00195-1,
s_008um_00450_00378-1,
s_008um_00584_00378-1,
s_008um_00362_00210-1,
s_008um_00301_00601-1,
s_008um_00334_00607-1,
s_008um_00671_00597-1,
s_008um_00156_00410-1,
s_008um_00227_00388-1,
s_008um_00203_00215-1,
s_008um_00650_00613-1,
s_008um_00693_00415-1,
s_008um_00542_00207-1,
s_008um_00518_00384-1,
s_008um_00632_00617-1,
s_008um_00302_00374-1,
s_008um_00604_00217-1,
s_008um_00467_00602-1,
s_008um_00317_00382-1,
s_008um_00480_00596-1,
s_008um_00453_00384-1,
s_008um_00649_00594-1,
s_008um_00715_00618-1,
s_008um_00252_00371-1,
s_008um_00254_00390-1,
s_008um_00208_00229-1,
s_008um_00346_00368-1,
s_008um_00619_00397-1,
s_008um_00230_00388-1,
s_008um_00225_00598-1,
s_008um_00526_00601-1,
s_008um_00596_00389-1,
s_008um_00369_00385-1,
s_008um_00452_00599-1,
s_008um_00540_00215-1,
s_008um_00702_00602-1,
s_008um_00595_00414-1,
s_008um_00708_00604-1,
s_008um_00489_00211-1,
s_008um_00580_00607-1,
s_008um_00715_00415-1,
s_008um_00355_00389-1,
s_008um_00249_00380-1,
s_008um_00141_00243-1,
s_008um_00382_00209-1,
s_008um_00306_00376-1,
s_008um_00633_00614-1,
s_008um_00466_00391-1,
s_008um_00282_00606-1,
s_008um_00170_00410-1,
s_008um_00312_00210-1,
s_008um_00600_00386-1,
s_008um_00712_00206-1,
s_008um_00240_00384-1,
s_008um_00630_00227-1,
s_008um_00620_00198-1,
s_008um_00416_00608-1,
s_008um_00544_00597-1,
s_008um_00630_00228-1,
s_008um_00251_00380-1,
s_008um_00518_00372-1,
s_008um_00616_00405-1,
s_008um_00495_00602-1,
s_008um_00363_00388-1,
s_008um_00637_00622-1,
s_008um_00639_00602-1,
s_008um_00486_00382-1,
s_008um_00331_00368-1,
s_008um_00503_00384-1,
s_008um_00711_00418-1,
s_008um_00195_00218-1,
s_008um_00237_00595-1,
s_008um_00526_00196-1,
s_008um_00243_00394-1,
s_008um_00319_00210-1,
s_008um_00651_00225-1,
s_008um_00604_00612-1,
s_008um_00321_00364-1,
s_008um_00670_00418-1,
s_008um_00229_00384-1,
s_008um_00230_00392-1,
s_008um_00359_00607-1,
s_008um_00328_00206-1,
s_008um_00357_00205-1,
s_008um_00206_00215-1,
s_008um_00401_00386-1,
s_008um_00273_00215-1,
s_008um_00298_00370-1,
s_008um_00687_00601-1,
s_008um_00455_00383-1,
s_008um_00478_00601-1,
s_008um_00660_00222-1,
s_008um_00626_00614-1,
s_008um_00545_00218-1,
s_008um_00606_00414-1,
s_008um_00618_00231-1,
s_008um_00366_00384-1,
s_008um_00510_00372-1,
s_008um_00212_00385-1,
s_008um_00247_00390-1,
s_008um_00320_00610-1,
s_008um_00594_00409-1,
s_008um_00465_00207-1,
s_008um_00312_00604-1,
s_008um_00643_00233-1,
s_008um_00443_00596-1,
s_008um_00482_00386-1,
s_008um_00253_00386-1,
s_008um_00614_00603-1,
s_008um_00708_00609-1,
s_008um_00507_00393-1,
s_008um_00559_00602-1,
s_008um_00693_00212-1,
s_008um_00349_00369-1,
s_008um_00370_00215-1,
s_008um_00587_00383-1,
s_008um_00195_00233-1,
s_008um_00372_00377-1,
s_008um_00314_00602-1,
s_008um_00510_00599-1,
s_008um_00536_00392-1,
s_008um_00236_00217-1,
s_008um_00532_00202-1,
s_008um_00444_00394-1,
s_008um_00302_00206-1,
s_008um_00566_00606-1,
s_008um_00233_00394-1,
s_008um_00493_00209-1,
s_008um_00442_00604-1,
s_008um_00453_00210-1,
s_008um_00635_00205-1,
s_008um_00141_00234-1,
s_008um_00698_00612-1,
s_008um_00356_00383-1,
s_008um_00386_00609-1,
s_008um_00246_00216-1,
s_008um_00369_00609-1,
s_008um_00333_00209-1,
s_008um_00369_00379-1,
s_008um_00660_00209-1,
s_008um_00601_00391-1,
s_008um_00356_00207-1,
s_008um_00605_00219-1,
s_008um_00538_00203-1,
s_008um_00373_00374-1,
s_008um_00264_00606-1,
s_008um_00443_00595-1,
s_008um_00396_00374-1,
s_008um_00579_00224-1,
s_008um_00164_00227-1,
s_008um_00562_00218-1,
s_008um_00588_00218-1,
s_008um_00295_00209-1,
s_008um_00452_00373-1,
s_008um_00623_00202-1,
s_008um_00533_00372-1,
s_008um_00406_00373-1,
s_008um_00520_00203-1,
s_008um_00712_00603-1,
s_008um_00476_00602-1,
s_008um_00315_00606-1,
s_008um_00276_00389-1,
s_008um_00496_00604-1,
s_008um_00207_00226-1,
s_008um_00589_00221-1,
s_008um_00587_00220-1,
s_008um_00306_00374-1,
s_008um_00648_00610-1,
s_008um_00537_00370-1,
s_008um_00494_00382-1,
s_008um_00325_00386-1,
s_008um_00325_00376-1,
s_008um_00555_00200-1,
s_008um_00619_00596-1,
s_008um_00286_00215-1,
s_008um_00383_00600-1,
s_008um_00403_00604-1,
s_008um_00255_00371-1,
s_008um_00317_00373-1,
s_008um_00247_00591-1,
s_008um_00580_00199-1,
s_008um_00298_00215-1,
s_008um_00651_00209-1,
s_008um_00173_00229-1,
s_008um_00593_00406-1,
s_008um_00707_00618-1,
s_008um_00304_00372-1,
s_008um_00451_00380-1,
s_008um_00435_00595-1,
s_008um_00202_00402-1,
s_008um_00660_00409-1,
s_008um_00120_00235-1,
s_008um_00468_00211-1,
s_008um_00415_00375-1,
s_008um_00667_00214-1,
s_008um_00413_00210-1,
s_008um_00289_00210-1,
s_008um_00593_00220-1,
s_008um_00547_00373-1,
s_008um_00441_00392-1,
s_008um_00379_00373-1,
s_008um_00397_00604-1,
s_008um_00572_00201-1,
s_008um_00234_00592-1,
s_008um_00627_00200-1,
s_008um_00457_00604-1,
s_008um_00273_00372-1,
s_008um_00320_00377-1,
s_008um_00352_00603-1,
s_008um_00510_00199-1,
s_008um_00544_00193-1,
s_008um_00304_00209-1,
s_008um_00527_00199-1,
s_008um_00145_00232-1,
s_008um_00604_00228-1,
s_008um_00569_00615-1,
s_008um_00484_00388-1,
s_008um_00321_00605-1,
s_008um_00139_00231-1,
s_008um_00514_00598-1,
s_008um_00457_00597-1,
s_008um_00247_00592-1,
s_008um_00326_00206-1,
s_008um_00592_00212-1,
s_008um_00591_00201-1,
s_008um_00296_00372-1,
s_008um_00716_00611-1,
s_008um_00698_00602-1,
s_008um_00592_00390-1,
s_008um_00454_00219-1,CS2
s_008um_00582_00217-1,
s_008um_00611_00228-1,
s_008um_00715_00604-1,
s_008um_00526_00376-1,
s_008um_00534_00385-1,
s_008um_00569_00204-1,
s_008um_00653_00400-1,
s_008um_00663_00203-1,
s_008um_00382_00390-1,
s_008um_00664_00209-1,
s_008um_00210_00400-1,
s_008um_00318_00368-1,
s_008um_00683_00600-1,
s_008um_00243_00377-1,
s_008um_00626_00399-1,
s_008um_00514_00375-1,
s_008um_00588_00620-1,
s_008um_00703_00208-1,
s_008um_00524_00201-1,
s_008um_00647_00206-1,
s_008um_00642_00417-1,
s_008um_00672_00222-1,
s_008um_00513_00392-1,
s_008um_00299_00211-1,
s_008um_00709_00414-1,
s_008um_00205_00230-1,
s_008um_00421_00389-1,
s_008um_00287_00366-1,
s_008um_00275_00605-1,
s_008um_00266_00597-1,
s_008um_00379_00215-1,
s_008um_00509_00590-1,
s_008um_00259_00223-1,
s_008um_00467_00208-1,
s_008um_00608_00610-1,
s_008um_00684_00597-1,
s_008um_00316_00381-1,
s_008um_00316_00601-1,
s_008um_00592_00603-1,
s_008um_00358_00390-1,
s_008um_00620_00608-1,
s_008um_00641_00601-1,
s_008um_00437_00219-1,CS2
s_008um_00485_00203-1,
s_008um_00689_00214-1,
s_008um_00543_00389-1,
s_008um_00270_00224-1,
s_008um_00488_00379-1,
s_008um_00207_00390-1,
s_008um_00604_00195-1,
s_008um_00478_00595-1,
s_008um_00600_00218-1,
s_008um_00607_00207-1,
s_008um_00623_00596-1,
s_008um_00667_00223-1,
s_008um_00550_00386-1,
s_008um_00360_00610-1,
s_008um_00657_00228-1,
s_008um_00214_00391-1,
s_008um_00546_00215-1,
s_008um_00232_00594-1,
s_008um_00335_00207-1,
s_008um_00445_00373-1,
s_008um_00117_00239-1,
s_008um_00552_00198-1,
s_008um_00173_00239-1,
s_008um_00366_00606-1,
s_008um_00291_00602-1,
s_008um_00588_00202-1,
s_008um_00240_00592-1,
s_008um_00596_00229-1,
s_008um_00566_00378-1,
s_008um_00431_00384-1,
s_008um_00243_00600-1,
s_008um_00175_00234-1,
s_008um_00127_00250-1,
s_008um_00530_00381-1,
s_008um_00589_00218-1,
s_008um_00541_00609-1,
s_008um_00406_00379-1,
s_008um_00558_00193-1,
s_008um_00652_00228-1,
s_008um_00593_00608-1,
s_008um_00536_00213-1,
s_008um_00570_00222-1,
s_008um_00616_00407-1,
s_008um_00578_00198-1,
s_008um_00541_00372-1,
s_008um_00711_00415-1,
s_008um_00408_00601-1,
s_008um_00717_00614-1,
s_008um_00565_00220-1,
s_008um_00330_00606-1,
s_008um_00369_00387-1,
s_008um_00110_00229-1,
s_008um_00470_00377-1,
s_008um_00613_00218-1,
s_008um_00250_00595-1,
s_008um_00482_00599-1,
s_008um_00479_00205-1,
s_008um_00579_00376-1,
s_008um_00336_00599-1,
s_008um_00126_00244-1,
s_008um_00440_00603-1,
s_008um_00393_00608-1,
s_008um_00446_00200-1,
s_008um_00512_00594-1,
s_008um_00526_00593-1,
s_008um_00693_00598-1,
s_008um_00520_00216-1,
s_008um_00253_00214-1,
s_008um_00547_00205-1,
s_008um_00478_00378-1,
s_008um_00285_00377-1,
s_008um_00410_00599-1,
s_008um_00564_00389-1,
s_008um_00242_00377-1,
s_008um_00349_00208-1,
s_008um_00460_00385-1,
s_008um_00358_00608-1,
s_008um_00477_00592-1,
s_008um_00489_00378-1,
s_008um_00530_00378-1,
s_008um_00586_00607-1,
s_008um_00477_00594-1,
s_008um_00382_00380-1,
s_008um_00393_00383-1,
s_008um_00280_00370-1,
s_008um_00538_00200-1,
s_008um_00540_00197-1,
s_008um_00504_00379-1,
s_008um_00663_00607-1,
s_008um_00308_00214-1,
s_008um_00433_00206-1,CS2
s_008um_00636_00418-1,
s_008um_00689_00412-1,
s_008um_00461_00375-1,
s_008um_00281_00382-1,
s_008um_00382_00369-1,
s_008um_00425_00395-1,
s_008um_00597_00215-1,
s_008um_00382_00212-1,
s_008um_00664_00418-1,
s_008um_00111_00239-1,
s_008um_00347_00608-1,
s_008um_00543_00210-1,
s_008um_00319_00605-1,
s_008um_00380_00389-1,
s_008um_00305_00374-1,
s_008um_00619_00218-1,
s_008um_00528_00206-1,
s_008um_00489_00595-1,
s_008um_00588_00389-1,
s_008um_00646_00608-1,
s_008um_00403_00372-1,
s_008um_00657_00402-1,
s_008um_00449_00216-1,CS2
s_008um_00442_00208-1,CS2
s_008um_00623_00600-1,
s_008um_00601_00418-1,
s_008um_00632_00622-1,
s_008um_00506_00382-1,
s_008um_00123_00243-1,
s_008um_00615_00415-1,
s_008um_00556_00605-1,
s_008um_00430_00602-1,
s_008um_00150_00242-1,
s_008um_00347_00390-1,
s_008um_00601_00222-1,
s_008um_00371_00387-1,
s_008um_00520_00370-1,
s_008um_00551_00607-1,
s_008um_00195_00217-1,
s_008um_00713_00604-1,
s_008um_00668_00219-1,
s_008um_00632_00601-1,
s_008um_00664_00220-1,
s_008um_00616_00199-1,
s_008um_00562_00604-1,
s_008um_00359_00387-1,
s_008um_00590_00385-1,
s_008um_00197_00224-1,
s_008um_00663_00411-1,
s_008um_00347_00603-1,
s_008um_00688_00617-1,
s_008um_00657_00212-1,
s_008um_00116_00237-1,
s_008um_00692_00209-1,
s_008um_00263_00377-1,
s_008um_00245_00374-1,
s_008um_00610_00609-1,
s_008um_00564_00390-1,
s_008um_00272_00385-1,
s_008um_00396_00605-1,
s_008um_00368_00382-1,
s_008um_00702_00612-1,
s_008um_00254_00388-1,
s_008um_00436_00388-1,
s_008um_00405_00370-1,
s_008um_00616_00198-1,
s_008um_00650_00593-1,
s_008um_00372_00209-1,
s_008um_00372_00600-1,
s_008um_00309_00209-1,
s_008um_00664_00615-1,
s_008um_00644_00404-1,
s_008um_00319_00211-1,
s_008um_00403_00216-1,
s_008um_00613_00207-1,
s_008um_00504_00197-1,
s_008um_00261_00604-1,
s_008um_00584_00413-1,
s_008um_00390_00391-1,
s_008um_00275_00604-1,
s_008um_00400_00603-1,
s_008um_00433_00377-1,
s_008um_00515_00215-1,
s_008um_00484_00391-1,
s_008um_00688_00214-1,
s_008um_00239_00398-1,
s_008um_00511_00211-1,
s_008um_00598_00215-1,
s_008um_00608_00403-1,
s_008um_00519_00383-1,
s_008um_00340_00606-1,
s_008um_00350_00388-1,
s_008um_00642_00407-1,
s_008um_00244_00382-1,
s_008um_00669_00615-1,
s_008um_00305_00608-1,
s_008um_00235_00219-1,
s_008um_00202_00392-1,
s_008um_00445_00202-1,
s_008um_00395_00390-1,
s_008um_00386_00378-1,
s_008um_00322_00604-1,
s_008um_00512_00604-1,
s_008um_00584_00216-1,
s_008um_00565_00608-1,
s_008um_00610_00620-1,
s_008um_00706_00205-1,
s_008um_00541_00378-1,
s_008um_00193_00396-1,
s_008um_00127_00234-1,
s_008um_00206_00213-1,
s_008um_00537_00597-1,
s_008um_00592_00194-1,
s_008um_00576_00384-1,
s_008um_00645_00407-1,
s_008um_00149_00230-1,
s_008um_00265_00370-1,
s_008um_00593_00217-1,
s_008um_00644_00407-1,
s_008um_00465_00387-1,
s_008um_00453_00220-1,CS2
s_008um_00554_00610-1,
s_008um_00674_00416-1,
s_008um_00650_00620-1,
s_008um_00644_00232-1,
s_008um_00569_00388-1,
s_008um_00132_00238-1,
s_008um_00655_00595-1,
s_008um_00714_00603-1,
s_008um_00333_00210-1,
s_008um_00304_00607-1,
s_008um_00283_00376-1,
s_008um_00644_00595-1,
s_008um_00663_00604-1,
s_008um_00225_00224-1,
s_008um_00624_00595-1,
s_008um_00554_00611-1,
s_008um_00664_00219-1,
s_008um_00279_00214-1,
s_008um_00552_00202-1,
s_008um_00575_00384-1,
s_008um_00582_00387-1,
s_008um_00584_00612-1,
s_008um_00332_00611-1,
s_008um_00331_00380-1,
s_008um_00499_00387-1,
s_008um_00353_00374-1,
s_008um_00484_00390-1,
s_008um_00605_00199-1,
s_008um_00193_00221-1,
s_008um_00113_00243-1,
s_008um_00588_00205-1,
s_008um_00645_00224-1,
s_008um_00557_00612-1,
s_008um_00549_00604-1,
s_008um_00443_00605-1,
s_008um_00337_00211-1,
s_008um_00594_00394-1,
s_008um_00683_00206-1,
s_008um_00403_00369-1,
s_008um_00609_00205-1,
s_008um_00517_00599-1,
s_008um_00631_00610-1,
s_008um_00387_00384-1,
s_008um_00423_00212-1,CS2
s_008um_00607_00410-1,
s_008um_00367_00611-1,
s_008um_00609_00413-1,
s_008um_00301_00380-1,
s_008um_00681_00611-1,
s_008um_00338_00378-1,
s_008um_00602_00217-1,
s_008um_00391_00605-1,
s_008um_00204_00228-1,
s_008um_00592_00195-1,
s_008um_00199_00223-1,
s_008um_00689_00423-1,
s_008um_00193_00228-1,
s_008um_00166_00234-1,
s_008um_00262_00368-1,
s_008um_00353_00613-1,
s_008um_00168_00405-1,
s_008um_00710_00619-1,
s_008um_00459_00387-1,
s_008um_00478_00202-1,
s_008um_00221_00394-1,
s_008um_00538_00216-1,
s_008um_00351_00604-1,
s_008um_00693_00615-1,
s_008um_00267_00377-1,
s_008um_00660_00610-1,
s_008um_00618_00394-1,
s_008um_00628_00217-1,
s_008um_00377_00216-1,
s_008um_00143_00236-1,
s_008um_00548_00201-1,
s_008um_00315_00605-1,
s_008um_00589_00197-1,
s_008um_00506_00593-1,
s_008um_00714_00204-1,
s_008um_00716_00422-1,
s_008um_00641_00396-1,
s_008um_00629_00191-1,
s_008um_00529_00608-1,
s_008um_00317_00379-1,
s_008um_00652_00221-1,
s_008um_00182_00229-1,
s_008um_00554_00612-1,
s_008um_00674_00216-1,
s_008um_00440_00597-1,
s_008um_00499_00213-1,
s_008um_00129_00247-1,
s_008um_00631_00203-1,
s_008um_00189_00227-1,
s_008um_00556_00386-1,
s_008um_00562_00202-1,
s_008um_00337_00612-1,
s_008um_00386_00612-1,
s_008um_00440_00202-1,
s_008um_00255_00380-1,
s_008um_00678_00211-1,
s_008um_00467_00211-1,
s_008um_00485_00213-1,
s_008um_00632_00196-1,
s_008um_00640_00594-1,
s_008um_00580_00416-1,
s_008um_00595_00598-1,
s_008um_00690_00602-1,
s_008um_00709_00615-1,
s_008um_00639_00413-1,
s_008um_00409_00604-1,
s_008um_00540_00592-1,
s_008um_00613_00215-1,
s_008um_00324_00377-1,
s_008um_00384_00601-1,
s_008um_00436_00605-1,
s_008um_00590_00206-1,
s_008um_00562_00387-1,
s_008um_00222_00219-1,
s_008um_00553_00607-1,
s_008um_00529_00208-1,
s_008um_00559_00194-1,
s_008um_00598_00217-1,
s_008um_00690_00203-1,
s_008um_00647_00594-1,
s_008um_00274_00389-1,
s_008um_00454_00388-1,
s_008um_00158_00247-1,
s_008um_00375_00370-1,
s_008um_00580_00209-1,
s_008um_00363_00601-1,
s_008um_00190_00405-1,
s_008um_00376_00613-1,
s_008um_00361_00389-1,
s_008um_00206_00226-1,
s_008um_00649_00207-1,
s_008um_00519_00603-1,
s_008um_00308_00211-1,
s_008um_00423_00603-1,
s_008um_00219_00391-1,
s_008um_00273_00370-1,
s_008um_00181_00406-1,
s_008um_00349_00389-1,
s_008um_00636_00200-1,
s_008um_00641_00397-1,
s_008um_00567_00614-1,
s_008um_00571_00222-1,
s_008um_00166_00409-1,
s_008um_00478_00212-1,
s_008um_00592_00204-1,
s_008um_00600_00412-1,
s_008um_00570_00200-1,
s_008um_00607_00607-1,
s_008um_00694_00605-1,
s_008um_00689_00615-1,
s_008um_00182_00230-1,
s_008um_00451_00374-1,
s_008um_00549_00606-1,
s_008um_00288_00220-1,
s_008um_00282_00377-1,
s_008um_00626_00221-1,
s_008um_00646_00619-1,
s_008um_00567_00212-1,
s_008um_00632_00228-1,
s_008um_00577_00388-1,
s_008um_00307_00611-1,
s_008um_00476_00600-1,
s_008um_00228_00222-1,
s_008um_00553_00379-1,
s_008um_00544_00210-1,
s_008um_00306_00385-1,
s_008um_00566_00206-1,
s_008um_00704_00414-1,
s_008um_00343_00385-1,
s_008um_00678_00423-1,
s_008um_00693_00204-1,
s_008um_00357_00383-1,
s_008um_00209_00221-1,
s_008um_00671_00215-1,
s_008um_00233_00221-1,
s_008um_00579_00387-1,
s_008um_00590_00201-1,
s_008um_00362_00385-1,
s_008um_00675_00213-1,
s_008um_00608_00200-1,
s_008um_00157_00236-1,
s_008um_00641_00611-1,
s_008um_00526_00591-1,
s_008um_00478_00380-1,
s_008um_00430_00381-1,
s_008um_00576_00201-1,
s_008um_00308_00603-1,
s_008um_00416_00389-1,
s_008um_00559_00386-1,
s_008um_00224_00219-1,
s_008um_00594_00382-1,
s_008um_00511_00212-1,
s_008um_00371_00209-1,
s_008um_00289_00605-1,
s_008um_00344_00602-1,
s_008um_00469_00380-1,
s_008um_00481_00205-1,
s_008um_00342_00374-1,
s_008um_00231_00600-1,
s_008um_00529_00369-1,
s_008um_00265_00218-1,
s_008um_00496_00599-1,
s_008um_00357_00385-1,
s_008um_00441_00210-1,CS2
s_008um_00546_00380-1,
s_008um_00359_00606-1,
s_008um_00489_00390-1,
s_008um_00435_00599-1,
s_008um_00130_00249-1,
s_008um_00313_00612-1,
s_008um_00660_00420-1,
s_008um_00304_00601-1,
s_008um_00545_00377-1,
s_008um_00192_00397-1,
s_008um_00596_00407-1,
s_008um_00403_00603-1,
s_008um_00369_00369-1,
s_008um_00712_00615-1,
s_008um_00359_00372-1,
s_008um_00590_00622-1,
s_008um_00667_00597-1,
s_008um_00277_00379-1,
s_008um_00687_00609-1,
s_008um_00328_00382-1,
s_008um_00178_00234-1,
s_008um_00362_00610-1,
s_008um_00635_00420-1,
s_008um_00629_00399-1,
s_008um_00586_00223-1,
s_008um_00495_00592-1,
s_008um_00669_00223-1,
s_008um_00161_00229-1,
s_008um_00159_00403-1,
s_008um_00507_00591-1,
s_008um_00585_00216-1,
s_008um_00130_00250-1,
s_008um_00198_00402-1,
s_008um_00162_00243-1,
s_008um_00596_00613-1,
s_008um_00195_00394-1,
s_008um_00629_00606-1,
s_008um_00219_00395-1,
s_008um_00313_00382-1,
s_008um_00591_00412-1,
s_008um_00637_00623-1,
s_008um_00620_00206-1,
s_008um_00495_00215-1,
s_008um_00524_00196-1,
s_008um_00126_00238-1,
s_008um_00626_00216-1,
s_008um_00670_00218-1,
s_008um_00507_00199-1,
s_008um_00233_00601-1,
s_008um_00541_00601-1,
s_008um_00611_00204-1,
s_008um_00283_00377-1,
s_008um_00638_00417-1,
s_008um_00624_00617-1,
s_008um_00369_00604-1,
s_008um_00698_00415-1,
s_008um_00358_00607-1,
s_008um_00614_00228-1,
s_008um_00396_00601-1,
s_008um_00129_00244-1,
s_008um_00558_00206-1,
s_008um_00409_00213-1,
s_008um_00293_00370-1,
s_008um_00608_00202-1,
s_008um_00576_00213-1,
s_008um_00644_00418-1,
s_008um_00681_00601-1,
s_008um_00649_00622-1,
s_008um_00118_00230-1,
s_008um_00544_00206-1,
s_008um_00327_00210-1,
s_008um_00437_00596-1,
s_008um_00167_00237-1,
s_008um_00510_00380-1,
s_008um_00266_00605-1,
s_008um_00522_00205-1,
s_008um_00574_00386-1,
s_008um_00692_00597-1,
s_008um_00631_00230-1,
s_008um_00326_00208-1,
s_008um_00629_00207-1,
s_008um_00672_00207-1,
s_008um_00290_00608-1,
s_008um_00644_00402-1,
s_008um_00323_00380-1,
s_008um_00577_00219-1,
s_008um_00490_00389-1,
s_008um_00266_00382-1,
s_008um_00403_00219-1,
s_008um_00334_00373-1,
s_008um_00292_00604-1,
s_008um_00560_00205-1,
s_008um_00339_00390-1,
s_008um_00587_00384-1,
s_008um_00480_00200-1,
s_008um_00158_00241-1,
s_008um_00481_00203-1,
s_008um_00496_00597-1,
s_008um_00397_00376-1,
s_008um_00147_00235-1,
s_008um_00266_00386-1,
s_008um_00503_00199-1,
s_008um_00555_00608-1,
s_008um_00705_00411-1,
s_008um_00561_00384-1,
s_008um_00420_00377-1,
s_008um_00216_00382-1,
s_008um_00645_00406-1,
s_008um_00477_00214-1,
s_008um_00204_00402-1,
s_008um_00570_00377-1,
s_008um_00563_00617-1,
s_008um_00453_00378-1,
s_008um_00529_00394-1,
s_008um_00207_00218-1,
s_008um_00648_00622-1,
s_008um_00428_00381-1,
s_008um_00478_00385-1,
s_008um_00706_00602-1,
s_008um_00581_00215-1,
s_008um_00689_00605-1,
s_008um_00505_00211-1,
s_008um_00449_00209-1,CS2
s_008um_00606_00206-1,
s_008um_00492_00380-1,
s_008um_00422_00606-1,
s_008um_00616_00395-1,
s_008um_00599_00381-1,
s_008um_00362_00598-1,
s_008um_00531_00202-1,
s_008um_00464_00219-1,
s_008um_00165_00406-1,
s_008um_00555_00390-1,
s_008um_00490_00373-1,
s_008um_00407_00601-1,
s_008um_00639_00616-1,
s_008um_00408_00378-1,
s_008um_00516_00391-1,
s_008um_00242_00605-1,
s_008um_00423_00607-1,
s_008um_00638_00623-1,
s_008um_00422_00394-1,
s_008um_00621_00226-1,
s_008um_00624_00407-1,
s_008um_00575_00393-1,
s_008um_00307_00600-1,
s_008um_00374_00210-1,
s_008um_00146_00237-1,
s_008um_00656_00403-1,
s_008um_00611_00221-1,
s_008um_00347_00368-1,
s_008um_00270_00367-1,
s_008um_00223_00390-1,
s_008um_00176_00229-1,
s_008um_00184_00224-1,
s_008um_00636_00231-1,
s_008um_00290_00372-1,
s_008um_00644_00412-1,
s_008um_00666_00203-1,
s_008um_00175_00401-1,
s_008um_00625_00415-1,
s_008um_00440_00392-1,
s_008um_00667_00217-1,
s_008um_00666_00420-1,
s_008um_00170_00402-1,
s_008um_00303_00599-1,
s_008um_00211_00393-1,
s_008um_00549_00600-1,
s_008um_00667_00404-1,
s_008um_00412_00393-1,
s_008um_00127_00230-1,
s_008um_00233_00391-1,
s_008um_00510_00588-1,
s_008um_00605_00231-1,
s_008um_00583_00608-1,
s_008um_00320_00381-1,
s_008um_00619_00606-1,
s_008um_00492_00378-1,
s_008um_00505_00588-1,
s_008um_00627_00597-1,
s_008um_00535_00379-1,
s_008um_00572_00203-1,
s_008um_00327_00387-1,
s_008um_00613_00616-1,
s_008um_00307_00609-1,
s_008um_00132_00250-1,
s_008um_00201_00401-1,
s_008um_00525_00209-1,
s_008um_00629_00620-1,
s_008um_00205_00226-1,
s_008um_00668_00228-1,
s_008um_00374_00615-1,
s_008um_00652_00419-1,
s_008um_00416_00597-1,
s_008um_00570_00600-1,
s_008um_00641_00209-1,
s_008um_00625_00598-1,
s_008um_00617_00209-1,
s_008um_00659_00417-1,
s_008um_00108_00229-1,
s_008um_00576_00615-1,
s_008um_00194_00239-1,
s_008um_00678_00410-1,
s_008um_00581_00222-1,
s_008um_00370_00371-1,
s_008um_00436_00383-1,
s_008um_00664_00621-1,
s_008um_00345_00607-1,
s_008um_00589_00603-1,
s_008um_00317_00374-1,
s_008um_00717_00604-1,
s_008um_00542_00381-1,
s_008um_00585_00199-1,
s_008um_00444_00390-1,
s_008um_00516_00609-1,
s_008um_00605_00611-1,
s_008um_00466_00383-1,
s_008um_00646_00622-1,
s_008um_00690_00417-1,
s_008um_00309_00377-1,
s_008um_00345_00211-1,
s_008um_00558_00204-1,
s_008um_00317_00611-1,
s_008um_00269_00368-1,
s_008um_00163_00229-1,
s_008um_00618_00392-1,
s_008um_00445_00605-1,
s_008um_00379_00601-1,
s_008um_00585_00382-1,
s_008um_00539_00377-1,
s_008um_00198_00233-1,
s_008um_00394_00599-1,
s_008um_00372_00609-1,
s_008um_00370_00369-1,
s_008um_00659_00613-1,
s_008um_00487_00208-1,
s_008um_00404_00212-1,
s_008um_00227_00595-1,
s_008um_00283_00372-1,
s_008um_00611_00599-1,
s_008um_00517_00603-1,
s_008um_00484_00377-1,
s_008um_00197_00232-1,
s_008um_00503_00387-1,
s_008um_00640_00217-1,
s_008um_00460_00217-1,CS2
s_008um_00381_00215-1,
s_008um_00195_00395-1,
s_008um_00673_00409-1,
s_008um_00571_00198-1,
s_008um_00472_00204-1,
s_008um_00610_00605-1,
s_008um_00427_00607-1,
s_008um_00292_00384-1,
s_008um_00602_00388-1,
s_008um_00713_00206-1,
s_008um_00678_00412-1,
s_008um_00120_00248-1,
s_008um_00633_00599-1,
s_008um_00385_00614-1,
s_008um_00482_00388-1,
s_008um_00593_00601-1,
s_008um_00694_00608-1,
s_008um_00624_00211-1,
s_008um_00553_00381-1,
s_008um_00638_00224-1,
s_008um_00575_00611-1,
s_008um_00646_00618-1,
s_008um_00246_00377-1,
s_008um_00268_00600-1,
s_008um_00594_00614-1,
s_008um_00415_00384-1,
s_008um_00605_00609-1,
s_008um_00451_00597-1,
s_008um_00276_00378-1,
s_008um_00385_00216-1,
s_008um_00499_00600-1,
s_008um_00569_00607-1,
s_008um_00427_00215-1,CS2
s_008um_00434_00597-1,
s_008um_00615_00405-1,
s_008um_00555_00213-1,
s_008um_00305_00386-1,
s_008um_00266_00604-1,
s_008um_00624_00228-1,
s_008um_00267_00223-1,
s_008um_00443_00393-1,
s_008um_00289_00372-1,
s_008um_00545_00217-1,
s_008um_00464_00383-1,
s_008um_00339_00604-1,
s_008um_00570_00391-1,
s_008um_00526_00393-1,
s_008um_00633_00232-1,
s_008um_00627_00209-1,
s_008um_00675_00611-1,
s_008um_00348_00614-1,
s_008um_00430_00598-1,
s_008um_00633_00414-1,
s_008um_00249_00372-1,
s_008um_00705_00416-1,
s_008um_00352_00612-1,
s_008um_00245_00603-1,
s_008um_00506_00196-1,
s_008um_00177_00403-1,
s_008um_00597_00226-1,
s_008um_00618_00199-1,
s_008um_00458_00220-1,CS2
s_008um_00415_00603-1,
s_008um_00393_00391-1,
s_008um_00458_00391-1,
s_008um_00254_00603-1,
s_008um_00334_00208-1,
s_008um_00615_00209-1,
s_008um_00450_00202-1,
s_008um_00624_00209-1,
s_008um_00672_00411-1,
s_008um_00258_00385-1,
s_008um_00296_00373-1,
s_008um_00395_00386-1,
s_008um_00498_00603-1,
s_008um_00443_00391-1,
s_008um_00560_00203-1,
s_008um_00248_00383-1,
s_008um_00472_00386-1,
s_008um_00344_00605-1,
s_008um_00335_00371-1,
s_008um_00257_00219-1,
s_008um_00650_00616-1,
s_008um_00196_00396-1,
s_008um_00288_00211-1,
s_008um_00658_00212-1,
s_008um_00357_00606-1,
s_008um_00284_00611-1,
s_008um_00187_00233-1,
s_008um_00155_00249-1,
s_008um_00242_00390-1,
s_008um_00221_00216-1,
s_008um_00518_00378-1,
s_008um_00710_00602-1,
s_008um_00223_00213-1,
s_008um_00643_00599-1,
s_008um_00495_00588-1,
s_008um_00327_00370-1,
s_008um_00550_00204-1,
s_008um_00340_00601-1,
s_008um_00388_00599-1,
s_008um_00456_00597-1,
s_008um_00332_00214-1,
s_008um_00542_00602-1,
s_008um_00704_00608-1,
s_008um_00604_00211-1,
s_008um_00639_00411-1,
s_008um_00498_00372-1,
s_008um_00576_00614-1,
s_008um_00534_00207-1,
s_008um_00447_00207-1,CS2
s_008um_00342_00390-1,
s_008um_00564_00616-1,
s_008um_00215_00394-1,
s_008um_00590_00613-1,
s_008um_00334_00380-1,
s_008um_00309_00610-1,
s_008um_00328_00212-1,
s_008um_00472_00380-1,
s_008um_00565_00618-1,
s_008um_00567_00209-1,
s_008um_00157_00406-1,
s_008um_00607_00611-1,
s_008um_00414_00216-1,
s_008um_00642_00219-1,
s_008um_00398_00609-1,
s_008um_00210_00395-1,
s_008um_00392_00604-1,
s_008um_00338_00386-1,
s_008um_00615_00404-1,
s_008um_00577_00385-1,
s_008um_00341_00606-1,
s_008um_00650_00598-1,
s_008um_00676_00219-1,
s_008um_00256_00594-1,
s_008um_00643_00420-1,
s_008um_00518_00370-1,
s_008um_00438_00217-1,CS2
s_008um_00491_00378-1,
s_008um_00622_00617-1,
s_008um_00407_00387-1,
s_008um_00172_00233-1,
s_008um_00147_00237-1,
s_008um_00644_00233-1,
s_008um_00556_00202-1,
s_008um_00687_00610-1,
s_008um_00511_00394-1,
s_008um_00563_00198-1,
s_008um_00644_00228-1,
s_008um_00432_00606-1,
s_008um_00261_00372-1,
s_008um_00347_00371-1,
s_008um_00493_00207-1,
s_008um_00663_00417-1,
s_008um_00587_00416-1,
s_008um_00183_00406-1,
s_008um_00610_00616-1,
s_008um_00442_00378-1,
s_008um_00277_00600-1,
s_008um_00301_00365-1,
s_008um_00695_00209-1,
s_008um_00600_00200-1,
s_008um_00153_00235-1,
s_008um_00337_00602-1,
s_008um_00195_00398-1,
s_008um_00373_00388-1,
s_008um_00411_00381-1,
s_008um_00539_00603-1,
s_008um_00664_00605-1,
s_008um_00550_00194-1,
s_008um_00376_00375-1,
s_008um_00565_00201-1,
s_008um_00281_00372-1,
s_008um_00605_00418-1,
s_008um_00635_00216-1,
s_008um_00193_00401-1,
s_008um_00253_00381-1,
s_008um_00273_00605-1,
s_008um_00232_00217-1,
s_008um_00593_00214-1,
s_008um_00641_00412-1,
s_008um_00257_00375-1,
s_008um_00293_00367-1,
s_008um_00644_00605-1,
s_008um_00585_00378-1,
s_008um_00395_00370-1,
s_008um_00532_00393-1,
s_008um_00523_00216-1,
s_008um_00665_00610-1,
s_008um_00436_00390-1,
s_008um_00537_00204-1,
s_008um_00343_00600-1,
s_008um_00294_00599-1,
s_008um_00327_00604-1,
s_008um_00469_00387-1,
s_008um_00300_00604-1,
s_008um_00576_00381-1,
s_008um_00196_00226-1,
s_008um_00598_00193-1,
s_008um_00198_00400-1,
s_008um_00643_00616-1,
s_008um_00419_00375-1,
s_008um_00291_00208-1,
s_008um_00292_00373-1,
s_008um_00226_00216-1,
s_008um_00629_00598-1,
s_008um_00328_00597-1,
s_008um_00568_00196-1,
s_008um_00285_00221-1,
s_008um_00538_00386-1,
s_008um_00378_00391-1,
s_008um_00512_00207-1,
s_008um_00659_00205-1,
s_008um_00660_00596-1,
s_008um_00547_00218-1,
s_008um_00476_00590-1,
s_008um_00350_00212-1,
s_008um_00376_00208-1,
s_008um_00621_00205-1,
s_008um_00279_00212-1,
s_008um_00712_00618-1,
s_008um_00469_00598-1,
s_008um_00595_00387-1,
s_008um_00709_00605-1,
s_008um_00230_00389-1,
s_008um_00585_00380-1,
s_008um_00242_00217-1,
s_008um_00260_00374-1,
s_008um_00242_00600-1,
s_008um_00542_00216-1,
s_008um_00467_00589-1,
s_008um_00627_00207-1,
s_008um_00632_00191-1,
s_008um_00544_00607-1,
s_008um_00441_00603-1,
s_008um_00223_00394-1,
s_008um_00283_00599-1,
s_008um_00652_00416-1,
s_008um_00249_00371-1,
s_008um_00620_00621-1,
s_008um_00418_00600-1,
s_008um_00491_00594-1,
s_008um_00584_00416-1,
s_008um_00703_00612-1,
s_008um_00242_00591-1,
s_008um_00535_00605-1,
s_008um_00265_00371-1,
s_008um_00305_00380-1,
s_008um_00628_00193-1,
s_008um_00295_00603-1,
s_008um_00606_00227-1,
s_008um_00316_00600-1,
s_008um_00448_00395-1,
s_008um_00330_00377-1,
s_008um_00357_00209-1,
s_008um_00376_00380-1,
s_008um_00301_00367-1,
s_008um_00444_00377-1,
s_008um_00597_00225-1,
s_008um_00310_00381-1,
s_008um_00293_00601-1,
s_008um_00490_00381-1,
s_008um_00610_00223-1,
s_008um_00629_00400-1,
s_008um_00601_00414-1,
s_008um_00129_00236-1,
s_008um_00170_00405-1,
s_008um_00621_00606-1,
s_008um_00559_00197-1,
s_008um_00420_00607-1,
s_008um_00656_00596-1,
s_008um_00706_00598-1,
s_008um_00484_00589-1,
s_008um_00318_00365-1,
s_008um_00515_00596-1,
s_008um_00612_00197-1,
s_008um_00563_00211-1,
s_008um_00705_00415-1,
s_008um_00369_00605-1,
s_008um_00549_00377-1,
s_008um_00280_00374-1,
s_008um_00380_00370-1,
s_008um_00695_00414-1,
s_008um_00651_00231-1,
s_008um_00296_00207-1,
s_008um_00669_00211-1,
s_008um_00386_00614-1,
s_008um_00423_00386-1,
s_008um_00655_00212-1,
s_008um_00326_00376-1,
s_008um_00122_00226-1,
s_008um_00436_00214-1,CS2
s_008um_00336_00380-1,
s_008um_00330_00609-1,
s_008um_00161_00408-1,
s_008um_00682_00417-1,
s_008um_00420_00214-1,CS2
s_008um_00565_00382-1,
s_008um_00663_00612-1,
s_008um_00676_00203-1,
s_008um_00630_00617-1,
s_008um_00408_00598-1,
s_008um_00604_00415-1,
s_008um_00656_00419-1,
s_008um_00595_00411-1,
s_008um_00616_00210-1,
s_008um_00672_00618-1,
s_008um_00429_00203-1,
s_008um_00367_00388-1,
s_008um_00381_00383-1,
s_008um_00218_00391-1,
s_008um_00436_00603-1,
s_008um_00457_00382-1,
s_008um_00235_00602-1,
s_008um_00675_00620-1,
s_008um_00624_00608-1,
s_008um_00432_00394-1,
s_008um_00421_00380-1,
s_008um_00660_00601-1,
s_008um_00129_00240-1,
s_008um_00580_00212-1,
s_008um_00564_00615-1,
s_008um_00541_00593-1,
s_008um_00230_00602-1,
s_008um_00274_00375-1,
s_008um_00346_00390-1,
s_008um_00457_00213-1,CS2
s_008um_00514_00209-1,
s_008um_00410_00373-1,
s_008um_00351_00386-1,
s_008um_00541_00602-1,
s_008um_00591_00214-1,
s_008um_00543_00609-1,
s_008um_00378_00615-1,
s_008um_00455_00220-1,CS2
s_008um_00543_00601-1,
s_008um_00403_00375-1,
s_008um_00605_00200-1,
s_008um_00366_00376-1,
s_008um_00625_00203-1,
s_008um_00704_00597-1,
s_008um_00139_00243-1,
s_008um_00439_00218-1,CS2
s_008um_00431_00393-1,
s_008um_00179_00406-1,
s_008um_00268_00219-1,
s_008um_00214_00392-1,
s_008um_00165_00241-1,
s_008um_00531_00375-1,
s_008um_00703_00422-1,
s_008um_00643_00596-1,
s_008um_00198_00224-1,
s_008um_00628_00218-1,
s_008um_00502_00211-1,
s_008um_00401_00606-1,
s_008um_00278_00217-1,
s_008um_00632_00400-1,
s_008um_00563_00383-1,
s_008um_00254_00375-1,
s_008um_00499_00594-1,
s_008um_00120_00226-1,
s_008um_00716_00413-1,
s_008um_00645_00418-1,
s_008um_00256_00374-1,
s_008um_00611_00417-1,
s_008um_00217_00394-1,
s_008um_00639_00597-1,
s_008um_00489_00206-1,
s_008um_00466_00597-1,
s_008um_00617_00622-1,
s_008um_00252_00383-1,
s_008um_00221_00388-1,
s_008um_00653_00215-1,
s_008um_00155_00228-1,
s_008um_00262_00608-1,
s_008um_00703_00413-1,
s_008um_00410_00378-1,
s_008um_00709_00599-1,
s_008um_00226_00391-1,
s_008um_00655_00614-1,
s_008um_00498_00588-1,
s_008um_00245_00376-1,
s_008um_00368_00394-1,
s_008um_00677_00212-1,
s_008um_00604_00618-1,
s_008um_00467_00393-1,
s_008um_00465_00592-1,
s_008um_00701_00417-1,
s_008um_00685_00610-1,
s_008um_00620_00412-1,
s_008um_00221_00223-1,
s_008um_00484_00386-1,
s_008um_00279_00375-1,
s_008um_00172_00409-1,
s_008um_00322_00379-1,
s_008um_00649_00413-1,
s_008um_00578_00205-1,
s_008um_00595_00227-1,
s_008um_00481_00588-1,
s_008um_00521_00609-1,
s_008um_00598_00406-1,
s_008um_00690_00608-1,
s_008um_00429_00396-1,
s_008um_00418_00392-1,
s_008um_00422_00597-1,
s_008um_00402_00599-1,
s_008um_00326_00382-1,
s_008um_00676_00216-1,
s_008um_00706_00607-1,
s_008um_00617_00415-1,
s_008um_00321_00376-1,
s_008um_00273_00369-1,
s_008um_00578_00616-1,
s_008um_00655_00201-1,
s_008um_00614_00404-1,
s_008um_00627_00401-1,
s_008um_00626_00619-1,
s_008um_00328_00376-1,
s_008um_00628_00224-1,
s_008um_00537_00376-1,
s_008um_00241_00595-1,
s_008um_00284_00386-1,
s_008um_00623_00605-1,
s_008um_00290_00382-1,
s_008um_00283_00606-1,
s_008um_00348_00388-1,
s_008um_00319_00600-1,
s_008um_00622_00391-1,
s_008um_00596_00206-1,
s_008um_00656_00612-1,
s_008um_00682_00214-1,
s_008um_00546_00212-1,
s_008um_00566_00615-1,
s_008um_00518_00609-1,
s_008um_00329_00211-1,
s_008um_00682_00599-1,
s_008um_00301_00602-1,
s_008um_00521_00602-1,
s_008um_00344_00207-1,
s_008um_00520_00382-1,
s_008um_00271_00220-1,
s_008um_00470_00589-1,
s_008um_00607_00226-1,
s_008um_00251_00215-1,
s_008um_00210_00386-1,
s_008um_00314_00611-1,
s_008um_00623_00399-1,
s_008um_00654_00621-1,
s_008um_00472_00599-1,
s_008um_00713_00613-1,
s_008um_00380_00388-1,
s_008um_00213_00221-1,
s_008um_00538_00592-1,
s_008um_00699_00599-1,
s_008um_00534_00387-1,
s_008um_00236_00389-1,
s_008um_00352_00601-1,
s_008um_00206_00394-1,
s_008um_00608_00408-1,
s_008um_00703_00204-1,
s_008um_00313_00385-1,
s_008um_00146_00232-1,
s_008um_00500_00206-1,
s_008um_00465_00386-1,
s_008um_00621_00219-1,
s_008um_00263_00596-1,
s_008um_00401_00383-1,
s_008um_00268_00386-1,
s_008um_00216_00391-1,
s_008um_00557_00213-1,
s_008um_00280_00390-1,
s_008um_00546_00373-1,
s_008um_00516_00196-1,
s_008um_00523_00370-1,
s_008um_00185_00222-1,
s_008um_00602_00394-1,
s_008um_00660_00213-1,
s_008um_00531_00611-1,
s_008um_00164_00233-1,
s_008um_00354_00368-1,
s_008um_00570_00615-1,
s_008um_00548_00216-1,
s_008um_00616_00615-1,
s_008um_00627_00218-1,
s_008um_00556_00599-1,
s_008um_00170_00235-1,
s_008um_00231_00393-1,
s_008um_00651_00403-1,
s_008um_00483_00387-1,
s_008um_00531_00390-1,
s_008um_00682_00411-1,
s_008um_00582_00202-1,
s_008um_00223_00215-1,
s_008um_00701_00612-1,
s_008um_00570_00393-1,
s_008um_00421_00377-1,
s_008um_00499_00393-1,
s_008um_00443_00207-1,CS2
s_008um_00428_00217-1,CS2
s_008um_00484_00207-1,
s_008um_00421_00607-1,
s_008um_00158_00242-1,
s_008um_00479_00389-1,
s_008um_00593_00194-1,
s_008um_00661_00402-1,
s_008um_00661_00205-1,
s_008um_00634_00601-1,
s_008um_00479_00392-1,
s_008um_00469_00215-1,
s_008um_00345_00368-1,
s_008um_00250_00369-1,
s_008um_00468_00383-1,
s_008um_00445_00376-1,
s_008um_00578_00417-1,
s_008um_00596_00603-1,
s_008um_00577_00601-1,
s_008um_00380_00208-1,
s_008um_00605_00401-1,
s_008um_00483_00385-1,
s_008um_00679_00210-1,
s_008um_00630_00417-1,
s_008um_00447_00606-1,
s_008um_00534_00611-1,
s_008um_00656_00206-1,
s_008um_00185_00397-1,
s_008um_00298_00378-1,
s_008um_00362_00383-1,
s_008um_00589_00381-1,
s_008um_00512_00390-1,
s_008um_00130_00242-1,
s_008um_00621_00216-1,
s_008um_00617_00218-1,
s_008um_00396_00389-1,
s_008um_00606_00597-1,
s_008um_00168_00402-1,
s_008um_00632_00233-1,
s_008um_00343_00612-1,
s_008um_00639_00223-1,
s_008um_00711_00598-1,
s_008um_00638_00419-1,
s_008um_00592_00391-1,
s_008um_00629_00407-1,
s_008um_00558_00610-1,
s_008um_00230_00391-1,
s_008um_00421_00385-1,
s_008um_00426_00385-1,
s_008um_00198_00225-1,
s_008um_00245_00606-1,
s_008um_00294_00211-1,
s_008um_00353_00369-1,
s_008um_00249_00369-1,
s_008um_00517_00376-1,
s_008um_00489_00386-1,
s_008um_00666_00600-1,
s_008um_00481_00202-1,
s_008um_00276_00370-1,
s_008um_00164_00241-1,
s_008um_00451_00219-1,CS2
s_008um_00575_00193-1,
s_008um_00362_00371-1,
s_008um_00544_00384-1,
s_008um_00180_00403-1,
s_008um_00235_00389-1,
s_008um_00714_00621-1,
s_008um_00569_00612-1,
s_008um_00438_00210-1,CS2
s_008um_00691_00609-1,
s_008um_00295_00369-1,
s_008um_00535_00216-1,
s_008um_00598_00205-1,
s_008um_00668_00619-1,
s_008um_00592_00222-1,
s_008um_00550_00392-1,
s_008um_00545_00208-1,
s_008um_00676_00611-1,
s_008um_00395_00385-1,
s_008um_00503_00196-1,
s_008um_00554_00613-1,
s_008um_00661_00222-1,
s_008um_00718_00605-1,
s_008um_00659_00603-1,
s_008um_00576_00601-1,
s_008um_00657_00410-1,
s_008um_00404_00600-1,
s_008um_00407_00374-1,
s_008um_00506_00385-1,
s_008um_00491_00211-1,
s_008um_00391_00385-1,
s_008um_00646_00604-1,
s_008um_00119_00227-1,
s_008um_00257_00214-1,
s_008um_00371_00208-1,
s_008um_00334_00209-1,
s_008um_00574_00604-1,
s_008um_00176_00401-1,
s_008um_00497_00391-1,
s_008um_00638_00600-1,
s_008um_00520_00196-1,
s_008um_00696_00619-1,
s_008um_00306_00381-1,
s_008um_00216_00226-1,
s_008um_00306_00383-1,
s_008um_00309_00366-1,
s_008um_00679_00213-1,
s_008um_00182_00406-1,
s_008um_00469_00209-1,
s_008um_00544_00613-1,
s_008um_00153_00240-1,
s_008um_00425_00607-1,
s_008um_00484_00385-1,
s_008um_00134_00241-1,
s_008um_00349_00379-1,
s_008um_00363_00612-1,
s_008um_00380_00377-1,
s_008um_00423_00597-1,
s_008um_00191_00401-1,
s_008um_00609_00409-1,
s_008um_00353_00377-1,
s_008um_00650_00607-1,
s_008um_00480_00385-1,
s_008um_00163_00411-1,
s_008um_00598_00606-1,
s_008um_00490_00380-1,
s_008um_00190_00227-1,
s_008um_00668_00225-1,
s_008um_00572_00608-1,
s_008um_00489_00203-1,
s_008um_00289_00390-1,
s_008um_00609_00229-1,
s_008um_00593_00391-1,
s_008um_00281_00222-1,
s_008um_00312_00377-1,
s_008um_00534_00391-1,
s_008um_00623_00210-1,
s_008um_00496_00603-1,
s_008um_00291_00389-1,
s_008um_00610_00220-1,
s_008um_00374_00216-1,
s_008um_00620_00594-1,
s_008um_00362_00207-1,
s_008um_00508_00197-1,
s_008um_00498_00209-1,
s_008um_00381_00374-1,
s_008um_00299_00387-1,
s_008um_00282_00222-1,
s_008um_00522_00391-1,
s_008um_00615_00623-1,
s_008um_00119_00237-1,
s_008um_00707_00616-1,
s_008um_00419_00386-1,
s_008um_00279_00373-1,
s_008um_00597_00417-1,
s_008um_00512_00383-1,
s_008um_00619_00619-1,
s_008um_00607_00600-1,
s_008um_00294_00602-1,
s_008um_00716_00609-1,
s_008um_00271_00223-1,
s_008um_00391_00391-1,
s_008um_00211_00225-1,
s_008um_00544_00194-1,
s_008um_00709_00604-1,
s_008um_00344_00371-1,
s_008um_00622_00409-1,
s_008um_00335_00204-1,
s_008um_00717_00416-1,
s_008um_00254_00602-1,
s_008um_00658_00230-1,
s_008um_00634_00602-1,
s_008um_00710_00597-1,
s_008um_00637_00608-1,
s_008um_00534_00199-1,
s_008um_00281_00379-1,
s_008um_00570_00202-1,
s_008um_00544_00212-1,
s_008um_00259_00224-1,
s_008um_00498_00214-1,
s_008um_00702_00415-1,
s_008um_00277_00374-1,
s_008um_00571_00605-1,
s_008um_00609_00403-1,
s_008um_00409_00373-1,
s_008um_00282_00599-1,
s_008um_00314_00388-1,
s_008um_00497_00372-1,
s_008um_00706_00601-1,
s_008um_00408_00606-1,
s_008um_00529_00196-1,
s_008um_00631_00226-1,
s_008um_00558_00615-1,
s_008um_00713_00207-1,
s_008um_00300_00386-1,
s_008um_00355_00210-1,
s_008um_00416_00214-1,
s_008um_00600_00193-1,
s_008um_00358_00385-1,
s_008um_00115_00236-1,
s_008um_00608_00229-1,
s_008um_00302_00367-1,
s_008um_00230_00387-1,
s_008um_00686_00417-1,
s_008um_00385_00600-1,
s_008um_00287_00210-1,
s_008um_00578_00192-1,
s_008um_00541_00370-1,
s_008um_00596_00391-1,
s_008um_00438_00216-1,CS2
s_008um_00597_00381-1,
s_008um_00383_00601-1,
s_008um_00287_00376-1,
s_008um_00540_00598-1,
s_008um_00544_00376-1,
s_008um_00276_00605-1,
s_008um_00350_00610-1,
s_008um_00701_00618-1,
s_008um_00628_00407-1,
s_008um_00485_00596-1,
s_008um_00257_00368-1,
s_008um_00582_00221-1,
s_008um_00250_00372-1,
s_008um_00323_00599-1,
s_008um_00651_00227-1,
s_008um_00512_00378-1,
s_008um_00406_00215-1,
s_008um_00387_00610-1,
s_008um_00596_00194-1,
s_008um_00518_00207-1,
s_008um_00614_00205-1,
s_008um_00487_00599-1,
s_008um_00196_00228-1,
s_008um_00513_00597-1,
s_008um_00546_00385-1,
s_008um_00244_00376-1,
s_008um_00445_00214-1,CS2
s_008um_00388_00217-1,
s_008um_00254_00214-1,
s_008um_00272_00377-1,
s_008um_00323_00381-1,
s_008um_00490_00201-1,
s_008um_00626_00229-1,
s_008um_00601_00606-1,
s_008um_00665_00612-1,
s_008um_00158_00250-1,
s_008um_00413_00385-1,
s_008um_00573_00608-1,
s_008um_00572_00375-1,
s_008um_00544_00215-1,
s_008um_00515_00383-1,
s_008um_00497_00202-1,
s_008um_00357_00604-1,
s_008um_00537_00375-1,
s_008um_00469_00379-1,
s_008um_00358_00374-1,
s_008um_00493_00372-1,
s_008um_00316_00606-1,
s_008um_00662_00201-1,
s_008um_00638_00601-1,
s_008um_00710_00598-1,
s_008um_00242_00382-1,
s_008um_00547_00604-1,
s_008um_00494_00380-1,
s_008um_00260_00382-1,
s_008um_00368_00209-1,
s_008um_00377_00609-1,
s_008um_00319_00389-1,
s_008um_00258_00221-1,
s_008um_00428_00215-1,CS2
s_008um_00261_00220-1,
s_008um_00255_00390-1,
s_008um_00491_00386-1,
s_008um_00522_00216-1,
s_008um_00648_00209-1,
s_008um_00476_00211-1,
s_008um_00608_00620-1,
s_008um_00373_00604-1,
s_008um_00157_00408-1,
s_008um_00295_00211-1,
s_008um_00675_00614-1,
s_008um_00372_00603-1,
s_008um_00188_00229-1,
s_008um_00600_00210-1,
s_008um_00369_00612-1,
s_008um_00504_00391-1,
s_008um_00644_00624-1,
s_008um_00540_00202-1,
s_008um_00264_00374-1,
s_008um_00474_00217-1,
s_008um_00509_00374-1,
s_008um_00186_00228-1,
s_008um_00625_00399-1,
s_008um_00118_00226-1,
s_008um_00648_00224-1,
s_008um_00498_00378-1,
s_008um_00375_00391-1,
s_008um_00716_00421-1,
s_008um_00702_00413-1,
s_008um_00313_00368-1,
s_008um_00438_00202-1,
s_008um_00372_00213-1,
s_008um_00219_00214-1,
s_008um_00631_00615-1,
s_008um_00307_00369-1,
s_008um_00340_00602-1,
s_008um_00563_00212-1,
s_008um_00587_00204-1,
s_008um_00296_00381-1,
s_008um_00563_00195-1,
s_008um_00436_00215-1,CS2
s_008um_00592_00610-1,
s_008um_00631_00609-1,
s_008um_00594_00600-1,
s_008um_00629_00413-1,
s_008um_00545_00378-1,
s_008um_00609_00203-1,
s_008um_00532_00597-1,
s_008um_00214_00396-1,
s_008um_00600_00414-1,
s_008um_00570_00598-1,
s_008um_00538_00390-1,
s_008um_00325_00610-1,
s_008um_00640_00412-1,
s_008um_00575_00601-1,
s_008um_00544_00209-1,
s_008um_00324_00373-1,
s_008um_00646_00616-1,
s_008um_00179_00224-1,
s_008um_00594_00611-1,
s_008um_00301_00214-1,
s_008um_00603_00413-1,
s_008um_00679_00218-1,
s_008um_00239_00381-1,
s_008um_00487_00394-1,
s_008um_00537_00611-1,
s_008um_00686_00614-1,
s_008um_00668_00600-1,
s_008um_00394_00212-1,
s_008um_00302_00611-1,
s_008um_00354_00376-1,
s_008um_00646_00609-1,
s_008um_00599_00213-1,
s_008um_00516_00216-1,
s_008um_00212_00214-1,
s_008um_00216_00214-1,
s_008um_00657_00619-1,
s_008um_00368_00379-1,
s_008um_00407_00393-1,
s_008um_00297_00369-1,
s_008um_00606_00409-1,
s_008um_00265_00607-1,
s_008um_00178_00229-1,
s_008um_00235_00378-1,
s_008um_00514_00590-1,
s_008um_00519_00388-1,
s_008um_00667_00222-1,
s_008um_00359_00210-1,
s_008um_00674_00204-1,
s_008um_00344_00374-1,
s_008um_00430_00392-1,
s_008um_00615_00197-1,
s_008um_00531_00388-1,
s_008um_00446_00393-1,
s_008um_00290_00377-1,
s_008um_00180_00228-1,
s_008um_00569_00374-1,
s_008um_00383_00208-1,
s_008um_00540_00594-1,
s_008um_00674_00412-1,
s_008um_00557_00610-1,
s_008um_00365_00375-1,
s_008um_00619_00391-1,
s_008um_00637_00620-1,
s_008um_00278_00213-1,
s_008um_00586_00601-1,
s_008um_00444_00201-1,
s_008um_00215_00224-1,
s_008um_00381_00216-1,
s_008um_00716_00613-1,
s_008um_00358_00371-1,
s_008um_00638_00624-1,
s_008um_00257_00384-1,
s_008um_00194_00218-1,
s_008um_00354_00603-1,
s_008um_00319_00375-1,
s_008um_00253_00607-1,
s_008um_00363_00213-1,
s_008um_00334_00210-1,
s_008um_00481_00589-1,
s_008um_00494_00593-1,
s_008um_00512_00599-1,
s_008um_00439_00596-1,
s_008um_00663_00598-1,
s_008um_00234_00379-1,
s_008um_00501_00593-1,
s_008um_00221_00393-1,
s_008um_00554_00374-1,
s_008um_00557_00374-1,
s_008um_00678_00415-1,
s_008um_00667_00211-1,
s_008um_00612_00200-1,
s_008um_00287_00219-1,
s_008um_00260_00224-1,
s_008um_00573_00220-1,
s_008um_00240_00394-1,
s_008um_00322_00376-1,
s_008um_00479_00376-1,
s_008um_00433_00381-1,
s_008um_00380_00372-1,
s_008um_00707_00411-1,
s_008um_00519_00209-1,
s_008um_00524_00209-1,
s_008um_00441_00213-1,CS2
s_008um_00600_00613-1,
s_008um_00592_00218-1,
s_008um_00477_00217-1,
s_008um_00310_00599-1,
s_008um_00558_00388-1,
s_008um_00331_00612-1,
s_008um_00471_00203-1,
s_008um_00511_00595-1,
s_008um_00280_00383-1,
s_008um_00231_00379-1,
s_008um_00279_00368-1,
s_008um_00499_00388-1,
s_008um_00602_00226-1,
s_008um_00671_00599-1,
s_008um_00473_00203-1,
s_008um_00514_00599-1,
s_008um_00641_00604-1,
s_008um_00642_00611-1,
s_008um_00650_00612-1,
s_008um_00250_00219-1,
s_008um_00446_00603-1,
s_008um_00137_00243-1,
s_008um_00595_00617-1,
s_008um_00608_00407-1,
s_008um_00399_00376-1,
s_008um_00576_00607-1,
s_008um_00711_00611-1,
s_008um_00489_00388-1,
s_008um_00587_00608-1,
s_008um_00295_00389-1,
s_008um_00519_00590-1,
s_008um_00693_00601-1,
s_008um_00415_00381-1,
s_008um_00123_00227-1,
s_008um_00261_00601-1,
s_008um_00517_00198-1,
s_008um_00250_00606-1,
s_008um_00341_00213-1,
s_008um_00307_00366-1,
s_008um_00719_00603-1,
s_008um_00646_00601-1,
s_008um_00307_00605-1,
s_008um_00391_00210-1,
s_008um_00642_00394-1,
s_008um_00263_00598-1,
s_008um_00277_00385-1,
s_008um_00347_00601-1,
s_008um_00442_00212-1,CS2
s_008um_00633_00226-1,
s_008um_00333_00375-1,
s_008um_00516_00203-1,
s_008um_00269_00219-1,
s_008um_00574_00205-1,
s_008um_00703_00411-1,
s_008um_00645_00598-1,
s_008um_00445_00594-1,
s_008um_00370_00605-1,
s_008um_00208_00394-1,
s_008um_00617_00212-1,
s_008um_00600_00194-1,
s_008um_00712_00420-1,
s_008um_00338_00606-1,
s_008um_00534_00205-1,
s_008um_00314_00380-1,
s_008um_00319_00603-1,
s_008um_00294_00214-1,
s_008um_00696_00417-1,
s_008um_00524_00374-1,
s_008um_00364_00395-1,
s_008um_00521_00207-1,
s_008um_00292_00214-1,
s_008um_00327_00376-1,
s_008um_00215_00400-1,
s_008um_00530_00203-1,
s_008um_00313_00380-1,
s_008um_00355_00374-1,
s_008um_00529_00205-1,
s_008um_00193_00404-1,
s_008um_00458_00603-1,
s_008um_00644_00403-1,
s_008um_00582_00604-1,
s_008um_00454_00216-1,CS2
s_008um_00698_00209-1,
s_008um_00336_00385-1,
s_008um_00401_00211-1,
s_008um_00480_00214-1,
s_008um_00458_00212-1,CS2
s_008um_00372_00210-1,
s_008um_00582_00416-1,
s_008um_00298_00389-1,
s_008um_00589_00203-1,
s_008um_00430_00383-1,
s_008um_00405_00598-1,
s_008um_00252_00600-1,
s_008um_00356_00211-1,
s_008um_00142_00232-1,
s_008um_00698_00211-1,
s_008um_00289_00611-1,
s_008um_00389_00369-1,
s_008um_00711_00205-1,
s_008um_00703_00210-1,
s_008um_00119_00238-1,
s_008um_00587_00380-1,
s_008um_00493_00382-1,
s_008um_00523_00203-1,
s_008um_00569_00380-1,
s_008um_00662_00212-1,
s_008um_00548_00202-1,
s_008um_00618_00389-1,
s_008um_00392_00219-1,
s_008um_00540_00610-1,
s_008um_00275_00386-1,
s_008um_00223_00389-1,
s_008um_00535_00382-1,
s_008um_00162_00237-1,
s_008um_00676_00415-1,
s_008um_00361_00371-1,
s_008um_00551_00598-1,
s_008um_00496_00209-1,
s_008um_00454_00389-1,
s_008um_00245_00384-1,
s_008um_00609_00407-1,
s_008um_00640_00219-1,
s_008um_00308_00608-1,
s_008um_00535_00390-1,
s_008um_00444_00376-1,
s_008um_00415_00601-1,
s_008um_00644_00593-1,
s_008um_00637_00607-1,
s_008um_00269_00380-1,
s_008um_00657_00612-1,
s_008um_00658_00231-1,
s_008um_00473_00598-1,
s_008um_00116_00235-1,
s_008um_00682_00605-1,
s_008um_00678_00615-1,
s_008um_00645_00415-1,
s_008um_00562_00605-1,
s_008um_00446_00206-1,CS2
s_008um_00287_00377-1,
s_008um_00432_00202-1,
s_008um_00648_00401-1,
s_008um_00650_00232-1,
s_008um_00285_00366-1,
s_008um_00240_00602-1,
s_008um_00670_00604-1,
s_008um_00575_00207-1,
s_008um_00279_00222-1,
s_008um_00159_00237-1,
s_008um_00192_00233-1,
s_008um_00199_00233-1,
s_008um_00564_00383-1,
s_008um_00379_00609-1,
s_008um_00236_00388-1,
s_008um_00611_00612-1,
s_008um_00437_00392-1,
s_008um_00508_00592-1,
s_008um_00244_00602-1,
s_008um_00703_00207-1,
s_008um_00301_00384-1,
s_008um_00392_00606-1,
s_008um_00693_00602-1,
s_008um_00206_00399-1,
s_008um_00158_00412-1,
s_008um_00693_00605-1,
s_008um_00144_00235-1,
s_008um_00617_00227-1,
s_008um_00527_00598-1,
s_008um_00153_00407-1,
s_008um_00522_00209-1,
s_008um_00170_00401-1,
s_008um_00350_00389-1,
s_008um_00677_00218-1,
s_008um_00637_00395-1,
s_008um_00608_00203-1,
s_008um_00546_00389-1,
s_008um_00336_00372-1,
s_008um_00551_00371-1,
s_008um_00448_00385-1,
s_008um_00704_00598-1,
s_008um_00503_00374-1,
s_008um_00640_00222-1,
s_008um_00247_00374-1,
s_008um_00299_00375-1,
s_008um_00319_00373-1,
s_008um_00544_00381-1,
s_008um_00581_00391-1,
s_008um_00386_00379-1,
s_008um_00328_00370-1,
s_008um_00585_00201-1,
s_008um_00567_00220-1,
s_008um_00630_00611-1,
s_008um_00116_00241-1,
s_008um_00283_00219-1,
s_008um_00516_00386-1,
s_008um_00576_00379-1,
s_008um_00551_00214-1,
s_008um_00508_00200-1,
s_008um_00342_00614-1,
s_008um_00586_00197-1,
s_008um_00268_00380-1,
s_008um_00210_00215-1,
s_008um_00579_00199-1,
s_008um_00603_00220-1,
s_008um_00236_00394-1,
s_008um_00552_00195-1,
s_008um_00350_00375-1,
s_008um_00491_00382-1,
s_008um_00589_00387-1,
s_008um_00351_00605-1,
s_008um_00388_00214-1,
s_008um_00348_00611-1,
s_008um_00240_00605-1,
s_008um_00343_00388-1,
s_008um_00274_00384-1,
s_008um_00225_00399-1,
s_008um_00313_00388-1,
s_008um_00481_00394-1,
s_008um_00674_00419-1,
s_008um_00573_00606-1,
s_008um_00518_00212-1,
s_008um_00360_00370-1,
s_008um_00430_00603-1,
s_008um_00646_00600-1,
s_008um_00601_00211-1,
s_008um_00392_00603-1,
s_008um_00290_00385-1,
s_008um_00283_00212-1,
s_008um_00561_00598-1,
s_008um_00370_00602-1,
s_008um_00528_00196-1,
s_008um_00528_00208-1,
s_008um_00630_00207-1,
s_008um_00571_00617-1,
s_008um_00298_00611-1,
s_008um_00570_00602-1,
s_008um_00624_00605-1,
s_008um_00533_00384-1,
s_008um_00516_00371-1,
s_008um_00133_00244-1,
s_008um_00647_00411-1,
s_008um_00570_00606-1,
s_008um_00561_00377-1,
s_008um_00238_00387-1,
s_008um_00360_00368-1,
s_008um_00599_00224-1,
s_008um_00392_00380-1,
s_008um_00137_00231-1,
s_008um_00444_00218-1,CS2
s_008um_00652_00212-1,
s_008um_00376_00212-1,
s_008um_00519_00384-1,
s_008um_00525_00203-1,
s_008um_00608_00604-1,
s_008um_00313_00600-1,
s_008um_00337_00608-1,
s_008um_00620_00223-1,
s_008um_00688_00603-1,
s_008um_00514_00384-1,
s_008um_00539_00600-1,
s_008um_00303_00607-1,
s_008um_00251_00223-1,
s_008um_00412_00609-1,
s_008um_00556_00200-1,
s_008um_00274_00604-1,
s_008um_00348_00387-1,
s_008um_00243_00598-1,
s_008um_00611_00214-1,
s_008um_00335_00211-1,
s_008um_00698_00608-1,
s_008um_00396_00218-1,
s_008um_00617_00405-1,
s_008um_00393_00600-1,
s_008um_00242_00593-1,
s_008um_00363_00610-1,
s_008um_00655_00204-1,
s_008um_00517_00371-1,
s_008um_00563_00613-1,
s_008um_00429_00600-1,
s_008um_00499_00381-1,
s_008um_00641_00599-1,
s_008um_00280_00599-1,
s_008um_00242_00372-1,
s_008um_00655_00402-1,
s_008um_00463_00391-1,
s_008um_00632_00231-1,
s_008um_00296_00610-1,
s_008um_00617_00409-1,
s_008um_00653_00206-1,
s_008um_00659_00621-1,
s_008um_00635_00413-1,
s_008um_00541_00196-1,
s_008um_00600_00202-1,
s_008um_00324_00612-1,
s_008um_00590_00387-1,
s_008um_00631_00623-1,
s_008um_00284_00378-1,
s_008um_00618_00598-1,
s_008um_00606_00203-1,
s_008um_00289_00600-1,
s_008um_00413_00376-1,
s_008um_00519_00206-1,
s_008um_00454_00606-1,
s_008um_00565_00611-1,
s_008um_00537_00384-1,
s_008um_00607_00601-1,
s_008um_00296_00208-1,
s_008um_00582_00615-1,
s_008um_00291_00381-1,
s_008um_00685_00413-1,
s_008um_00389_00611-1,
s_008um_00617_00599-1,
s_008um_00185_00226-1,
s_008um_00511_00208-1,
s_008um_00672_00216-1,
s_008um_00496_00592-1,
s_008um_00257_00377-1,
s_008um_00262_00224-1,
s_008um_00324_00212-1,
s_008um_00492_00593-1,
s_008um_00531_00214-1,
s_008um_00157_00231-1,
s_008um_00600_00619-1,
s_008um_00339_00378-1,
s_008um_00553_00386-1,
s_008um_00181_00223-1,
s_008um_00493_00387-1,
s_008um_00531_00373-1,
s_008um_00709_00606-1,
s_008um_00487_00589-1,
s_008um_00607_00623-1,
s_008um_00572_00607-1,
s_008um_00391_00607-1,
s_008um_00413_00606-1,
s_008um_00614_00212-1,
s_008um_00279_00216-1,
s_008um_00697_00616-1,
s_008um_00484_00376-1,
s_008um_00571_00376-1,
s_008um_00660_00613-1,
s_008um_00363_00394-1,
s_008um_00542_00389-1,
s_008um_00220_00213-1,
s_008um_00481_00595-1,
s_008um_00411_00600-1,
s_008um_00399_00374-1,
s_008um_00341_00598-1,
s_008um_00206_00225-1,
s_008um_00465_00590-1,
s_008um_00661_00411-1,
s_008um_00261_00607-1,
s_008um_00694_00204-1,
s_008um_00570_00201-1,
s_008um_00649_00599-1,
s_008um_00427_00204-1,
s_008um_00541_00611-1,
s_008um_00309_00603-1,
s_008um_00348_00385-1,
s_008um_00591_00388-1,
s_008um_00477_00587-1,
s_008um_00491_00599-1,
s_008um_00568_00192-1,
s_008um_00535_00378-1,
s_008um_00513_00211-1,
s_008um_00225_00378-1,
s_008um_00358_00375-1,
s_008um_00448_00377-1,
s_008um_00571_00389-1,
s_008um_00244_00379-1,
s_008um_00690_00619-1,
s_008um_00470_00390-1,
s_008um_00439_00601-1,
s_008um_00606_00601-1,
s_008um_00656_00406-1,
s_008um_00506_00390-1,
s_008um_00656_00224-1,
s_008um_00703_00615-1,
s_008um_00448_00212-1,CS2
s_008um_00618_00220-1,
s_008um_00642_00212-1,
s_008um_00543_00393-1,
s_008um_00262_00222-1,
s_008um_00604_00602-1,
s_008um_00446_00598-1,
s_008um_00596_00197-1,
s_008um_00227_00593-1,
s_008um_00593_00387-1,
s_008um_00573_00196-1,
s_008um_00469_00382-1,
s_008um_00587_00387-1,
s_008um_00580_00217-1,
s_008um_00357_00391-1,
s_008um_00658_00401-1,
s_008um_00229_00394-1,
s_008um_00658_00210-1,
s_008um_00580_00605-1,
s_008um_00144_00230-1,
s_008um_00587_00600-1,
s_008um_00668_00203-1,
s_008um_00509_00603-1,
s_008um_00492_00600-1,
s_008um_00254_00384-1,
s_008um_00659_00226-1,
s_008um_00271_00602-1,
s_008um_00645_00227-1,
s_008um_00126_00231-1,
s_008um_00228_00389-1,
s_008um_00574_00617-1,
s_008um_00449_00203-1,
s_008um_00496_00393-1,
s_008um_00170_00403-1,
s_008um_00287_00369-1,
s_008um_00512_00591-1,
s_008um_00506_00197-1,
s_008um_00609_00408-1,
s_008um_00568_00374-1,
s_008um_00395_00375-1,
s_008um_00160_00412-1,
s_008um_00482_00211-1,
s_008um_00467_00594-1,
s_008um_00430_00387-1,
s_008um_00465_00381-1,
s_008um_00539_00609-1,
s_008um_00634_00616-1,
s_008um_00630_00213-1,
s_008um_00346_00606-1,
s_008um_00461_00218-1,CS2
s_008um_00559_00208-1,
s_008um_00244_00222-1,
s_008um_00314_00368-1,
s_008um_00254_00381-1,
s_008um_00548_00197-1,
s_008um_00245_00389-1,
s_008um_00410_00372-1,
s_008um_00428_00603-1,
s_008um_00472_00376-1,
s_008um_00496_00593-1,
s_008um_00372_00216-1,
s_008um_00561_00596-1,
s_008um_00656_00607-1,
s_008um_00444_00215-1,CS2
s_008um_00482_00384-1,
s_008um_00674_00215-1,
s_008um_00457_00599-1,
s_008um_00535_00367-1,
s_008um_00227_00221-1,
s_008um_00261_00373-1,
s_008um_00421_00605-1,
s_008um_00306_00213-1,
s_008um_00432_00594-1,
s_008um_00674_00612-1,
s_008um_00265_00384-1,
s_008um_00613_00407-1,
s_008um_00633_00597-1,
s_008um_00665_00225-1,
s_008um_00526_00201-1,
s_008um_00233_00383-1,
s_008um_00322_00609-1,
s_008um_00269_00216-1,
s_008um_00442_00203-1,CS2
s_008um_00588_00380-1,
s_008um_00591_00202-1,
s_008um_00679_00206-1,
s_008um_00368_00375-1,
s_008um_00648_00623-1,
s_008um_00346_00601-1,
s_008um_00560_00208-1,
s_008um_00246_00599-1,
s_008um_00566_00208-1,
s_008um_00313_00609-1,
s_008um_00336_00214-1,
s_008um_00353_00213-1,
s_008um_00654_00416-1,
s_008um_00681_00604-1,
s_008um_00413_00597-1,
s_008um_00354_00212-1,
s_008um_00373_00394-1,
s_008um_00664_00210-1,
s_008um_00271_00605-1,
s_008um_00469_00394-1,
s_008um_00321_00612-1,
s_008um_00426_00388-1,
s_008um_00303_00206-1,
s_008um_00368_00599-1,
s_008um_00279_00605-1,
s_008um_00509_00208-1,
s_008um_00501_00373-1,
s_008um_00310_00387-1,
s_008um_00140_00237-1,
s_008um_00567_00377-1,
s_008um_00460_00596-1,
s_008um_00661_00226-1,
s_008um_00698_00610-1,
s_008um_00204_00399-1,
s_008um_00326_00213-1,
s_008um_00486_00587-1,
s_008um_00657_00204-1,
s_008um_00662_00620-1,
s_008um_00266_00373-1,
s_008um_00361_00613-1,
s_008um_00632_00219-1,
s_008um_00497_00384-1,
s_008um_00443_00377-1,
s_008um_00490_00215-1,
s_008um_00411_00385-1,
s_008um_00406_00392-1,
s_008um_00343_00210-1,
s_008um_00403_00392-1,
s_008um_00649_00616-1,
s_008um_00585_00205-1,
s_008um_00308_00375-1,
s_008um_00700_00412-1,
s_008um_00245_00372-1,
s_008um_00561_00376-1,
s_008um_00578_00381-1,
s_008um_00488_00201-1,
s_008um_00688_00608-1,
s_008um_00347_00613-1,
s_008um_00663_00595-1,
s_008um_00595_00222-1,
s_008um_00565_00389-1,
s_008um_00718_00615-1,
s_008um_00348_00601-1,
s_008um_00501_00601-1,
s_008um_00690_00613-1,
s_008um_00588_00381-1,
s_008um_00625_00208-1,
s_008um_00641_00214-1,
s_008um_00445_00389-1,
s_008um_00210_00394-1,
s_008um_00305_00368-1,
s_008um_00526_00595-1,
s_008um_00246_00390-1,
s_008um_00351_00207-1,
s_008um_00420_00395-1,
s_008um_00375_00615-1,
s_008um_00253_00595-1,
s_008um_00619_00624-1,
s_008um_00156_00242-1,
s_008um_00208_00220-1,
s_008um_00604_00607-1,
s_008um_00440_00600-1,
s_008um_00411_00384-1,
s_008um_00331_00206-1,
s_008um_00714_00600-1,
s_008um_00419_00211-1,CS2
s_008um_00640_00608-1,
s_008um_00565_00606-1,
s_008um_00232_00222-1,
s_008um_00530_00213-1,
s_008um_00639_00601-1,
s_008um_00682_00211-1,
s_008um_00439_00603-1,
s_008um_00474_00218-1,
s_008um_00631_00419-1,
s_008um_00494_00590-1,
s_008um_00433_00606-1,
s_008um_00329_00213-1,
s_008um_00232_00384-1,
s_008um_00565_00610-1,
s_008um_00562_00219-1,
s_008um_00466_00210-1,
s_008um_00340_00208-1,
s_008um_00705_00597-1,
s_008um_00634_00232-1,
s_008um_00339_00211-1,
s_008um_00455_00600-1,
s_008um_00238_00589-1,
s_008um_00191_00225-1,
s_008um_00712_00612-1,
s_008um_00629_00608-1,
s_008um_00626_00198-1,
s_008um_00514_00393-1,
s_008um_00713_00608-1,
s_008um_00188_00399-1,
s_008um_00667_00225-1,
s_008um_00246_00591-1,
s_008um_00546_00207-1,
s_008um_00692_00422-1,
s_008um_00562_00197-1,
s_008um_00459_00215-1,CS2
s_008um_00615_00208-1,
s_008um_00384_00384-1,
s_008um_00592_00407-1,
s_008um_00264_00218-1,
s_008um_00543_00594-1,
s_008um_00500_00201-1,
s_008um_00569_00611-1,
s_008um_00194_00394-1,
s_008um_00670_00210-1,
s_008um_00367_00384-1,
s_008um_00205_00213-1,
s_008um_00632_00607-1,
s_008um_00447_00378-1,
s_008um_00210_00228-1,
s_008um_00429_00394-1,
s_008um_00188_00402-1,
s_008um_00576_00600-1,
s_008um_00314_00383-1,
s_008um_00273_00375-1,
s_008um_00563_00385-1,
s_008um_00555_00372-1,
s_008um_00575_00610-1,
s_008um_00661_00208-1,
s_008um_00346_00604-1,
s_008um_00427_00382-1,
s_008um_00359_00369-1,
s_008um_00323_00597-1,
s_008um_00689_00205-1,
s_008um_00323_00215-1,
s_008um_00359_00393-1,
s_008um_00652_00610-1,
s_008um_00516_00590-1,
s_008um_00663_00403-1,
s_008um_00476_00217-1,
s_008um_00433_00385-1,
s_008um_00361_00610-1,
s_008um_00256_00604-1,
s_008um_00247_00217-1,
s_008um_00160_00250-1,
s_008um_00305_00599-1,
s_008um_00608_00414-1,
s_008um_00663_00415-1,
s_008um_00262_00369-1,
s_008um_00282_00388-1,
s_008um_00604_00404-1,
s_008um_00268_00598-1,
s_008um_00564_00208-1,
s_008um_00423_00387-1,
s_008um_00335_00383-1,
s_008um_00562_00375-1,
s_008um_00422_00377-1,
s_008um_00460_00382-1,
s_008um_00531_00610-1,
s_008um_00378_00379-1,
s_008um_00495_00587-1,
s_008um_00226_00386-1,
s_008um_00128_00248-1,
s_008um_00476_00384-1,
s_008um_00248_00601-1,
s_008um_00250_00215-1,
s_008um_00327_00598-1,
s_008um_00419_00608-1,
s_008um_00703_00205-1,
s_008um_00526_00596-1,
s_008um_00459_00374-1,
s_008um_00229_00588-1,
s_008um_00593_00209-1,
s_008um_00455_00597-1,
s_008um_00533_00389-1,
s_008um_00575_00377-1,
s_008um_00593_00219-1,
s_008um_00688_00615-1,
s_008um_00453_00388-1,
s_008um_00717_00620-1,
s_008um_00698_00207-1,
s_008um_00703_00414-1,
s_008um_00497_00588-1,
s_008um_00530_00208-1,
s_008um_00111_00238-1,
s_008um_00568_00221-1,
s_008um_00567_00388-1,
s_008um_00211_00387-1,
s_008um_00219_00378-1,
s_008um_00197_00228-1,
s_008um_00278_00387-1,
s_008um_00118_00236-1,
s_008um_00649_00414-1,
s_008um_00652_00593-1,
s_008um_00666_00216-1,
s_008um_00456_00377-1,
s_008um_00233_00386-1,
s_008um_00109_00237-1,
s_008um_00192_00223-1,
s_008um_00602_00199-1,
s_008um_00513_00214-1,
s_008um_00298_00610-1,
s_008um_00232_00224-1,
s_008um_00345_00205-1,
s_008um_00200_00229-1,
s_008um_00574_00198-1,
s_008um_00498_00599-1,
s_008um_00523_00377-1,
s_008um_00585_00617-1,
s_008um_00462_00388-1,
s_008um_00309_00608-1,
s_008um_00239_00218-1,
s_008um_00478_00388-1,
s_008um_00519_00387-1,
s_008um_00430_00604-1,
s_008um_00474_00213-1,
s_008um_00160_00239-1,
s_008um_00635_00227-1,
s_008um_00279_00376-1,
s_008um_00517_00379-1,
s_008um_00708_00205-1,
s_008um_00169_00405-1,
s_008um_00152_00240-1,
s_008um_00684_00211-1,
s_008um_00538_00206-1,
s_008um_00708_00414-1,
s_008um_00263_00600-1,
s_008um_00270_00606-1,
s_008um_00441_00206-1,CS2
s_008um_00408_00214-1,
s_008um_00575_00220-1,
s_008um_00635_00203-1,
s_008um_00254_00604-1,
s_008um_00212_00394-1,
s_008um_00409_00598-1,
s_008um_00672_00206-1,
s_008um_00306_00372-1,
s_008um_00328_00214-1,
s_008um_00633_00205-1,
s_008um_00517_00212-1,
s_008um_00508_00607-1,
s_008um_00576_00192-1,
s_008um_00504_00213-1,
s_008um_00343_00610-1,
s_008um_00627_00415-1,
s_008um_00154_00250-1,
s_008um_00578_00415-1,
s_008um_00241_00220-1,
s_008um_00123_00229-1,
s_008um_00363_00208-1,
s_008um_00578_00610-1,
s_008um_00643_00415-1,
s_008um_00581_00217-1,
s_008um_00219_00394-1,
s_008um_00500_00385-1,
s_008um_00323_00611-1,
s_008um_00589_00200-1,
s_008um_00591_00221-1,
s_008um_00687_00420-1,
s_008um_00235_00388-1,
s_008um_00371_00610-1,
s_008um_00645_00600-1,
s_008um_00556_00596-1,
s_008um_00661_00211-1,
s_008um_00359_00612-1,
s_008um_00691_00603-1,
s_008um_00337_00380-1,
s_008um_00582_00598-1,
s_008um_00394_00608-1,
s_008um_00328_00378-1,
s_008um_00607_00618-1,
s_008um_00385_00379-1,
s_008um_00466_00600-1,
s_008um_00361_00608-1,
s_008um_00363_00369-1,
s_008um_00439_00375-1,
s_008um_00543_00602-1,
s_008um_00127_00245-1,
s_008um_00566_00388-1,
s_008um_00155_00410-1,
s_008um_00678_00603-1,
s_008um_00245_00378-1,
s_008um_00160_00243-1,
s_008um_00315_00384-1,
s_008um_00380_00216-1,
s_008um_00479_00382-1,
s_008um_00680_00418-1,
s_008um_00448_00205-1,
s_008um_00259_00595-1,
s_008um_00615_00615-1,
s_008um_00632_00395-1,
s_008um_00206_00228-1,
s_008um_00292_00598-1,
s_008um_00658_00416-1,
s_008um_00568_00601-1,
s_008um_00588_00382-1,
s_008um_00591_00379-1,
s_008um_00288_00214-1,
s_008um_00653_00230-1,
s_008um_00228_00223-1,
s_008um_00348_00383-1,
s_008um_00626_00201-1,
s_008um_00631_00215-1,
s_008um_00114_00243-1,
s_008um_00711_00411-1,
s_008um_00112_00244-1,
s_008um_00589_00391-1,
s_008um_00490_00591-1,
s_008um_00635_00605-1,
s_008um_00238_00593-1,
s_008um_00184_00232-1,
s_008um_00405_00215-1,
s_008um_00522_00373-1,
s_008um_00239_00588-1,
s_008um_00567_00210-1,
s_008um_00359_00211-1,
s_008um_00539_00604-1,
s_008um_00610_00604-1,
s_008um_00406_00211-1,
s_008um_00351_00383-1,
s_008um_00618_00216-1,
s_008um_00674_00606-1,
s_008um_00677_00620-1,
s_008um_00580_00604-1,
s_008um_00280_00389-1,
s_008um_00640_00207-1,
s_008um_00180_00234-1,
s_008um_00395_00389-1,
s_008um_00562_00603-1,
s_008um_00445_00606-1,
s_008um_00394_00384-1,
s_008um_00632_00409-1,
s_008um_00470_00388-1,
s_008um_00305_00381-1,
s_008um_00590_00216-1,
s_008um_00600_00195-1,
s_008um_00272_00218-1,
s_008um_00634_00415-1,
s_008um_00618_00623-1,
s_008um_00349_00374-1,
s_008um_00660_00412-1,
s_008um_00502_00203-1,
s_008um_00362_00211-1,
s_008um_00502_00384-1,
s_008um_00457_00220-1,CS2
s_008um_00260_00379-1,
s_008um_00602_00385-1,
s_008um_00681_00413-1,
s_008um_00664_00600-1,
s_008um_00488_00214-1,
s_008um_00643_00624-1,
s_008um_00579_00614-1,
s_008um_00540_00602-1,
s_008um_00276_00216-1,
s_008um_00479_00394-1,
s_008um_00662_00616-1,
s_008um_00406_00608-1,
s_008um_00496_00371-1,
s_008um_00410_00380-1,
s_008um_00698_00600-1,
s_008um_00443_00213-1,CS2
s_008um_00219_00224-1,
s_008um_00708_00614-1,
s_008um_00568_00385-1,
s_008um_00524_00375-1,
s_008um_00276_00218-1,
s_008um_00557_00387-1,
s_008um_00640_00221-1,
s_008um_00356_00605-1,
s_008um_00375_00613-1,
s_008um_00553_00195-1,
s_008um_00564_00377-1,
s_008um_00418_00386-1,
s_008um_00640_00218-1,
s_008um_00184_00222-1,
s_008um_00670_00203-1,
s_008um_00354_00373-1,
s_008um_00175_00238-1,
s_008um_00484_00373-1,
s_008um_00426_00394-1,
s_008um_00522_00593-1,
s_008um_00619_00409-1,
s_008um_00650_00610-1,
s_008um_00370_00370-1,
s_008um_00367_00374-1,
s_008um_00616_00212-1,
s_008um_00381_00610-1,
s_008um_00419_00603-1,
s_008um_00585_00202-1,
s_008um_00555_00610-1,
s_008um_00520_00603-1,
s_008um_00590_00208-1,
s_008um_00662_00406-1,
s_008um_00414_00609-1,
s_008um_00632_00604-1,
s_008um_00353_00603-1,
s_008um_00512_00198-1,
s_008um_00254_00599-1,
s_008um_00688_00598-1,
s_008um_00598_00598-1,
s_008um_00493_00591-1,
s_008um_00363_00370-1,
s_008um_00711_00619-1,
s_008um_00269_00381-1,
s_008um_00662_00209-1,
s_008um_00629_00233-1,
s_008um_00165_00228-1,
s_008um_00387_00601-1,
s_008um_00538_00597-1,
s_008um_00159_00412-1,
s_008um_00391_00373-1,
s_008um_00481_00208-1,
s_008um_00644_00623-1,
s_008um_00455_00215-1,CS2
s_008um_00422_00388-1,
s_008um_00468_00382-1,
s_008um_00238_00220-1,
s_008um_00374_00600-1,
s_008um_00441_00388-1,
s_008um_00300_00611-1,
s_008um_00302_00610-1,
s_008um_00272_00600-1,
s_008um_00158_00235-1,
s_008um_00130_00239-1,
s_008um_00694_00598-1,
s_008um_00693_00414-1,
s_008um_00239_00395-1,
s_008um_00541_00197-1,
s_008um_00555_00601-1,
s_008um_00682_00208-1,
s_008um_00458_00208-1,
s_008um_00329_00613-1,
s_008um_00309_00604-1,
s_008um_00590_00222-1,
s_008um_00229_00215-1,
s_008um_00470_00213-1,
s_008um_00643_00229-1,
s_008um_00357_00392-1,
s_008um_00159_00233-1,
s_008um_00367_00386-1,
s_008um_00149_00234-1,
s_008um_00576_00610-1,
s_008um_00306_00365-1,
s_008um_00460_00593-1,
s_008um_00637_00417-1,
s_008um_00560_00389-1,
s_008um_00233_00595-1,
s_008um_00299_00370-1,
s_008um_00166_00228-1,
s_008um_00635_00208-1,
s_008um_00618_00603-1,
s_008um_00269_00385-1,
s_008um_00675_00203-1,
s_008um_00260_00218-1,
s_008um_00559_00207-1,
s_008um_00389_00372-1,
s_008um_00135_00236-1,
s_008um_00454_00212-1,CS2
s_008um_00625_00599-1,
s_008um_00184_00236-1,
s_008um_00690_00411-1,
s_008um_00499_00376-1,
s_008um_00464_00216-1,
s_008um_00513_00601-1,
s_008um_00141_00237-1,
s_008um_00593_00221-1,
s_008um_00263_00222-1,
s_008um_00188_00394-1,
s_008um_00453_00387-1,
s_008um_00594_00622-1,
s_008um_00329_00205-1,
s_008um_00614_00200-1,
s_008um_00255_00221-1,
s_008um_00584_00193-1,
s_008um_00670_00615-1,
s_008um_00449_00205-1,
s_008um_00525_00379-1,
s_008um_00699_00419-1,
s_008um_00110_00231-1,
s_008um_00594_00386-1,
s_008um_00596_00619-1,
s_008um_00363_00606-1,
s_008um_00601_00382-1,
s_008um_00515_00589-1,
s_008um_00531_00217-1,
s_008um_00357_00607-1,
s_008um_00365_00377-1,
s_008um_00583_00199-1,
s_008um_00143_00242-1,
s_008um_00244_00370-1,
s_008um_00360_00377-1,
s_008um_00601_00616-1,
s_008um_00186_00405-1,
s_008um_00502_00601-1,
s_008um_00406_00218-1,
s_008um_00535_00377-1,
s_008um_00438_00393-1,
s_008um_00366_00392-1,
s_008um_00229_00398-1,
s_008um_00384_00389-1,
s_008um_00493_00199-1,
s_008um_00412_00601-1,
s_008um_00334_00377-1,
s_008um_00589_00216-1,
s_008um_00550_00200-1,
s_008um_00706_00413-1,
s_008um_00123_00250-1,
s_008um_00414_00393-1,
s_008um_00484_00204-1,
s_008um_00211_00227-1,
s_008um_00569_00207-1,
s_008um_00314_00603-1,
s_008um_00449_00385-1,
s_008um_00574_00192-1,
s_008um_00401_00372-1,
s_008um_00535_00373-1,
s_008um_00484_00217-1,
s_008um_00614_00618-1,
s_008um_00344_00211-1,
s_008um_00678_00616-1,
s_008um_00614_00211-1,
s_008um_00507_00595-1,
s_008um_00627_00606-1,
s_008um_00440_00201-1,
s_008um_00620_00204-1,
s_008um_00453_00217-1,CS2
s_008um_00583_00605-1,
s_008um_00541_00382-1,
s_008um_00552_00613-1,
s_008um_00661_00603-1,
s_008um_00293_00212-1,
s_008um_00691_00419-1,
s_008um_00394_00219-1,
s_008um_00316_00611-1,
s_008um_00531_00387-1,
s_008um_00491_00592-1,
s_008um_00262_00600-1,
s_008um_00455_00222-1,CS2
s_008um_00498_00381-1,
s_008um_00521_00392-1,
s_008um_00526_00380-1,
s_008um_00589_00409-1,
s_008um_00651_00608-1,
s_008um_00152_00239-1,
s_008um_00407_00218-1,
s_008um_00536_00603-1,
s_008um_00184_00395-1,
s_008um_00579_00378-1,
s_008um_00312_00610-1,
s_008um_00629_00622-1,
s_008um_00354_00598-1,
s_008um_00538_00393-1,
s_008um_00315_00372-1,
s_008um_00572_00619-1,
s_008um_00469_00391-1,
s_008um_00560_00598-1,
s_008um_00668_00597-1,
s_008um_00118_00235-1,
s_008um_00523_00375-1,
s_008um_00662_00226-1,
s_008um_00266_00596-1,
s_008um_00611_00408-1,
s_008um_00588_00214-1,
s_008um_00416_00217-1,
s_008um_00355_00603-1,
s_008um_00501_00379-1,
s_008um_00690_00209-1,
s_008um_00156_00248-1,
s_008um_00658_00406-1,
s_008um_00330_00389-1,
s_008um_00345_00207-1,
s_008um_00558_00605-1,
s_008um_00581_00196-1,
s_008um_00471_00587-1,
s_008um_00409_00606-1,
s_008um_00326_00613-1,
s_008um_00452_00205-1,
s_008um_00612_00620-1,
s_008um_00190_00226-1,
s_008um_00380_00605-1,
s_008um_00422_00208-1,CS2
s_008um_00403_00607-1,
s_008um_00579_00382-1,
s_008um_00257_00224-1,
s_008um_00684_00418-1,
s_008um_00457_00221-1,CS2
s_008um_00656_00404-1,
s_008um_00673_00418-1,
s_008um_00621_00225-1,
s_008um_00489_00207-1,
s_008um_00635_00610-1,
s_008um_00220_00384-1,
s_008um_00560_00607-1,
s_008um_00673_00612-1,
s_008um_00225_00599-1,
s_008um_00662_00606-1,
s_008um_00380_00602-1,
s_008um_00431_00596-1,
s_008um_00715_00615-1,
s_008um_00665_00414-1,
s_008um_00238_00386-1,
s_008um_00621_00204-1,
s_008um_00274_00223-1,
s_008um_00358_00615-1,
s_008um_00448_00378-1,
s_008um_00358_00376-1,
s_008um_00427_00390-1,
s_008um_00716_00419-1,
s_008um_00255_00220-1,
s_008um_00657_00206-1,
s_008um_00557_00390-1,
s_008um_00520_00383-1,
s_008um_00653_00205-1,
s_008um_00489_00385-1,
s_008um_00374_00395-1,
s_008um_00205_00399-1,
s_008um_00663_00222-1,
s_008um_00149_00239-1,
s_008um_00551_00613-1,
s_008um_00488_00211-1,
s_008um_00243_00596-1,
s_008um_00208_00224-1,
s_008um_00180_00407-1,
s_008um_00154_00231-1,
s_008um_00289_00389-1,
s_008um_00572_00214-1,
s_008um_00679_00410-1,
s_008um_00550_00383-1,
s_008um_00680_00606-1,
s_008um_00358_00369-1,
s_008um_00639_00397-1,
s_008um_00526_00377-1,
s_008um_00580_00220-1,
s_008um_00390_00610-1,
s_008um_00258_00370-1,
s_008um_00590_00604-1,
s_008um_00667_00204-1,
s_008um_00567_00200-1,
s_008um_00166_00238-1,
s_008um_00673_00614-1,
s_008um_00588_00215-1,
s_008um_00496_00391-1,
s_008um_00603_00603-1,
s_008um_00678_00612-1,
s_008um_00663_00613-1,
s_008um_00450_00373-1,
s_008um_00157_00248-1,
s_008um_00577_00199-1,
s_008um_00604_00402-1,
s_008um_00470_00387-1,
s_008um_00693_00611-1,
s_008um_00495_00390-1,
s_008um_00352_00206-1,
s_008um_00505_00206-1,
s_008um_00444_00374-1,
s_008um_00477_00204-1,
s_008um_00360_00607-1,
s_008um_00606_00231-1,
s_008um_00533_00212-1,
s_008um_00695_00412-1,
s_008um_00703_00611-1,
s_008um_00697_00596-1,
s_008um_00301_00390-1,
s_008um_00290_00389-1,
s_008um_00419_00601-1,
s_008um_00394_00610-1,
s_008um_00179_00227-1,
s_008um_00594_00203-1,
s_008um_00604_00608-1,
s_008um_00671_00617-1,
s_008um_00245_00594-1,
s_008um_00556_00380-1,
s_008um_00209_00225-1,
s_008um_00515_00588-1,
s_008um_00508_00591-1,
s_008um_00202_00389-1,
s_008um_00310_00379-1,
s_008um_00393_00211-1,
s_008um_00476_00587-1,
s_008um_00523_00378-1,
s_008um_00448_00599-1,
s_008um_00603_00218-1,
s_008um_00449_00213-1,CS2
s_008um_00201_00219-1,
s_008um_00288_00384-1,
s_008um_00634_00228-1,
s_008um_00342_00382-1,
s_008um_00131_00242-1,
s_008um_00623_00624-1,
s_008um_00274_00602-1,
s_008um_00719_00616-1,
s_008um_00112_00232-1,
s_008um_00654_00602-1,
s_008um_00605_00393-1,
s_008um_00270_00597-1,
s_008um_00671_00609-1,
s_008um_00476_00592-1,
s_008um_00423_00388-1,
s_008um_00649_00223-1,
s_008um_00629_00226-1,
s_008um_00671_00416-1,
s_008um_00439_00207-1,CS2
s_008um_00404_00606-1,
s_008um_00317_00212-1,
s_008um_00587_00218-1,
s_008um_00232_00383-1,
s_008um_00171_00226-1,
s_008um_00628_00231-1,
s_008um_00660_00414-1,
s_008um_00544_00199-1,
s_008um_00309_00371-1,
s_008um_00154_00237-1,
s_008um_00301_00603-1,
s_008um_00544_00196-1,
s_008um_00155_00247-1,
s_008um_00212_00213-1,
s_008um_00660_00408-1,
s_008um_00546_00200-1,
s_008um_00135_00244-1,
s_008um_00514_00198-1,
s_008um_00324_00375-1,
s_008um_00666_00603-1,
s_008um_00433_00390-1,
s_008um_00183_00402-1,
s_008um_00630_00402-1,
s_008um_00481_00377-1,
s_008um_00503_00589-1,
s_008um_00643_00619-1,
s_008um_00536_00369-1,
s_008um_00490_00602-1,
s_008um_00692_00606-1,
s_008um_00715_00614-1,
s_008um_00159_00238-1,
s_008um_00524_00195-1,
s_008um_00690_00202-1,
s_008um_00135_00235-1,
s_008um_00529_00207-1,
s_008um_00662_00407-1,
s_008um_00597_00222-1,
s_008um_00681_00598-1,
s_008um_00536_00607-1,
s_008um_00646_00598-1,
s_008um_00320_00378-1,
s_008um_00386_00218-1,
s_008um_00441_00375-1,
s_008um_00457_00598-1,
s_008um_00339_00369-1,
s_008um_00648_00597-1,
s_008um_00421_00211-1,CS2
s_008um_00511_00195-1,
s_008um_00364_00606-1,
s_008um_00700_00416-1,
s_008um_00369_00607-1,
s_008um_00159_00240-1,
s_008um_00607_00609-1,
s_008um_00713_00208-1,
s_008um_00305_00378-1,
s_008um_00163_00403-1,
s_008um_00287_00605-1,
s_008um_00225_00225-1,
s_008um_00662_00614-1,
s_008um_00564_00212-1,
s_008um_00583_00414-1,
s_008um_00596_00381-1,
s_008um_00441_00595-1,
s_008um_00674_00414-1,
s_008um_00465_00389-1,
s_008um_00340_00374-1,
s_008um_00548_00612-1,
s_008um_00580_00389-1,
s_008um_00638_00607-1,
s_008um_00515_00382-1,
s_008um_00474_00208-1,
s_008um_00388_00611-1,
s_008um_00289_00608-1,
s_008um_00453_00392-1,
s_008um_00552_00598-1,
s_008um_00499_00372-1,
s_008um_00419_00214-1,CS2
s_008um_00554_00213-1,
s_008um_00310_00375-1,
s_008um_00407_00373-1,
s_008um_00262_00376-1,
s_008um_00562_00208-1,
s_008um_00304_00598-1,
s_008um_00705_00601-1,
s_008um_00624_00202-1,
s_008um_00694_00617-1,
s_008um_00702_00618-1,
s_008um_00494_00208-1,
s_008um_00333_00378-1,
s_008um_00582_00607-1,
s_008um_00490_00387-1,
s_008um_00279_00610-1,
s_008um_00513_00373-1,
s_008um_00211_00397-1,
s_008um_00311_00213-1,
s_008um_00518_00390-1,
s_008um_00518_00206-1,
s_008um_00429_00381-1,
s_008um_00558_00218-1,
s_008um_00252_00598-1,
s_008um_00496_00384-1,
s_008um_00541_00209-1,
s_008um_00537_00367-1,
s_008um_00708_00598-1,
s_008um_00561_00390-1,
s_008um_00499_00207-1,
s_008um_00366_00389-1,
s_008um_00334_00205-1,
s_008um_00581_00206-1,
s_008um_00142_00233-1,
s_008um_00618_00611-1,
s_008um_00407_00384-1,
s_008um_00664_00208-1,
s_008um_00522_00210-1,
s_008um_00205_00398-1,
s_008um_00684_00616-1,
s_008um_00435_00379-1,
s_008um_00391_00371-1,
s_008um_00682_00416-1,
s_008um_00597_00199-1,
s_008um_00352_00615-1,
s_008um_00290_00368-1,
s_008um_00248_00386-1,
s_008um_00563_00377-1,
s_008um_00608_00211-1,
s_008um_00483_00216-1,
s_008um_00123_00238-1,
s_008um_00419_00208-1,CS2
s_008um_00345_00204-1,
s_008um_00369_00370-1,
s_008um_00234_00601-1,
s_008um_00213_00386-1,
s_008um_00337_00383-1,
s_008um_00654_00221-1,
s_008um_00275_00388-1,
s_008um_00637_00210-1,
s_008um_00440_00596-1,
s_008um_00661_00622-1,
s_008um_00267_00381-1,
s_008um_00358_00372-1,
s_008um_00536_00387-1,
s_008um_00598_00384-1,
s_008um_00458_00598-1,
s_008um_00668_00621-1,
s_008um_00187_00227-1,
s_008um_00316_00382-1,
s_008um_00257_00370-1,
s_008um_00608_00614-1,
s_008um_00116_00227-1,
s_008um_00330_00604-1,
s_008um_00391_00600-1,
s_008um_00285_00603-1,
s_008um_00542_00386-1,
s_008um_00544_00211-1,
s_008um_00448_00604-1,
s_008um_00668_00215-1,
s_008um_00406_00603-1,
s_008um_00581_00619-1,
s_008um_00272_00386-1,
s_008um_00204_00389-1,
s_008um_00219_00398-1,
s_008um_00212_00390-1,
s_008um_00467_00388-1,
s_008um_00470_00211-1,
s_008um_00588_00195-1,
s_008um_00636_00216-1,
s_008um_00645_00228-1,
s_008um_00243_00223-1,
s_008um_00442_00382-1,
s_008um_00290_00603-1,
s_008um_00621_00620-1,
s_008um_00209_00397-1,
s_008um_00540_00209-1,
s_008um_00600_00418-1,
s_008um_00480_00377-1,
s_008um_00329_00607-1,
s_008um_00659_00620-1,
s_008um_00575_00214-1,
s_008um_00533_00594-1,
s_008um_00207_00398-1,
s_008um_00616_00621-1,
s_008um_00158_00233-1,
s_008um_00639_00600-1,
s_008um_00420_00382-1,
s_008um_00583_00613-1,
s_008um_00673_00213-1,
s_008um_00653_00213-1,
s_008um_00502_00200-1,
s_008um_00581_00412-1,
s_008um_00648_00226-1,
s_008um_00567_00613-1,
s_008um_00393_00379-1,
s_008um_00470_00603-1,
s_008um_00645_00235-1,
s_008um_00671_00596-1,
s_008um_00607_00219-1,
s_008um_00587_00214-1,
s_008um_00652_00608-1,
s_008um_00528_00600-1,
s_008um_00594_00225-1,
s_008um_00614_00607-1,
s_008um_00118_00240-1,
s_008um_00648_00611-1,
s_008um_00627_00614-1,
s_008um_00375_00388-1,
s_008um_00395_00384-1,
s_008um_00499_00203-1,
s_008um_00164_00237-1,
s_008um_00135_00229-1,
s_008um_00656_00229-1,
s_008um_00267_00374-1,
s_008um_00284_00217-1,
s_008um_00243_00373-1,
s_008um_00204_00219-1,
s_008um_00581_00197-1,
s_008um_00671_00214-1,
s_008um_00680_00619-1,
s_008um_00417_00386-1,
s_008um_00571_00382-1,
s_008um_00656_00209-1,
s_008um_00691_00212-1,
s_008um_00460_00390-1,
s_008um_00487_00388-1,
s_008um_00428_00396-1,
s_008um_00253_00602-1,
s_008um_00668_00610-1,
s_008um_00144_00231-1,
s_008um_00600_00599-1,
s_008um_00601_00216-1,
s_008um_00538_00608-1,
s_008um_00497_00208-1,
s_008um_00514_00607-1,
s_008um_00274_00376-1,
s_008um_00175_00239-1,
s_008um_00623_00223-1,
s_008um_00231_00595-1,
s_008um_00456_00596-1,
s_008um_00602_00212-1,
s_008um_00680_00417-1,
s_008um_00485_00378-1,
s_008um_00464_00600-1,
s_008um_00281_00218-1,
s_008um_00661_00600-1,
s_008um_00243_00602-1,
s_008um_00603_00227-1,
s_008um_00634_00217-1,
s_008um_00518_00591-1,
s_008um_00446_00593-1,
s_008um_00143_00243-1,
s_008um_00489_00599-1,
s_008um_00545_00209-1,
s_008um_00619_00414-1,
s_008um_00355_00378-1,
s_008um_00524_00385-1,
s_008um_00206_00220-1,
s_008um_00239_00601-1,
s_008um_00294_00388-1,
s_008um_00331_00598-1,
s_008um_00467_00385-1,
s_008um_00496_00200-1,
s_008um_00474_00384-1,
s_008um_00696_00614-1,
s_008um_00627_00203-1,
s_008um_00664_00404-1,
s_008um_00441_00212-1,CS2
s_008um_00331_00379-1,
s_008um_00599_00607-1,
s_008um_00630_00203-1,
s_008um_00412_00604-1,
s_008um_00561_00600-1,
s_008um_00591_00377-1,
s_008um_00158_00407-1,
s_008um_00322_00210-1,
s_008um_00617_00602-1,
s_008um_00575_00608-1,
s_008um_00535_00593-1,
s_008um_00626_00615-1,
s_008um_00325_00372-1,
s_008um_00422_00390-1,
s_008um_00200_00401-1,
s_008um_00354_00372-1,
s_008um_00564_00606-1,
s_008um_00459_00378-1,
s_008um_00159_00244-1,
s_008um_00343_00614-1,
s_008um_00476_00599-1,
s_008um_00330_00367-1,
s_008um_00404_00387-1,
s_008um_00431_00208-1,CS2
s_008um_00626_00623-1,
s_008um_00525_00603-1,
s_008um_00629_00205-1,
s_008um_00699_00210-1,
s_008um_00355_00373-1,
s_008um_00477_00378-1,
s_008um_00533_00597-1,
s_008um_00556_00199-1,
s_008um_00633_00406-1,
s_008um_00306_00608-1,
s_008um_00550_00596-1,
s_008um_00655_00225-1,
s_008um_00457_00378-1,
s_008um_00569_00616-1,
s_008um_00564_00195-1,
s_008um_00586_00605-1,
s_008um_00551_00197-1,
s_008um_00676_00602-1,
s_008um_00524_00215-1,
s_008um_00625_00198-1,
s_008um_00684_00620-1,
s_008um_00165_00225-1,
s_008um_00485_00372-1,
s_008um_00403_00610-1,
s_008um_00651_00212-1,
s_008um_00522_00203-1,
s_008um_00510_00597-1,
s_008um_00330_00600-1,
s_008um_00467_00598-1,
s_008um_00521_00373-1,
s_008um_00535_00205-1,
s_008um_00518_00596-1,
s_008um_00554_00212-1,
s_008um_00576_00417-1,
s_008um_00640_00401-1,
s_008um_00426_00208-1,CS2
s_008um_00284_00366-1,
s_008um_00507_00588-1,
s_008um_00602_00196-1,
s_008um_00686_00209-1,
s_008um_00471_00598-1,
s_008um_00522_00601-1,
s_008um_00208_00213-1,
s_008um_00327_00371-1,
s_008um_00244_00386-1,
s_008um_00371_00393-1,
s_008um_00203_00214-1,
s_008um_00572_00385-1,
s_008um_00552_00377-1,
s_008um_00228_00590-1,
s_008um_00537_00217-1,
s_008um_00619_00226-1,
s_008um_00651_00397-1,
s_008um_00153_00236-1,
s_008um_00229_00377-1,
s_008um_00282_00366-1,
s_008um_00520_00215-1,
s_008um_00703_00209-1,
s_008um_00451_00207-1,
s_008um_00450_00597-1,
s_008um_00121_00248-1,
s_008um_00431_00605-1,
s_008um_00559_00211-1,
s_008um_00317_00209-1,
s_008um_00574_00201-1,
s_008um_00219_00377-1,
s_008um_00447_00598-1,
s_008um_00484_00206-1,
s_008um_00441_00394-1,
s_008um_00688_00601-1,
s_008um_00670_00208-1,
s_008um_00398_00612-1,
s_008um_00483_00373-1,
s_008um_00639_00408-1,
s_008um_00584_00381-1,
s_008um_00640_00415-1,
s_008um_00376_00211-1,
s_008um_00225_00221-1,
s_008um_00340_00207-1,
s_008um_00484_00588-1,
s_008um_00524_00199-1,
s_008um_00601_00214-1,
s_008um_00164_00236-1,
s_008um_00654_00410-1,
s_008um_00287_00368-1,
s_008um_00270_00372-1,
s_008um_00488_00597-1,
s_008um_00471_00591-1,
s_008um_00219_00382-1,
s_008um_00637_00410-1,
s_008um_00580_00620-1,
s_008um_00495_00373-1,
s_008um_00690_00206-1,
s_008um_00112_00243-1,
s_008um_00454_00391-1,
s_008um_00507_00209-1,
s_008um_00174_00226-1,
s_008um_00285_00386-1,
s_008um_00150_00405-1,
s_008um_00242_00378-1,
s_008um_00466_00601-1,
s_008um_00483_00384-1,
s_008um_00675_00606-1,
s_008um_00430_00394-1,
s_008um_00110_00237-1,
s_008um_00222_00393-1,
s_008um_00595_00198-1,
s_008um_00283_00608-1,
s_008um_00604_00216-1,
s_008um_00228_00593-1,
s_008um_00473_00387-1,
s_008um_00668_00417-1,
s_008um_00297_00365-1,
s_008um_00294_00372-1,
s_008um_00234_00597-1,
s_008um_00433_00208-1,CS2
s_008um_00240_00217-1,
s_008um_00351_00206-1,
s_008um_00601_00218-1,
s_008um_00476_00206-1,
s_008um_00377_00603-1,
s_008um_00568_00605-1,
s_008um_00571_00200-1,
s_008um_00476_00374-1,
s_008um_00552_00193-1,
s_008um_00623_00612-1,
s_008um_00245_00605-1,
s_008um_00502_00213-1,
s_008um_00231_00383-1,
s_008um_00341_00382-1,
s_008um_00576_00222-1,
s_008um_00160_00408-1,
s_008um_00650_00623-1,
s_008um_00632_00226-1,
s_008um_00519_00375-1,
s_008um_00168_00410-1,
s_008um_00464_00389-1,
s_008um_00624_00403-1,
s_008um_00397_00599-1,
s_008um_00624_00405-1,
s_008um_00203_00398-1,
s_008um_00626_00196-1,
s_008um_00492_00590-1,
s_008um_00645_00400-1,
s_008um_00623_00398-1,
s_008um_00507_00212-1,
s_008um_00509_00607-1,
s_008um_00253_00375-1,
s_008um_00163_00235-1,
s_008um_00259_00387-1,
s_008um_00711_00421-1,
s_008um_00448_00598-1,
s_008um_00423_00214-1,CS2
s_008um_00281_00390-1,
s_008um_00374_00393-1,
s_008um_00604_00616-1,
s_008um_00634_00408-1,
s_008um_00515_00207-1,
s_008um_00641_00408-1,
s_008um_00248_00604-1,
s_008um_00257_00218-1,
s_008um_00244_00380-1,
s_008um_00545_00599-1,
s_008um_00562_00210-1,
s_008um_00272_00605-1,
s_008um_00317_00390-1,
s_008um_00527_00215-1,
s_008um_00291_00611-1,
s_008um_00496_00210-1,
s_008um_00121_00247-1,
s_008um_00473_00206-1,
s_008um_00573_00208-1,
s_008um_00587_00193-1,
s_008um_00392_00601-1,
s_008um_00263_00217-1,
s_008um_00657_00407-1,
s_008um_00678_00208-1,
s_008um_00560_00379-1,
s_008um_00367_00207-1,
s_008um_00547_00594-1,
s_008um_00544_00214-1,
s_008um_00627_00622-1,
s_008um_00578_00602-1,
s_008um_00616_00602-1,
s_008um_00394_00371-1,
s_008um_00703_00607-1,
s_008um_00683_00215-1,
s_008um_00482_00212-1,
s_008um_00624_00612-1,
s_008um_00562_00209-1,
s_008um_00392_00382-1,
s_008um_00697_00602-1,
s_008um_00665_00210-1,
s_008um_00550_00613-1,
s_008um_00537_00607-1,
s_008um_00615_00211-1,
s_008um_00459_00381-1,
s_008um_00311_00611-1,
s_008um_00649_00400-1,
s_008um_00451_00388-1,
s_008um_00553_00373-1,
s_008um_00679_00615-1,
s_008um_00346_00380-1,
s_008um_00271_00601-1,
s_008um_00417_00383-1,
s_008um_00385_00370-1,
s_008um_00368_00208-1,
s_008um_00528_00388-1,
s_008um_00126_00232-1,
s_008um_00669_00221-1,
s_008um_00715_00601-1,
s_008um_00499_00199-1,
s_008um_00690_00603-1,
s_008um_00247_00393-1,
s_008um_00342_00611-1,
s_008um_00689_00417-1,
s_008um_00692_00609-1,
s_008um_00540_00390-1,
s_008um_00430_00597-1,
s_008um_00541_00383-1,
s_008um_00179_00231-1,
s_008um_00469_00390-1,
s_008um_00540_00203-1,
s_008um_00637_00618-1,
s_008um_00685_00608-1,
s_008um_00256_00603-1,
s_008um_00420_00218-1,CS2
s_008um_00131_00251-1,
s_008um_00457_00602-1,
s_008um_00622_00217-1,
s_008um_00526_00212-1,
s_008um_00481_00211-1,
s_008um_00616_00394-1,
s_008um_00424_00381-1,
s_008um_00543_00612-1,
s_008um_00422_00603-1,
s_008um_00707_00207-1,
s_008um_00472_00206-1,
s_008um_00407_00382-1,
s_008um_00713_00614-1,
s_008um_00561_00199-1,
s_008um_00551_00219-1,
s_008um_00253_00223-1,
s_008um_00438_00390-1,
s_008um_00592_00599-1,
s_008um_00605_00391-1,
s_008um_00425_00205-1,
s_008um_00531_00384-1,
s_008um_00660_00225-1,
s_008um_00624_00410-1,
s_008um_00581_00605-1,
s_008um_00627_00228-1,
s_008um_00630_00223-1,
s_008um_00315_00208-1,
s_008um_00685_00605-1,
s_008um_00313_00602-1,
s_008um_00340_00384-1,
s_008um_00424_00390-1,
s_008um_00644_00397-1,
s_008um_00485_00216-1,
s_008um_00446_00384-1,
s_008um_00608_00412-1,
s_008um_00618_00223-1,
s_008um_00459_00394-1,
s_008um_00642_00229-1,
s_008um_00475_00384-1,
s_008um_00598_00409-1,
s_008um_00163_00227-1,
s_008um_00438_00385-1,
s_008um_00684_00206-1,
s_008um_00500_00592-1,
s_008um_00588_00417-1,
s_008um_00267_00225-1,
s_008um_00426_00207-1,CS2
s_008um_00678_00411-1,
s_008um_00657_00219-1,
s_008um_00305_00214-1,
s_008um_00355_00205-1,
s_008um_00597_00382-1,
s_008um_00138_00230-1,
s_008um_00678_00218-1,
s_008um_00626_00604-1,
s_008um_00653_00405-1,
s_008um_00548_00373-1,
s_008um_00285_00219-1,
s_008um_00170_00243-1,
s_008um_00696_00604-1,
s_008um_00506_00606-1,
s_008um_00596_00201-1,
s_008um_00534_00371-1,
s_008um_00642_00221-1,
s_008um_00580_00201-1,
s_008um_00599_00193-1,
s_008um_00572_00390-1,
s_008um_00659_00403-1,
s_008um_00690_00420-1,
s_008um_00649_00419-1,
s_008um_00614_00415-1,
s_008um_00525_00609-1,
s_008um_00691_00210-1,
s_008um_00510_00371-1,
s_008um_00387_00388-1,
s_008um_00646_00623-1,
s_008um_00165_00403-1,
s_008um_00647_00617-1,
s_008um_00637_00229-1,
s_008um_00408_00372-1,
s_008um_00368_00611-1,
s_008um_00377_00214-1,
s_008um_00506_00587-1,
s_008um_00532_00390-1,
s_008um_00601_00620-1,
s_008um_00222_00379-1,
s_008um_00564_00202-1,
s_008um_00319_00608-1,
s_008um_00189_00395-1,
s_008um_00481_00596-1,
s_008um_00301_00605-1,
s_008um_00620_00230-1,
s_008um_00253_00604-1,
s_008um_00525_00592-1,
s_008um_00369_00606-1,
s_008um_00491_00377-1,
s_008um_00497_00600-1,
s_008um_00227_00393-1,
s_008um_00618_00227-1,
s_008um_00398_00373-1,
s_008um_00573_00386-1,
s_008um_00695_00599-1,
s_008um_00506_00376-1,
s_008um_00245_00377-1,
s_008um_00549_00212-1,
s_008um_00184_00235-1,
s_008um_00430_00385-1,
s_008um_00653_00220-1,
s_008um_00227_00224-1,
s_008um_00676_00410-1,
s_008um_00473_00215-1,
s_008um_00502_00591-1,
s_008um_00204_00230-1,
s_008um_00400_00382-1,
s_008um_00541_00202-1,
s_008um_00472_00388-1,
s_008um_00405_00219-1,
s_008um_00405_00611-1,
s_008um_00612_00614-1,
s_008um_00262_00605-1,
s_008um_00334_00388-1,
s_008um_00398_00377-1,
s_008um_00713_00418-1,
s_008um_00574_00599-1,
s_008um_00450_00376-1,
s_008um_00690_00415-1,
s_008um_00498_00601-1,
s_008um_00662_00224-1,
s_008um_00298_00379-1,
s_008um_00670_00415-1,
s_008um_00201_00217-1,
s_008um_00609_00404-1,
s_008um_00322_00601-1,
s_008um_00252_00380-1,
s_008um_00601_00385-1,
s_008um_00343_00208-1,
s_008um_00569_00198-1,
s_008um_00187_00394-1,
s_008um_00470_00204-1,
s_008um_00209_00219-1,
s_008um_00268_00378-1,
s_008um_00380_00215-1,
s_008um_00588_00603-1,
s_008um_00341_00211-1,
s_008um_00509_00207-1,
s_008um_00462_00212-1,CS2
s_008um_00427_00391-1,
s_008um_00660_00617-1,
s_008um_00245_00597-1,
s_008um_00528_00605-1,
s_008um_00253_00598-1,
s_008um_00387_00386-1,
s_008um_00699_00598-1,
s_008um_00290_00210-1,
s_008um_00316_00212-1,
s_008um_00574_00202-1,
s_008um_00478_00386-1,
s_008um_00368_00207-1,
s_008um_00308_00391-1,
s_008um_00240_00376-1,
s_008um_00620_00392-1,
s_008um_00504_00381-1,
s_008um_00668_00211-1,
s_008um_00699_00410-1,
s_008um_00237_00377-1,
s_008um_00418_00390-1,
s_008um_00307_00373-1,
s_008um_00481_00213-1,
s_008um_00595_00416-1,
s_008um_00583_00394-1,
s_008um_00651_00222-1,
s_008um_00398_00383-1,
s_008um_00590_00217-1,
s_008um_00325_00208-1,
s_008um_00549_00216-1,
s_008um_00427_00601-1,
s_008um_00637_00218-1,
s_008um_00453_00215-1,CS2
s_008um_00244_00597-1,
s_008um_00641_00230-1,
s_008um_00687_00619-1,
s_008um_00620_00615-1,
s_008um_00345_00206-1,
s_008um_00492_00202-1,
s_008um_00642_00401-1,
s_008um_00539_00209-1,
s_008um_00349_00373-1,
s_008um_00275_00216-1,
s_008um_00288_00388-1,
s_008um_00560_00613-1,
s_008um_00598_00407-1,
s_008um_00417_00599-1,
s_008um_00539_00601-1,
s_008um_00258_00595-1,
s_008um_00630_00613-1,
s_008um_00255_00377-1,
s_008um_00454_00387-1,
s_008um_00645_00620-1,
s_008um_00288_00602-1,
s_008um_00365_00598-1,
s_008um_00349_00615-1,
s_008um_00572_00222-1,
s_008um_00386_00210-1,
s_008um_00623_00617-1,
s_008um_00247_00598-1,
s_008um_00653_00212-1,
s_008um_00257_00602-1,
s_008um_00593_00226-1,
s_008um_00512_00379-1,
s_008um_00359_00391-1,
s_008um_00533_00216-1,
s_008um_00574_00610-1,
s_008um_00431_00602-1,
s_008um_00653_00619-1,
s_008um_00594_00215-1,
s_008um_00617_00396-1,
s_008um_00466_00392-1,
s_008um_00365_00210-1,
s_008um_00440_00219-1,CS2
s_008um_00638_00214-1,
s_008um_00348_00609-1,
s_008um_00529_00393-1,
s_008um_00668_00419-1,
s_008um_00564_00613-1,
s_008um_00235_00383-1,
s_008um_00500_00594-1,
s_008um_00645_00619-1,
s_008um_00654_00214-1,
s_008um_00266_00367-1,
s_008um_00230_00393-1,
s_008um_00335_00390-1,
s_008um_00616_00228-1,
s_008um_00358_00602-1,
s_008um_00504_00599-1,
s_008um_00478_00210-1,
s_008um_00301_00389-1,
s_008um_00674_00615-1,
s_008um_00236_00222-1,
s_008um_00371_00381-1,
s_008um_00714_00206-1,
s_008um_00613_00622-1,
s_008um_00596_00199-1,
s_008um_00463_00599-1,
s_008um_00528_00372-1,
s_008um_00268_00224-1,
s_008um_00425_00600-1,
s_008um_00599_00196-1,
s_008um_00567_00607-1,
s_008um_00439_00383-1,
s_008um_00541_00211-1,
s_008um_00351_00370-1,
s_008um_00288_00389-1,
s_008um_00425_00604-1,
s_008um_00610_00230-1,
s_008um_00678_00617-1,
s_008um_00343_00383-1,
s_008um_00627_00194-1,
s_008um_00563_00210-1,
s_008um_00646_00211-1,
s_008um_00397_00377-1,
s_008um_00589_00612-1,
s_008um_00407_00600-1,
s_008um_00497_00210-1,
s_008um_00302_00208-1,
s_008um_00411_00373-1,
s_008um_00449_00597-1,
s_008um_00403_00215-1,
s_008um_00562_00199-1,
s_008um_00432_00390-1,
s_008um_00463_00217-1,CS2
s_008um_00205_00392-1,
s_008um_00639_00606-1,
s_008um_00690_00599-1,
s_008um_00346_00213-1,
s_008um_00666_00604-1,
s_008um_00600_00410-1,
s_008um_00712_00419-1,
s_008um_00670_00419-1,
s_008um_00590_00416-1,
s_008um_00232_00385-1,
s_008um_00159_00251-1,
s_008um_00485_00206-1,
s_008um_00549_00390-1,
s_008um_00584_00220-1,
s_008um_00460_00220-1,CS2
s_008um_00528_00609-1,
s_008um_00572_00382-1,
s_008um_00619_00196-1,
s_008um_00302_00207-1,
s_008um_00337_00387-1,
s_008um_00513_00202-1,
s_008um_00610_00403-1,
s_008um_00551_00601-1,
s_008um_00491_00374-1,
s_008um_00254_00598-1,
s_008um_00618_00213-1,
s_008um_00628_00210-1,
s_008um_00224_00399-1,
s_008um_00450_00385-1,
s_008um_00350_00601-1,
s_008um_00698_00418-1,
s_008um_00229_00594-1,
s_008um_00491_00209-1,
s_008um_00675_00407-1,
s_008um_00231_00398-1,
s_008um_00476_00213-1,
s_008um_00239_00384-1,
s_008um_00696_00608-1,
s_008um_00680_00618-1,
s_008um_00416_00602-1,
s_008um_00113_00229-1,
s_008um_00686_00418-1,
s_008um_00422_00393-1,
s_008um_00643_00234-1,
s_008um_00216_00219-1,
s_008um_00690_00215-1,
s_008um_00387_00211-1,
s_008um_00621_00412-1,
s_008um_00205_00394-1,
s_008um_00345_00600-1,
s_008um_00513_00380-1,
s_008um_00602_00387-1,
s_008um_00639_00415-1,
s_008um_00549_00218-1,
s_008um_00117_00226-1,
s_008um_00362_00373-1,
s_008um_00669_00414-1,
s_008um_00449_00215-1,CS2
s_008um_00443_00221-1,CS2
s_008um_00162_00226-1,
s_008um_00271_00603-1,
s_008um_00387_00215-1,
s_008um_00325_00370-1,
s_008um_00379_00614-1,
s_008um_00583_00224-1,
s_008um_00650_00600-1,
s_008um_00498_00203-1,
s_008um_00643_00408-1,
s_008um_00477_00382-1,
s_008um_00576_00208-1,
s_008um_00641_00227-1,
s_008um_00613_00197-1,
s_008um_00295_00380-1,
s_008um_00528_00379-1,
s_008um_00499_00197-1,
s_008um_00510_00379-1,
s_008um_00276_00609-1,
s_008um_00288_00216-1,
s_008um_00293_00371-1,
s_008um_00577_00217-1,
s_008um_00529_00611-1,
s_008um_00651_00606-1,
s_008um_00601_00387-1,
s_008um_00504_00588-1,
s_008um_00402_00372-1,
s_008um_00620_00227-1,
s_008um_00295_00379-1,
s_008um_00600_00222-1,
s_008um_00454_00222-1,CS2
s_008um_00595_00208-1,
s_008um_00634_00397-1,
s_008um_00544_00202-1,
s_008um_00283_00381-1,
s_008um_00591_00410-1,
s_008um_00552_00606-1,
s_008um_00466_00389-1,
s_008um_00605_00616-1,
s_008um_00625_00601-1,
s_008um_00206_00218-1,
s_008um_00559_00596-1,
s_008um_00295_00208-1,
s_008um_00547_00212-1,
s_008um_00407_00605-1,
s_008um_00584_00616-1,
s_008um_00217_00388-1,
s_008um_00521_00212-1,
s_008um_00532_00375-1,
s_008um_00543_00195-1,
s_008um_00628_00189-1,
s_008um_00138_00229-1,
s_008um_00664_00420-1,
s_008um_00515_00198-1,
s_008um_00371_00212-1,
s_008um_00540_00214-1,
s_008um_00210_00398-1,
s_008um_00630_00190-1,
s_008um_00166_00236-1,
s_008um_00661_00203-1,
s_008um_00469_00395-1,
s_008um_00274_00381-1,
s_008um_00548_00372-1,
s_008um_00470_00601-1,
s_008um_00385_00215-1,
s_008um_00338_00370-1,
s_008um_00678_00416-1,
s_008um_00247_00380-1,
s_008um_00487_00379-1,
s_008um_00276_00219-1,
s_008um_00639_00210-1,
s_008um_00383_00214-1,
s_008um_00376_00384-1,
s_008um_00599_00609-1,
s_008um_00596_00212-1,
s_008um_00642_00600-1,
s_008um_00430_00388-1,
s_008um_00366_00615-1,
s_008um_00447_00597-1,
s_008um_00298_00375-1,
s_008um_00254_00373-1,
s_008um_00648_00212-1,
s_008um_00241_00389-1,
s_008um_00657_00224-1,
s_008um_00499_00377-1,
s_008um_00411_00389-1,
s_008um_00672_00604-1,
s_008um_00584_00619-1,
s_008um_00321_00210-1,
s_008um_00486_00592-1,
s_008um_00130_00241-1,
s_008um_00640_00228-1,
s_008um_00475_00594-1,
s_008um_00273_00386-1,
s_008um_00245_00370-1,
s_008um_00168_00226-1,
s_008um_00711_00416-1,
s_008um_00645_00215-1,
s_008um_00437_00210-1,CS2
s_008um_00549_00371-1,
s_008um_00262_00384-1,
s_008um_00326_00600-1,
s_008um_00691_00211-1,
s_008um_00404_00372-1,
s_008um_00472_00392-1,
s_008um_00378_00210-1,
s_008um_00623_00613-1,
s_008um_00336_00382-1,
s_008um_00583_00598-1,
s_008um_00566_00377-1,
s_008um_00459_00386-1,
s_008um_00682_00213-1,
s_008um_00570_00618-1,
s_008um_00615_00622-1,
s_008um_00597_00611-1,
s_008um_00590_00602-1,
s_008um_00188_00227-1,
s_008um_00355_00614-1,
s_008um_00477_00211-1,
s_008um_00699_00619-1,
s_008um_00346_00207-1,
s_008um_00116_00234-1,
s_008um_00597_00615-1,
s_008um_00310_00600-1,
s_008um_00670_00596-1,
s_008um_00150_00229-1,
s_008um_00195_00396-1,
s_008um_00291_00610-1,
s_008um_00663_00622-1,
s_008um_00553_00198-1,
s_008um_00566_00376-1,
s_008um_00489_00387-1,
s_008um_00540_00380-1,
s_008um_00705_00412-1,
s_008um_00427_00384-1,
s_008um_00485_00592-1,
s_008um_00171_00227-1,
s_008um_00211_00221-1,
s_008um_00357_00611-1,
s_008um_00584_00388-1,
s_008um_00303_00365-1,
s_008um_00569_00390-1,
s_008um_00555_00382-1,
s_008um_00543_00372-1,
s_008um_00587_00395-1,
s_008um_00529_00594-1,
s_008um_00261_00597-1,
s_008um_00544_00596-1,
s_008um_00652_00216-1,
s_008um_00349_00605-1,
s_008um_00324_00385-1,
s_008um_00576_00212-1,
s_008um_00578_00614-1,
s_008um_00646_00209-1,
s_008um_00361_00609-1,
s_008um_00585_00212-1,
s_008um_00193_00402-1,
s_008um_00631_00621-1,
s_008um_00501_00387-1,
s_008um_00292_00208-1,
s_008um_00673_00616-1,
s_008um_00354_00388-1,
s_008um_00322_00368-1,
s_008um_00297_00210-1,
s_008um_00508_00604-1,
s_008um_00234_00377-1,
s_008um_00227_00220-1,
s_008um_00227_00213-1,
s_008um_00506_00589-1,
s_008um_00522_00607-1,
s_008um_00200_00395-1,
s_008um_00279_00213-1,
s_008um_00708_00207-1,
s_008um_00254_00385-1,
s_008um_00492_00598-1,
s_008um_00650_00210-1,
s_008um_00664_00229-1,
s_008um_00655_00617-1,
s_008um_00631_00407-1,
s_008um_00614_00414-1,
s_008um_00555_00606-1,
s_008um_00637_00411-1,
s_008um_00626_00596-1,
s_008um_00591_00413-1,
s_008um_00554_00390-1,
s_008um_00480_00394-1,
s_008um_00648_00402-1,
s_008um_00527_00197-1,
s_008um_00594_00604-1,
s_008um_00324_00382-1,
s_008um_00336_00383-1,
s_008um_00680_00610-1,
s_008um_00573_00394-1,
s_008um_00523_00209-1,
s_008um_00685_00415-1,
s_008um_00480_00390-1,
s_008um_00205_00223-1,
s_008um_00623_00216-1,
s_008um_00371_00395-1,
s_008um_00429_00385-1,
s_008um_00227_00386-1,
s_008um_00593_00617-1,
s_008um_00685_00422-1,
s_008um_00696_00412-1,
s_008um_00404_00215-1,
s_008um_00570_00196-1,
s_008um_00382_00602-1,
s_008um_00536_00210-1,
s_008um_00588_00393-1,
s_008um_00579_00192-1,
s_008um_00581_00200-1,
s_008um_00563_00380-1,
s_008um_00379_00381-1,
s_008um_00522_00196-1,
s_008um_00613_00624-1,
s_008um_00496_00595-1,
s_008um_00409_00388-1,
s_008um_00327_00213-1,
s_008um_00339_00611-1,
s_008um_00415_00394-1,
s_008um_00687_00215-1,
s_008um_00306_00609-1,
s_008um_00337_00204-1,
s_008um_00671_00611-1,
s_008um_00489_00383-1,
s_008um_00456_00218-1,CS2
s_008um_00541_00605-1,
s_008um_00654_00614-1,
s_008um_00520_00593-1,
s_008um_00599_00382-1,
s_008um_00668_00405-1,
s_008um_00673_00613-1,
s_008um_00587_00619-1,
s_008um_00628_00617-1,
s_008um_00404_00381-1,
s_008um_00302_00378-1,
s_008um_00275_00369-1,
s_008um_00562_00205-1,
s_008um_00645_00206-1,
s_008um_00500_00208-1,
s_008um_00611_00600-1,
s_008um_00531_00593-1,
s_008um_00489_00394-1,
s_008um_00328_00388-1,
s_008um_00705_00204-1,
s_008um_00677_00608-1,
s_008um_00229_00597-1,
s_008um_00356_00376-1,
s_008um_00565_00212-1,
s_008um_00356_00611-1,
s_008um_00571_00217-1,
s_008um_00350_00377-1,
s_008um_00499_00596-1,
s_008um_00550_00379-1,
s_008um_00537_00609-1,
s_008um_00453_00377-1,
s_008um_00301_00211-1,
s_008um_00511_00592-1,
s_008um_00271_00224-1,
s_008um_00593_00225-1,
s_008um_00539_00394-1,
s_008um_00552_00381-1,
s_008um_00577_00211-1,
s_008um_00624_00402-1,
s_008um_00463_00602-1,
s_008um_00675_00601-1,
s_008um_00669_00419-1,
s_008um_00537_00380-1,
s_008um_00580_00211-1,
s_008um_00625_00226-1,
s_008um_00114_00246-1,
s_008um_00642_00397-1,
s_008um_00658_00599-1,
s_008um_00240_00588-1,
s_008um_00679_00215-1,
s_008um_00488_00377-1,
s_008um_00567_00214-1,
s_008um_00228_00378-1,
s_008um_00520_00198-1,
s_008um_00423_00380-1,
s_008um_00342_00375-1,
s_008um_00490_00390-1,
s_008um_00460_00214-1,CS2
s_008um_00645_00222-1,
s_008um_00623_00201-1,
s_008um_00606_00224-1,
s_008um_00125_00235-1,
s_008um_00691_00410-1,
s_008um_00580_00387-1,
s_008um_00715_00414-1,
s_008um_00479_00599-1,
s_008um_00412_00390-1,
s_008um_00702_00608-1,
s_008um_00352_00602-1,
s_008um_00268_00387-1,
s_008um_00415_00605-1,
s_008um_00565_00207-1,
s_008um_00611_00197-1,
s_008um_00278_00603-1,
s_008um_00316_00372-1,
s_008um_00568_00381-1,
s_008um_00596_00195-1,
s_008um_00652_00618-1,
s_008um_00297_00367-1,
s_008um_00586_00193-1,
s_008um_00297_00213-1,
s_008um_00397_00605-1,
s_008um_00309_00391-1,
s_008um_00283_00386-1,
s_008um_00550_00599-1,
s_008um_00626_00400-1,
s_008um_00604_00226-1,
s_008um_00418_00218-1,CS2
s_008um_00331_00599-1,
s_008um_00472_00391-1,
s_008um_00641_00210-1,
s_008um_00584_00208-1,
s_008um_00679_00419-1,
s_008um_00343_00373-1,
s_008um_00399_00598-1,
s_008um_00231_00599-1,
s_008um_00528_00197-1,
s_008um_00645_00617-1,
s_008um_00331_00378-1,
s_008um_00589_00192-1,
s_008um_00476_00376-1,
s_008um_00279_00217-1,
s_008um_00437_00204-1,CS2
s_008um_00206_00221-1,
s_008um_00485_00599-1,
s_008um_00580_00221-1,
s_008um_00381_00611-1,
s_008um_00478_00588-1,
s_008um_00344_00381-1,
s_008um_00610_00221-1,
s_008um_00356_00601-1,
s_008um_00380_00601-1,
s_008um_00226_00379-1,
s_008um_00628_00602-1,
s_008um_00670_00408-1,
s_008um_00194_00390-1,
s_008um_00384_00611-1,
s_008um_00641_00398-1,
s_008um_00534_00378-1,
s_008um_00157_00412-1,
s_008um_00306_00367-1,
s_008um_00222_00399-1,
s_008um_00354_00210-1,
s_008um_00692_00418-1,
s_008um_00551_00610-1,
s_008um_00598_00209-1,
s_008um_00365_00392-1,
s_008um_00569_00219-1,
s_008um_00581_00212-1,
s_008um_00325_00383-1,
s_008um_00513_00391-1,
s_008um_00460_00215-1,CS2
s_008um_00248_00380-1,
s_008um_00660_00206-1,
s_008um_00331_00212-1,
s_008um_00557_00615-1,
s_008um_00476_00598-1,
s_008um_00505_00598-1,
s_008um_00300_00389-1,
s_008um_00250_00373-1,
s_008um_00685_00216-1,
s_008um_00341_00611-1,
s_008um_00647_00398-1,
s_008um_00370_00609-1,
s_008um_00328_00599-1,
s_008um_00390_00371-1,
s_008um_00510_00211-1,
s_008um_00286_00600-1,
s_008um_00415_00373-1,
s_008um_00615_00215-1,
s_008um_00559_00199-1,
s_008um_00616_00216-1,
s_008um_00695_00617-1,
s_008um_00396_00384-1,
s_008um_00469_00388-1,
s_008um_00300_00390-1,
s_008um_00491_00207-1,
s_008um_00625_00413-1,
s_008um_00408_00379-1,
s_008um_00538_00606-1,
s_008um_00311_00603-1,
s_008um_00214_00388-1,
s_008um_00286_00603-1,
s_008um_00278_00381-1,
s_008um_00425_00211-1,CS2
s_008um_00116_00230-1,
s_008um_00332_00386-1,
s_008um_00547_00207-1,
s_008um_00662_00419-1,
s_008um_00487_00210-1,
s_008um_00411_00382-1,
s_008um_00309_00368-1,
s_008um_00308_00365-1,
s_008um_00534_00374-1,
s_008um_00641_00226-1,
s_008um_00249_00592-1,
s_008um_00580_00225-1,
s_008um_00627_00616-1,
s_008um_00270_00373-1,
s_008um_00536_00204-1,
s_008um_00510_00381-1,
s_008um_00333_00601-1,
s_008um_00621_00197-1,
s_008um_00234_00589-1,
s_008um_00377_00600-1,
s_008um_00322_00390-1,
s_008um_00225_00594-1,
s_008um_00361_00394-1,
s_008um_00332_00374-1,
s_008um_00598_00408-1,
s_008um_00662_00205-1,
s_008um_00272_00366-1,
s_008um_00584_00217-1,
s_008um_00492_00599-1,
s_008um_00460_00218-1,CS2
s_008um_00641_00418-1,
s_008um_00559_00608-1,
s_008um_00622_00621-1,
s_008um_00335_00209-1,
s_008um_00456_00389-1,
s_008um_00687_00604-1,
s_008um_00329_00611-1,
s_008um_00587_00377-1,
s_008um_00336_00608-1,
s_008um_00395_00600-1,
s_008um_00647_00610-1,
s_008um_00329_00380-1,
s_008um_00474_00595-1,
s_008um_00554_00602-1,
s_008um_00282_00379-1,
s_008um_00237_00397-1,
s_008um_00323_00209-1,
s_008um_00570_00206-1,
s_008um_00553_00606-1,
s_008um_00642_00233-1,
s_008um_00476_00386-1,
s_008um_00269_00217-1,
s_008um_00519_00199-1,
s_008um_00229_00399-1,
s_008um_00593_00616-1,
s_008um_00571_00606-1,
s_008um_00605_00206-1,
s_008um_00449_00214-1,CS2
s_008um_00712_00619-1,
s_008um_00604_00212-1,
s_008um_00392_00216-1,
s_008um_00344_00387-1,
s_008um_00383_00391-1,
s_008um_00702_00619-1,
s_008um_00465_00392-1,
s_008um_00272_00608-1,
s_008um_00651_00226-1,
s_008um_00176_00408-1,
s_008um_00507_00381-1,
s_008um_00480_00383-1,
s_008um_00290_00599-1,
s_008um_00427_00596-1,
s_008um_00559_00198-1,
s_008um_00547_00203-1,
s_008um_00650_00622-1,
s_008um_00435_00604-1,
s_008um_00558_00203-1,
s_008um_00463_00381-1,
s_008um_00342_00209-1,
s_008um_00248_00388-1,
s_008um_00430_00209-1,CS2
s_008um_00312_00211-1,
s_008um_00506_00208-1,
s_008um_00329_00390-1,
s_008um_00395_00374-1,
s_008um_00241_00393-1,
s_008um_00519_00195-1,
s_008um_00584_00219-1,
s_008um_00583_00210-1,
s_008um_00384_00605-1,
s_008um_00658_00619-1,
s_008um_00313_00372-1,
s_008um_00602_00200-1,
s_008um_00591_00613-1,
s_008um_00673_00420-1,
s_008um_00597_00201-1,
s_008um_00406_00386-1,
s_008um_00625_00412-1,
s_008um_00281_00375-1,
s_008um_00586_00213-1,
s_008um_00217_00218-1,
s_008um_00513_00381-1,
s_008um_00517_00384-1,
s_008um_00689_00212-1,
s_008um_00636_00203-1,
s_008um_00541_00608-1,
s_008um_00396_00387-1,
s_008um_00237_00378-1,
s_008um_00659_00202-1,
s_008um_00469_00600-1,
s_008um_00436_00208-1,CS2
s_008um_00502_00214-1,
s_008um_00635_00225-1,
s_008um_00220_00388-1,
s_008um_00341_00378-1,
s_008um_00388_00388-1,
s_008um_00249_00373-1,
s_008um_00678_00214-1,
s_008um_00513_00588-1,
s_008um_00489_00379-1,
s_008um_00420_00608-1,
s_008um_00545_00602-1,
s_008um_00462_00602-1,
s_008um_00639_00619-1,
s_008um_00338_00599-1,
s_008um_00380_00599-1,
s_008um_00444_00391-1,
s_008um_00109_00228-1,
s_008um_00711_00612-1,
s_008um_00482_00208-1,
s_008um_00345_00612-1,
s_008um_00263_00602-1,
s_008um_00701_00619-1,
s_008um_00174_00240-1,
s_008um_00255_00595-1,
s_008um_00311_00373-1,
s_008um_00125_00236-1,
s_008um_00637_00397-1,
s_008um_00687_00422-1,
s_008um_00539_00594-1,
s_008um_00393_00382-1,
s_008um_00406_00388-1,
s_008um_00442_00393-1,
s_008um_00601_00603-1,
s_008um_00240_00388-1,
s_008um_00207_00391-1,
s_008um_00374_00390-1,
s_008um_00664_00213-1,
s_008um_00557_00391-1,
s_008um_00448_00217-1,CS2
s_008um_00250_00597-1,
s_008um_00537_00368-1,
s_008um_00562_00602-1,
s_008um_00568_00599-1,
s_008um_00126_00247-1,
s_008um_00614_00403-1,
s_008um_00605_00208-1,
s_008um_00181_00228-1,
s_008um_00472_00589-1,
s_008um_00243_00380-1,
s_008um_00561_00378-1,
s_008um_00329_00212-1,
s_008um_00663_00208-1,
s_008um_00517_00382-1,
s_008um_00502_00377-1,
s_008um_00509_00202-1,
s_008um_00614_00206-1,
s_008um_00482_00200-1,
s_008um_00539_00599-1,
s_008um_00547_00378-1,
s_008um_00306_00211-1,
s_008um_00408_00600-1,
s_008um_00294_00373-1,
s_008um_00306_00603-1,
s_008um_00576_00393-1,
s_008um_00290_00605-1,
s_008um_00306_00371-1,
s_008um_00686_00410-1,
s_008um_00281_00600-1,
s_008um_00407_00388-1,
s_008um_00451_00373-1,
s_008um_00251_00379-1,
s_008um_00580_00383-1,
s_008um_00700_00601-1,
s_008um_00604_00204-1,
s_008um_00520_00201-1,
s_008um_00601_00207-1,
s_008um_00477_00599-1,
s_008um_00597_00621-1,
s_008um_00629_00228-1,
s_008um_00334_00602-1,
s_008um_00540_00607-1,
s_008um_00257_00216-1,
s_008um_00260_00378-1,
s_008um_00533_00207-1,
s_008um_00713_00605-1,
s_008um_00157_00403-1,
s_008um_00439_00377-1,
s_008um_00615_00198-1,
s_008um_00571_00618-1,
s_008um_00176_00225-1,
s_008um_00416_00392-1,
s_008um_00135_00232-1,
s_008um_00635_00200-1,
s_008um_00580_00614-1,
s_008um_00588_00604-1,
s_008um_00263_00384-1,
s_008um_00138_00241-1,
s_008um_00206_00391-1,
s_008um_00377_00391-1,
s_008um_00341_00210-1,
s_008um_00363_00613-1,
s_008um_00277_00608-1,
s_008um_00552_00211-1,
s_008um_00139_00233-1,
s_008um_00540_00606-1,
s_008um_00262_00604-1,
s_008um_00565_00216-1,
s_008um_00675_00598-1,
s_008um_00449_00380-1,
s_008um_00676_00218-1,
s_008um_00357_00384-1,
s_008um_00326_00204-1,
s_008um_00523_00387-1,
s_008um_00424_00396-1,
s_008um_00590_00194-1,
s_008um_00328_00213-1,
s_008um_00350_00611-1,
s_008um_00703_00412-1,
s_008um_00585_00411-1,
s_008um_00620_00396-1,
s_008um_00709_00420-1,
s_008um_00655_00401-1,
s_008um_00628_00198-1,
s_008um_00295_00599-1,
s_008um_00240_00395-1,
s_008um_00497_00596-1,
s_008um_00167_00234-1,
s_008um_00608_00621-1,
s_008um_00524_00381-1,
s_008um_00715_00419-1,
s_008um_00379_00603-1,
s_008um_00626_00407-1,
s_008um_00548_00389-1,
s_008um_00581_00208-1,
s_008um_00655_00600-1,
s_008um_00451_00603-1,
s_008um_00120_00245-1,
s_008um_00572_00615-1,
s_008um_00577_00599-1,
s_008um_00318_00388-1,
s_008um_00164_00231-1,
s_008um_00198_00231-1,
s_008um_00210_00389-1,
s_008um_00454_00215-1,CS2
s_008um_00537_00198-1,
s_008um_00319_00598-1,
s_008um_00699_00422-1,
s_008um_00549_00612-1,
s_008um_00446_00390-1,
s_008um_00426_00602-1,
s_008um_00446_00374-1,
s_008um_00646_00398-1,
s_008um_00619_00608-1,
s_008um_00281_00384-1,
s_008um_00245_00386-1,
s_008um_00557_00198-1,
s_008um_00191_00231-1,
s_008um_00394_00217-1,
s_008um_00468_00592-1,
s_008um_00447_00375-1,
s_008um_00259_00375-1,
s_008um_00360_00605-1,
s_008um_00615_00602-1,
s_008um_00614_00621-1,
s_008um_00379_00615-1,
s_008um_00713_00621-1,
s_008um_00367_00379-1,
s_008um_00617_00606-1,
s_008um_00427_00383-1,
s_008um_00633_00231-1,
s_008um_00588_00616-1,
s_008um_00510_00601-1,
s_008um_00160_00247-1,
s_008um_00363_00375-1,
s_008um_00560_00386-1,
s_008um_00397_00378-1,
s_008um_00638_00228-1,
s_008um_00208_00399-1,
s_008um_00377_00210-1,
s_008um_00419_00596-1,
s_008um_00274_00379-1,
s_008um_00629_00193-1,
s_008um_00304_00376-1,
s_008um_00604_00603-1,
s_008um_00388_00609-1,
s_008um_00410_00391-1,
s_008um_00683_00413-1,
s_008um_00594_00216-1,
s_008um_00498_00385-1,
s_008um_00435_00214-1,CS2
s_008um_00614_00611-1,
s_008um_00541_00208-1,
s_008um_00259_00605-1,
s_008um_00395_00380-1,
s_008um_00657_00208-1,
s_008um_00521_00379-1,
s_008um_00442_00602-1,
s_008um_00346_00209-1,
s_008um_00364_00390-1,
s_008um_00264_00605-1,
s_008um_00477_00595-1,
s_008um_00493_00589-1,
s_008um_00396_00611-1,
s_008um_00511_00210-1,
s_008um_00641_00207-1,
s_008um_00124_00234-1,
s_008um_00206_00229-1,
s_008um_00634_00193-1,
s_008um_00224_00223-1,
s_008um_00404_00214-1,
s_008um_00380_00384-1,
s_008um_00294_00606-1,
s_008um_00674_00213-1,
s_008um_00260_00598-1,
s_008um_00643_00417-1,
s_008um_00685_00410-1,
s_008um_00620_00393-1,
s_008um_00278_00223-1,
s_008um_00578_00195-1,
s_008um_00359_00368-1,
s_008um_00288_00371-1,
s_008um_00352_00377-1,
s_008um_00323_00388-1,
s_008um_00517_00196-1,
s_008um_00563_00599-1,
s_008um_00613_00203-1,
s_008um_00367_00602-1,
s_008um_00474_00204-1,
s_008um_00111_00228-1,
s_008um_00266_00389-1,
s_008um_00423_00606-1,
s_008um_00339_00377-1,
s_008um_00433_00378-1,
s_008um_00412_00373-1,
s_008um_00611_00203-1,
s_008um_00467_00215-1,
s_008um_00316_00368-1,
s_008um_00645_00231-1,
s_008um_00578_00218-1,
s_008um_00607_00211-1,
s_008um_00677_00219-1,
s_008um_00429_00216-1,CS2
s_008um_00606_00616-1,
s_008um_00286_00367-1,
s_008um_00639_00216-1,
s_008um_00309_00375-1,
s_008um_00565_00198-1,
s_008um_00571_00386-1,
s_008um_00293_00600-1,
s_008um_00645_00616-1,
s_008um_00604_00199-1,
s_008um_00152_00411-1,
s_008um_00698_00605-1,
s_008um_00435_00384-1,
s_008um_00506_00202-1,
s_008um_00713_00620-1,
s_008um_00230_00591-1,
s_008um_00330_00378-1,
s_008um_00164_00408-1,
s_008um_00629_00402-1,
s_008um_00356_00613-1,
s_008um_00526_00379-1,
s_008um_00675_00411-1,
s_008um_00518_00373-1,
s_008um_00392_00371-1,
s_008um_00198_00226-1,
s_008um_00347_00206-1,
s_008um_00558_00604-1,
s_008um_00365_00384-1,
s_008um_00226_00395-1,
s_008um_00243_00374-1,
s_008um_00634_00400-1,
s_008um_00479_00601-1,
s_008um_00618_00621-1,
s_008um_00716_00612-1,
s_008um_00403_00385-1,
s_008um_00649_00409-1,
s_008um_00423_00211-1,CS2
s_008um_00607_00232-1,
s_008um_00492_00596-1,
s_008um_00649_00415-1,
s_008um_00653_00614-1,
s_008um_00344_00208-1,
s_008um_00609_00623-1,
s_008um_00161_00241-1,
s_008um_00366_00368-1,
s_008um_00413_00387-1,
s_008um_00292_00374-1,
s_008um_00615_00226-1,
s_008um_00202_00393-1,
s_008um_00498_00389-1,
s_008um_00709_00417-1,
s_008um_00358_00373-1,
s_008um_00343_00382-1,
s_008um_00459_00382-1,
s_008um_00387_00614-1,
s_008um_00646_00234-1,
s_008um_00147_00234-1,
s_008um_00509_00213-1,
s_008um_00593_00394-1,
s_008um_00249_00606-1,
s_008um_00576_00606-1,
s_008um_00333_00376-1,
s_008um_00493_00600-1,
s_008um_00556_00391-1,
s_008um_00316_00214-1,
s_008um_00257_00390-1,
s_008um_00257_00605-1,
s_008um_00447_00219-1,CS2
s_008um_00547_00599-1,
s_008um_00595_00226-1,
s_008um_00259_00601-1,
s_008um_00448_00220-1,CS2
s_008um_00153_00234-1,
s_008um_00690_00213-1,
s_008um_00303_00602-1,
s_008um_00455_00596-1,
s_008um_00509_00595-1,
s_008um_00348_00380-1,
s_008um_00592_00207-1,
s_008um_00305_00377-1,
s_008um_00326_00597-1,
s_008um_00702_00610-1,
s_008um_00438_00379-1,
s_008um_00399_00609-1,
s_008um_00222_00222-1,
s_008um_00410_00388-1,
s_008um_00369_00602-1,
s_008um_00326_00210-1,
s_008um_00463_00208-1,
s_008um_00389_00215-1,
s_008um_00519_00596-1,
s_008um_00613_00610-1,
s_008um_00625_00409-1,
s_008um_00719_00615-1,
s_008um_00553_00216-1,
s_008um_00332_00368-1,
s_008um_00222_00388-1,
s_008um_00579_00200-1,
s_008um_00397_00374-1,
s_008um_00297_00386-1,
s_008um_00565_00612-1,
s_008um_00676_00619-1,
s_008um_00448_00208-1,CS2
s_008um_00595_00392-1,
s_008um_00517_00377-1,
s_008um_00161_00243-1,
s_008um_00447_00218-1,CS2
s_008um_00291_00379-1,
s_008um_00417_00607-1,
s_008um_00307_00383-1,
s_008um_00573_00223-1,
s_008um_00661_00595-1,
s_008um_00333_00211-1,
s_008um_00357_00369-1,
s_008um_00536_00602-1,
s_008um_00112_00236-1,
s_008um_00609_00611-1,
s_008um_00357_00598-1,
s_008um_00435_00593-1,
s_008um_00314_00372-1,
s_008um_00249_00390-1,
s_008um_00667_00406-1,
s_008um_00243_00591-1,
s_008um_00481_00214-1,
s_008um_00611_00621-1,
s_008um_00233_00389-1,
s_008um_00274_00220-1,
s_008um_00359_00380-1,
s_008um_00333_00374-1,
s_008um_00509_00596-1,
s_008um_00636_00232-1,
s_008um_00474_00214-1,
s_008um_00480_00381-1,
s_008um_00467_00588-1,
s_008um_00524_00378-1,
s_008um_00206_00388-1,
s_008um_00653_00417-1,
s_008um_00603_00215-1,
s_008um_00592_00379-1,
s_008um_00684_00611-1,
s_008um_00315_00371-1,
s_008um_00178_00230-1,
s_008um_00505_00589-1,
s_008um_00276_00602-1,
s_008um_00406_00383-1,
s_008um_00413_00381-1,
s_008um_00686_00600-1,
s_008um_00241_00382-1,
s_008um_00443_00394-1,
s_008um_00550_00205-1,
s_008um_00598_00602-1,
s_008um_00154_00404-1,
s_008um_00378_00209-1,
s_008um_00646_00216-1,
s_008um_00321_00608-1,
s_008um_00332_00377-1,
s_008um_00662_00222-1,
s_008um_00568_00618-1,
s_008um_00518_00196-1,
s_008um_00394_00216-1,
s_008um_00432_00213-1,CS2
s_008um_00595_00406-1,
s_008um_00490_00205-1,
s_008um_00444_00384-1,
s_008um_00356_00212-1,
s_008um_00658_00612-1,
s_008um_00647_00598-1,
s_008um_00183_00237-1,
s_008um_00410_00607-1,
s_008um_00683_00605-1,
s_008um_00483_00211-1,
s_008um_00706_00615-1,
s_008um_00173_00226-1,
s_008um_00518_00205-1,
s_008um_00677_00201-1,
s_008um_00499_00589-1,
s_008um_00108_00232-1,
s_008um_00602_00615-1,
s_008um_00496_00372-1,
s_008um_00352_00387-1,
s_008um_00462_00220-1,CS2
s_008um_00621_00622-1,
s_008um_00656_00407-1,
s_008um_00447_00377-1,
s_008um_00305_00206-1,
s_008um_00127_00248-1,
s_008um_00480_00215-1,
s_008um_00353_00382-1,
s_008um_00444_00200-1,
s_008um_00662_00622-1,
s_008um_00502_00201-1,
s_008um_00308_00607-1,
s_008um_00440_00602-1,
s_008um_00528_00381-1,
s_008um_00405_00375-1,
s_008um_00381_00394-1,
s_008um_00389_00375-1,
s_008um_00430_00384-1,
s_008um_00488_00383-1,
s_008um_00592_00606-1,
s_008um_00511_00197-1,
s_008um_00610_00402-1,
s_008um_00476_00215-1,
s_008um_00414_00381-1,
s_008um_00275_00602-1,
s_008um_00282_00374-1,
s_008um_00401_00601-1,
s_008um_00223_00397-1,
s_008um_00156_00240-1,
s_008um_00545_00598-1,
s_008um_00397_00216-1,
s_008um_00706_00619-1,
s_008um_00612_00217-1,
s_008um_00299_00366-1,
s_008um_00668_00415-1,
s_008um_00594_00389-1,
s_008um_00245_00596-1,
s_008um_00260_00608-1,
s_008um_00375_00373-1,
s_008um_00622_00620-1,
s_008um_00587_00223-1,
s_008um_00398_00608-1,
s_008um_00507_00376-1,
s_008um_00329_00601-1,
s_008um_00476_00209-1,
s_008um_00337_00208-1,
s_008um_00481_00201-1,
s_008um_00550_00377-1,
s_008um_00678_00601-1,
s_008um_00133_00233-1,
s_008um_00637_00406-1,
s_008um_00633_00211-1,
s_008um_00518_00197-1,
s_008um_00308_00210-1,
s_008um_00656_00603-1,
s_008um_00375_00376-1,
s_008um_00671_00419-1,
s_008um_00567_00385-1,
s_008um_00691_00214-1,
s_008um_00388_00377-1,
s_008um_00542_00369-1,
s_008um_00577_00197-1,
s_008um_00690_00604-1,
s_008um_00427_00389-1,
s_008um_00712_00610-1,
s_008um_00498_00371-1,
s_008um_00311_00206-1,
s_008um_00617_00407-1,
s_008um_00640_00613-1,
s_008um_00534_00197-1,
s_008um_00469_00597-1,
s_008um_00654_00609-1,
s_008um_00460_00597-1,
s_008um_00680_00600-1,
s_008um_00626_00616-1,
s_008um_00293_00385-1,
s_008um_00559_00374-1,
s_008um_00321_00370-1,
s_008um_00600_00205-1,
s_008um_00258_00597-1,
s_008um_00649_00607-1,
s_008um_00330_00385-1,
s_008um_00208_00389-1,
s_008um_00631_00193-1,
s_008um_00294_00381-1,
s_008um_00624_00609-1,
s_008um_00537_00604-1,
s_008um_00315_00604-1,
s_008um_00154_00230-1,
s_008um_00615_00407-1,
s_008um_00350_00373-1,
s_008um_00307_00385-1,
s_008um_00535_00612-1,
s_008um_00607_00223-1,
s_008um_00404_00210-1,
s_008um_00494_00595-1,
s_008um_00426_00377-1,
s_008um_00407_00599-1,
s_008um_00301_00611-1,
s_008um_00682_00409-1,
s_008um_00250_00600-1,
s_008um_00534_00606-1,
s_008um_00352_00600-1,
s_008um_00622_00223-1,
s_008um_00169_00236-1,
s_008um_00192_00392-1,
s_008um_00114_00245-1,
s_008um_00128_00230-1,
s_008um_00617_00603-1,
s_008um_00716_00599-1,
s_008um_00590_00391-1,
s_008um_00291_00605-1,
s_008um_00532_00374-1,
s_008um_00440_00211-1,CS2
s_008um_00429_00382-1,
s_008um_00589_00621-1,
s_008um_00457_00596-1,
s_008um_00708_00420-1,
s_008um_00563_00615-1,
s_008um_00216_00217-1,
s_008um_00553_00206-1,
s_008um_00419_00212-1,CS2
s_008um_00222_00381-1,
s_008um_00538_00207-1,
s_008um_00487_00384-1,
s_008um_00308_00373-1,
s_008um_00373_00609-1,
s_008um_00461_00380-1,
s_008um_00385_00610-1,
s_008um_00158_00409-1,
s_008um_00332_00597-1,
s_008um_00689_00608-1,
s_008um_00111_00244-1,
s_008um_00706_00419-1,
s_008um_00379_00213-1,
s_008um_00549_00197-1,
s_008um_00686_00423-1,
s_008um_00459_00389-1,
s_008um_00514_00387-1,
s_008um_00568_00604-1,
s_008um_00712_00416-1,
s_008um_00717_00603-1,
s_008um_00652_00219-1,
s_008um_00634_00612-1,
s_008um_00416_00382-1,
s_008um_00480_00375-1,
s_008um_00595_00599-1,
s_008um_00595_00390-1,
s_008um_00562_00217-1,
s_008um_00555_00383-1,
s_008um_00394_00611-1,
s_008um_00656_00597-1,
s_008um_00169_00238-1,
s_008um_00465_00385-1,
s_008um_00224_00214-1,
s_008um_00325_00204-1,
s_008um_00653_00611-1,
s_008um_00153_00228-1,
s_008um_00604_00222-1,
s_008um_00215_00212-1,
s_008um_00414_00599-1,
s_008um_00416_00388-1,
s_008um_00672_00598-1,
s_008um_00231_00397-1,
s_008um_00568_00193-1,
s_008um_00600_00207-1,
s_008um_00278_00379-1,
s_008um_00241_00379-1,
s_008um_00498_00211-1,
s_008um_00703_00604-1,
s_008um_00317_00607-1,
s_008um_00606_00223-1,
s_008um_00671_00218-1,
s_008um_00477_00205-1,
s_008um_00202_00226-1,
s_008um_00685_00209-1,
s_008um_00311_00376-1,
s_008um_00642_00623-1,
s_008um_00661_00210-1,
s_008um_00572_00613-1,
s_008um_00577_00608-1,
s_008um_00305_00213-1,
s_008um_00613_00404-1,
s_008um_00565_00194-1,
s_008um_00633_00596-1,
s_008um_00575_00389-1,
s_008um_00688_00213-1,
s_008um_00567_00382-1,
s_008um_00599_00391-1,
s_008um_00450_00391-1,
s_008um_00286_00605-1,
s_008um_00301_00369-1,
s_008um_00228_00225-1,
s_008um_00237_00381-1,
s_008um_00677_00618-1,
s_008um_00437_00386-1,
s_008um_00312_00207-1,
s_008um_00147_00232-1,
s_008um_00632_00206-1,
s_008um_00661_00412-1,
s_008um_00459_00212-1,CS2
s_008um_00540_00199-1,
s_008um_00449_00381-1,
s_008um_00477_00376-1,
s_008um_00243_00590-1,
s_008um_00450_00598-1,
s_008um_00392_00377-1,
s_008um_00140_00229-1,
s_008um_00621_00218-1,
s_008um_00257_00600-1,
s_008um_00376_00602-1,
s_008um_00434_00376-1,
s_008um_00677_00611-1,
s_008um_00224_00597-1,
s_008um_00659_00605-1,
s_008um_00472_00209-1,
s_008um_00617_00600-1,
s_008um_00550_00207-1,
s_008um_00403_00381-1,
s_008um_00519_00385-1,
s_008um_00244_00224-1,
s_008um_00562_00598-1,
s_008um_00562_00195-1,
s_008um_00126_00243-1,
s_008um_00298_00604-1,
s_008um_00204_00229-1,
s_008um_00159_00231-1,
s_008um_00107_00236-1,
s_008um_00320_00374-1,
s_008um_00137_00235-1,
s_008um_00665_00204-1,
s_008um_00296_00388-1,
s_008um_00678_00216-1,
s_008um_00325_00207-1,
s_008um_00550_00378-1,
s_008um_00607_00408-1,
s_008um_00217_00381-1,
s_008um_00689_00610-1,
s_008um_00235_00601-1,
s_008um_00267_00389-1,
s_008um_00471_00380-1,
s_008um_00586_00613-1,
s_008um_00582_00382-1,
s_008um_00277_00223-1,
s_008um_00473_00381-1,
s_008um_00564_00378-1,
s_008um_00560_00609-1,
s_008um_00190_00233-1,
s_008um_00663_00416-1,
s_008um_00524_00601-1,
s_008um_00492_00384-1,
s_008um_00328_00211-1,
s_008um_00628_00199-1,
s_008um_00435_00212-1,CS2
s_008um_00230_00216-1,
s_008um_00220_00215-1,
s_008um_00447_00386-1,
s_008um_00555_00217-1,
s_008um_00307_00608-1,
s_008um_00448_00393-1,
s_008um_00581_00418-1,
s_008um_00529_00376-1,
s_008um_00544_00386-1,
s_008um_00124_00246-1,
s_008um_00444_00373-1,
s_008um_00612_00615-1,
s_008um_00528_00374-1,
s_008um_00375_00384-1,
s_008um_00709_00597-1,
s_008um_00688_00609-1,
s_008um_00549_00392-1,
s_008um_00516_00593-1,
s_008um_00614_00197-1,
s_008um_00578_00204-1,
s_008um_00172_00410-1,
s_008um_00368_00392-1,
s_008um_00160_00227-1,
s_008um_00286_00382-1,
s_008um_00603_00599-1,
s_008um_00566_00617-1,
s_008um_00357_00602-1,
s_008um_00293_00390-1,
s_008um_00351_00607-1,
s_008um_00540_00392-1,
s_008um_00614_00209-1,
s_008um_00629_00417-1,
s_008um_00235_00589-1,
s_008um_00560_00385-1,
s_008um_00232_00600-1,
s_008um_00694_00604-1,
s_008um_00561_00391-1,
s_008um_00644_00618-1,
s_008um_00196_00221-1,
s_008um_00452_00596-1,
s_008um_00362_00209-1,
s_008um_00515_00606-1,
s_008um_00504_00596-1,
s_008um_00461_00600-1,
s_008um_00504_00208-1,
s_008um_00443_00598-1,
s_008um_00233_00376-1,
s_008um_00599_00406-1,
s_008um_00378_00612-1,
s_008um_00520_00598-1,
s_008um_00415_00602-1,
s_008um_00518_00210-1,
s_008um_00672_00609-1,
s_008um_00645_00420-1,
s_008um_00578_00219-1,
s_008um_00352_00372-1,
s_008um_00319_00364-1,
s_008um_00388_00386-1,
s_008um_00512_00212-1,
s_008um_00543_00207-1,
s_008um_00657_00205-1,
s_008um_00333_00600-1,
s_008um_00566_00598-1,
s_008um_00591_00414-1,
s_008um_00546_00372-1,
s_008um_00302_00380-1,
s_008um_00475_00386-1,
s_008um_00451_00392-1,
s_008um_00538_00391-1,
s_008um_00549_00203-1,
s_008um_00419_00607-1,
s_008um_00254_00219-1,
s_008um_00605_00406-1,
s_008um_00130_00238-1,
s_008um_00567_00204-1,
s_008um_00641_00597-1,
s_008um_00478_00387-1,
s_008um_00652_00403-1,
s_008um_00555_00212-1,
s_008um_00248_00377-1,
s_008um_00361_00214-1,
s_008um_00412_00600-1,
s_008um_00545_00200-1,
s_008um_00591_00607-1,
s_008um_00526_00608-1,
s_008um_00426_00596-1,
s_008um_00574_00607-1,
s_008um_00490_00199-1,
s_008um_00484_00378-1,
s_008um_00369_00214-1,
s_008um_00694_00417-1,
s_008um_00605_00230-1,
s_008um_00120_00249-1,
s_008um_00700_00616-1,
s_008um_00639_00416-1,
s_008um_00335_00210-1,
s_008um_00689_00410-1,
s_008um_00337_00212-1,
s_008um_00659_00211-1,
s_008um_00370_00372-1,
s_008um_00602_00620-1,
s_008um_00708_00617-1,
s_008um_00517_00210-1,
s_008um_00695_00613-1,
s_008um_00613_00223-1,
s_008um_00684_00614-1,
s_008um_00533_00199-1,
s_008um_00171_00225-1,
s_008um_00423_00215-1,CS2
s_008um_00657_00602-1,
s_008um_00674_00410-1,
s_008um_00521_00391-1,
s_008um_00344_00390-1,
s_008um_00614_00213-1,
s_008um_00578_00598-1,
s_008um_00655_00404-1,
s_008um_00646_00397-1,
s_008um_00650_00619-1,
s_008um_00383_00215-1,
s_008um_00181_00235-1,
s_008um_00624_00196-1,
s_008um_00666_00406-1,
s_008um_00346_00210-1,
s_008um_00417_00392-1,
s_008um_00537_00592-1,
s_008um_00634_00594-1,
s_008um_00512_00603-1,
s_008um_00268_00369-1,
s_008um_00265_00215-1,
s_008um_00135_00251-1,
s_008um_00648_00222-1,
s_008um_00173_00232-1,
s_008um_00271_00366-1,
s_008um_00437_00209-1,CS2
s_008um_00595_00382-1,
s_008um_00289_00377-1,
s_008um_00546_00594-1,
s_008um_00655_00208-1,
s_008um_00413_00207-1,
s_008um_00124_00239-1,
s_008um_00479_00588-1,
s_008um_00200_00228-1,
s_008um_00237_00601-1,
s_008um_00564_00385-1,
s_008um_00188_00225-1,
s_008um_00543_00597-1,
s_008um_00400_00369-1,
s_008um_00465_00220-1,
s_008um_00606_00609-1,
s_008um_00397_00386-1,
s_008um_00621_00203-1,
s_008um_00653_00620-1,
s_008um_00370_00388-1,
s_008um_00134_00244-1,
s_008um_00151_00228-1,
s_008um_00488_00588-1,
s_008um_00386_00209-1,
s_008um_00170_00232-1,
s_008um_00248_00221-1,
s_008um_00592_00410-1,
s_008um_00542_00197-1,
s_008um_00675_00204-1,
s_008um_00125_00237-1,
s_008um_00270_00603-1,
s_008um_00382_00601-1,
s_008um_00464_00385-1,
s_008um_00602_00393-1,
s_008um_00355_00608-1,
s_008um_00607_00215-1,
s_008um_00365_00385-1,
s_008um_00495_00393-1,
s_008um_00425_00382-1,
s_008um_00130_00243-1,
s_008um_00606_00621-1,
s_008um_00424_00386-1,
s_008um_00520_00195-1,
s_008um_00467_00596-1,
s_008um_00625_00224-1,
s_008um_00185_00234-1,
s_008um_00655_00604-1,
s_008um_00421_00391-1,
s_008um_00160_00251-1,
s_008um_00507_00605-1,
s_008um_00595_00621-1,
s_008um_00669_00604-1,
s_008um_00549_00603-1,
s_008um_00155_00242-1,
s_008um_00509_00197-1,
s_008um_00438_00600-1,
s_008um_00704_00599-1,
s_008um_00452_00220-1,CS2
s_008um_00295_00366-1,
s_008um_00652_00230-1,
s_008um_00522_00597-1,
s_008um_00472_00217-1,
s_008um_00471_00599-1,
s_008um_00658_00598-1,
s_008um_00248_00597-1,
s_008um_00541_00204-1,
s_008um_00211_00226-1,
s_008um_00646_00411-1,
s_008um_00662_00206-1,
s_008um_00182_00400-1,
s_008um_00280_00375-1,
s_008um_00462_00385-1,
s_008um_00664_00617-1,
s_008um_00613_00201-1,
s_008um_00596_00205-1,
s_008um_00688_00207-1,
s_008um_00554_00376-1,
s_008um_00410_00220-1,
s_008um_00408_00218-1,
s_008um_00578_00210-1,
s_008um_00265_00598-1,
s_008um_00509_00199-1,
s_008um_00615_00609-1,
s_008um_00188_00230-1,
s_008um_00171_00231-1,
s_008um_00604_00218-1,
s_008um_00611_00402-1,
s_008um_00673_00206-1,
s_008um_00632_00220-1,
s_008um_00669_00216-1,
s_008um_00674_00208-1,
s_008um_00710_00609-1,
s_008um_00578_00220-1,
s_008um_00385_00213-1,
s_008um_00435_00378-1,
s_008um_00625_00223-1,
s_008um_00556_00608-1,
s_008um_00531_00197-1,
s_008um_00562_00207-1,
s_008um_00361_00614-1,
s_008um_00475_00376-1,
s_008um_00196_00236-1,
s_008um_00390_00382-1,
s_008um_00420_00604-1,
s_008um_00553_00199-1,
s_008um_00652_00215-1,
s_008um_00571_00387-1,
s_008um_00457_00207-1,
s_008um_00544_00213-1,
s_008um_00204_00388-1,
s_008um_00302_00215-1,
s_008um_00630_00403-1,
s_008um_00592_00387-1,
s_008um_00218_00379-1,
s_008um_00225_00390-1,
s_008um_00607_00218-1,
s_008um_00250_00218-1,
s_008um_00617_00416-1,
s_008um_00491_00595-1,
s_008um_00554_00382-1,
s_008um_00266_00375-1,
s_008um_00184_00403-1,
s_008um_00414_00601-1,
s_008um_00659_00607-1,
s_008um_00563_00601-1,
s_008um_00632_00201-1,
s_008um_00433_00382-1,
s_008um_00475_00388-1,
s_008um_00685_00414-1,
s_008um_00622_00602-1,
s_008um_00211_00216-1,
s_008um_00454_00604-1,
s_008um_00238_00597-1,
s_008um_00218_00378-1,
s_008um_00413_00383-1,
s_008um_00494_00203-1,
s_008um_00413_00211-1,
s_008um_00457_00381-1,
s_008um_00619_00396-1,
s_008um_00540_00211-1,
s_008um_00302_00389-1,
s_008um_00626_00411-1,
s_008um_00488_00200-1,
s_008um_00201_00215-1,
s_008um_00321_00214-1,
s_008um_00239_00390-1,
s_008um_00690_00214-1,
s_008um_00535_00211-1,
s_008um_00386_00371-1,
s_008um_00649_00220-1,
s_008um_00440_00213-1,CS2
s_008um_00578_00383-1,
s_008um_00166_00237-1,
s_008um_00342_00607-1,
s_008um_00578_00214-1,
s_008um_00353_00371-1,
s_008um_00265_00378-1,
s_008um_00663_00210-1,
s_008um_00495_00389-1,
s_008um_00370_00612-1,
s_008um_00561_00382-1,
s_008um_00631_00214-1,
s_008um_00456_00211-1,CS2
s_008um_00344_00204-1,
s_008um_00632_00229-1,
s_008um_00411_00605-1,
s_008um_00695_00603-1,
s_008um_00151_00242-1,
s_008um_00559_00378-1,
s_008um_00641_00594-1,
s_008um_00590_00376-1,
s_008um_00319_00382-1,
s_008um_00492_00592-1,
s_008um_00540_00381-1,
s_008um_00332_00610-1,
s_008um_00614_00215-1,
s_008um_00563_00220-1,
s_008um_00629_00214-1,
s_008um_00650_00228-1,
s_008um_00630_00397-1,
s_008um_00638_00213-1,
s_008um_00665_00599-1,
s_008um_00669_00617-1,
s_008um_00680_00209-1,
s_008um_00416_00598-1,
s_008um_00405_00211-1,
s_008um_00463_00216-1,CS2
s_008um_00224_00398-1,
s_008um_00524_00383-1,
s_008um_00430_00214-1,CS2
s_008um_00303_00372-1,
s_008um_00359_00370-1,
s_008um_00601_00599-1,
s_008um_00643_00411-1,
s_008um_00493_00212-1,
s_008um_00570_00212-1,
s_008um_00482_00593-1,
s_008um_00549_00611-1,
s_008um_00346_00370-1,
s_008um_00359_00207-1,
s_008um_00664_00203-1,
s_008um_00713_00420-1,
s_008um_00610_00206-1,
s_008um_00577_00194-1,
s_008um_00183_00399-1,
s_008um_00489_00374-1,
s_008um_00521_00600-1,
s_008um_00235_00386-1,
s_008um_00231_00602-1,
s_008um_00399_00385-1,
s_008um_00343_00206-1,
s_008um_00449_00596-1,
s_008um_00475_00209-1,
s_008um_00410_00217-1,
s_008um_00603_00607-1,
s_008um_00131_00244-1,
s_008um_00284_00368-1,
s_008um_00253_00224-1,
s_008um_00513_00603-1,
s_008um_00508_00385-1,
s_008um_00214_00219-1,
s_008um_00533_00201-1,
s_008um_00695_00616-1,
s_008um_00637_00603-1,
s_008um_00489_00214-1,
s_008um_00713_00417-1,
s_008um_00247_00219-1,
s_008um_00583_00218-1,
s_008um_00657_00412-1,
s_008um_00173_00230-1,
s_008um_00447_00376-1,
s_008um_00539_00218-1,
s_008um_00162_00238-1,
s_008um_00703_00601-1,
s_008um_00699_00412-1,
s_008um_00608_00225-1,
s_008um_00244_00381-1,
s_008um_00498_00210-1,
s_008um_00647_00400-1,
s_008um_00320_00383-1,
s_008um_00690_00607-1,
s_008um_00291_00216-1,
s_008um_00440_00216-1,CS2
s_008um_00471_00390-1,
s_008um_00640_00620-1,
s_008um_00683_00212-1,
s_008um_00483_00600-1,
s_008um_00368_00390-1,
s_008um_00651_00223-1,
s_008um_00670_00416-1,
s_008um_00660_00402-1,
s_008um_00580_00418-1,
s_008um_00624_00220-1,
s_008um_00708_00422-1,
s_008um_00306_00611-1,
s_008um_00374_00385-1,
s_008um_00501_00389-1,
s_008um_00697_00410-1,
s_008um_00671_00619-1,
s_008um_00183_00224-1,
s_008um_00613_00611-1,
s_008um_00597_00614-1,
s_008um_00429_00384-1,
s_008um_00567_00208-1,
s_008um_00329_00383-1,
s_008um_00538_00593-1,
s_008um_00184_00231-1,
s_008um_00685_00617-1,
s_008um_00568_00383-1,
s_008um_00239_00605-1,
s_008um_00130_00234-1,
s_008um_00643_00601-1,
s_008um_00538_00196-1,
s_008um_00372_00381-1,
s_008um_00228_00392-1,
s_008um_00700_00206-1,
s_008um_00377_00613-1,
s_008um_00641_00233-1,
s_008um_00642_00605-1,
s_008um_00657_00401-1,
s_008um_00678_00207-1,
s_008um_00595_00379-1,
s_008um_00670_00207-1,
s_008um_00484_00593-1,
s_008um_00694_00597-1,
s_008um_00496_00215-1,
s_008um_00375_00606-1,
s_008um_00482_00587-1,
s_008um_00667_00227-1,
s_008um_00584_00391-1,
s_008um_00600_00220-1,
s_008um_00471_00594-1,
s_008um_00698_00596-1,
s_008um_00551_00208-1,
s_008um_00462_00390-1,
s_008um_00600_00214-1,
s_008um_00623_00611-1,
s_008um_00692_00414-1,
s_008um_00638_00397-1,
s_008um_00514_00391-1,
s_008um_00694_00203-1,
s_008um_00205_00401-1,
s_008um_00341_00390-1,
s_008um_00684_00603-1,
s_008um_00500_00213-1,
s_008um_00415_00216-1,
s_008um_00146_00240-1,
s_008um_00231_00387-1,
s_008um_00180_00406-1,
s_008um_00632_00208-1,
s_008um_00492_00204-1,
s_008um_00698_00414-1,
s_008um_00232_00601-1,
s_008um_00686_00597-1,
s_008um_00216_00381-1,
s_008um_00557_00212-1,
s_008um_00531_00607-1,
s_008um_00657_00598-1,
s_008um_00648_00596-1,
s_008um_00294_00385-1,
s_008um_00303_00377-1,
s_008um_00493_00208-1,
s_008um_00682_00616-1,
s_008um_00513_00387-1,
s_008um_00297_00366-1,
s_008um_00314_00604-1,
s_008um_00662_00221-1,
s_008um_00619_00612-1,
s_008um_00380_00394-1,
s_008um_00695_00204-1,
s_008um_00417_00389-1,
s_008um_00491_00387-1,
s_008um_00524_00595-1,
s_008um_00382_00614-1,
s_008um_00701_00596-1,
s_008um_00566_00215-1,
s_008um_00602_00192-1,
s_008um_00659_00228-1,
s_008um_00214_00384-1,
s_008um_00507_00213-1,
s_008um_00547_00210-1,
s_008um_00433_00601-1,
s_008um_00240_00601-1,
s_008um_00628_00226-1,
s_008um_00344_00388-1,
s_008um_00674_00611-1,
s_008um_00287_00371-1,
s_008um_00644_00409-1,
s_008um_00525_00600-1,
s_008um_00634_00203-1,
s_008um_00643_00230-1,
s_008um_00562_00601-1,
s_008um_00663_00205-1,
s_008um_00355_00612-1,
s_008um_00657_00230-1,
s_008um_00586_00417-1,
s_008um_00238_00399-1,
s_008um_00422_00376-1,
s_008um_00405_00371-1,
s_008um_00629_00188-1,
s_008um_00475_00587-1,
s_008um_00473_00380-1,
s_008um_00546_00393-1,
s_008um_00411_00212-1,
s_008um_00478_00587-1,
s_008um_00325_00211-1,
s_008um_00638_00617-1,
s_008um_00647_00604-1,
s_008um_00354_00209-1,
s_008um_00662_00225-1,
s_008um_00519_00393-1,
s_008um_00651_00420-1,
s_008um_00256_00375-1,
s_008um_00438_00218-1,CS2
s_008um_00250_00375-1,
s_008um_00598_00601-1,
s_008um_00518_00201-1,
s_008um_00613_00213-1,
s_008um_00121_00235-1,
s_008um_00129_00241-1,
s_008um_00234_00388-1,
s_008um_00362_00603-1,
s_008um_00520_00602-1,
s_008um_00365_00387-1,
s_008um_00638_00216-1,
s_008um_00330_00376-1,
s_008um_00249_00216-1,
s_008um_00294_00603-1,
s_008um_00685_00214-1,
s_008um_00314_00365-1,
s_008um_00446_00215-1,CS2
s_008um_00474_00386-1,
s_008um_00444_00221-1,CS2
s_008um_00546_00599-1,
s_008um_00697_00599-1,
s_008um_00486_00215-1,
s_008um_00520_00210-1,
s_008um_00691_00416-1,
s_008um_00312_00601-1,
s_008um_00631_00232-1,
s_008um_00364_00392-1,
s_008um_00172_00240-1,
s_008um_00553_00194-1,
s_008um_00579_00602-1,
s_008um_00289_00212-1,
s_008um_00281_00602-1,
s_008um_00270_00607-1,
s_008um_00330_00370-1,
s_008um_00588_00395-1,
s_008um_00404_00603-1,
s_008um_00570_00378-1,
s_008um_00371_00379-1,
s_008um_00615_00411-1,
s_008um_00384_00608-1,
s_008um_00670_00617-1,
s_008um_00180_00230-1,
s_008um_00498_00377-1,
s_008um_00689_00604-1,
s_008um_00354_00383-1,
s_008um_00635_00398-1,
s_008um_00175_00237-1,
s_008um_00553_00613-1,
s_008um_00445_00593-1,
s_008um_00690_00610-1,
s_008um_00415_00211-1,
s_008um_00598_00605-1,
s_008um_00556_00606-1,
s_008um_00606_00204-1,
s_008um_00419_00387-1,
s_008um_00452_00222-1,CS2
s_008um_00548_00208-1,
s_008um_00629_00418-1,
s_008um_00630_00410-1,
s_008um_00516_00383-1,
s_008um_00603_00207-1,
s_008um_00641_00225-1,
s_008um_00494_00390-1,
s_008um_00300_00380-1,
s_008um_00531_00595-1,
s_008um_00536_00610-1,
s_008um_00417_00375-1,
s_008um_00550_00212-1,
s_008um_00675_00616-1,
s_008um_00154_00409-1,
s_008um_00234_00590-1,
s_008um_00631_00190-1,
s_008um_00432_00391-1,
s_008um_00460_00379-1,
s_008um_00409_00381-1,
s_008um_00497_00374-1,
s_008um_00470_00218-1,
s_008um_00355_00611-1,
s_008um_00589_00602-1,
s_008um_00241_00596-1,
s_008um_00249_00219-1,
s_008um_00250_00377-1,
s_008um_00280_00220-1,
s_008um_00625_00227-1,
s_008um_00713_00598-1,
s_008um_00387_00606-1,
s_008um_00415_00598-1,
s_008um_00671_00421-1,
s_008um_00522_00201-1,
s_008um_00165_00240-1,
s_008um_00619_00215-1,
s_008um_00623_00199-1,
s_008um_00704_00610-1,
s_008um_00436_00207-1,CS2
s_008um_00321_00603-1,
s_008um_00120_00247-1,
s_008um_00679_00612-1,
s_008um_00626_00408-1,
s_008um_00518_00381-1,
s_008um_00658_00206-1,
s_008um_00334_00612-1,
s_008um_00511_00373-1,
s_008um_00157_00410-1,
s_008um_00612_00213-1,
s_008um_00153_00243-1,
s_008um_00532_00377-1,
s_008um_00651_00402-1,
s_008um_00464_00602-1,
s_008um_00442_00594-1,
s_008um_00215_00218-1,
s_008um_00555_00604-1,
s_008um_00496_00198-1,
s_008um_00354_00385-1,
s_008um_00337_00206-1,
s_008um_00360_00389-1,
s_008um_00532_00387-1,
s_008um_00228_00379-1,
s_008um_00420_00601-1,
s_008um_00683_00606-1,
s_008um_00217_00399-1,
s_008um_00482_00373-1,
s_008um_00625_00416-1,
s_008um_00149_00228-1,
s_008um_00135_00239-1,
s_008um_00323_00609-1,
s_008um_00161_00409-1,
s_008um_00585_00415-1,
s_008um_00357_00387-1,
s_008um_00318_00599-1,
s_008um_00470_00378-1,
s_008um_00239_00594-1,
s_008um_00709_00205-1,
s_008um_00372_00607-1,
s_008um_00221_00381-1,
s_008um_00686_00416-1,
s_008um_00307_00384-1,
s_008um_00187_00226-1,
s_008um_00580_00218-1,
s_008um_00618_00416-1,
s_008um_00261_00378-1,
s_008um_00393_00384-1,
s_008um_00716_00608-1,
s_008um_00661_00615-1,
s_008um_00497_00211-1,
s_008um_00624_00622-1,
s_008um_00272_00213-1,
s_008um_00631_00213-1,
s_008um_00448_00595-1,
s_008um_00126_00242-1,
s_008um_00618_00397-1,
s_008um_00529_00201-1,
s_008um_00493_00216-1,
s_008um_00553_00382-1,
s_008um_00300_00214-1,
s_008um_00303_00207-1,
s_008um_00623_00602-1,
s_008um_00378_00394-1,
s_008um_00217_00389-1,
s_008um_00652_00410-1,
s_008um_00557_00381-1,
s_008um_00339_00380-1,
s_008um_00537_00201-1,
s_008um_00139_00244-1,
s_008um_00616_00225-1,
s_008um_00422_00602-1,
s_008um_00499_00214-1,
s_008um_00597_00204-1,
s_008um_00372_00615-1,
s_008um_00395_00219-1,
s_008um_00628_00410-1,
s_008um_00414_00606-1,
s_008um_00536_00368-1,
s_008um_00577_00390-1,
s_008um_00531_00198-1,
s_008um_00593_00611-1,
s_008um_00176_00230-1,
s_008um_00650_00214-1,
s_008um_00534_00599-1,
s_008um_00158_00405-1,
s_008um_00497_00197-1,
s_008um_00315_00205-1,
s_008um_00618_00610-1,
s_008um_00577_00214-1,
s_008um_00213_00390-1,
s_008um_00393_00606-1,
s_008um_00534_00204-1,
s_008um_00677_00413-1,
s_008um_00270_00376-1,
s_008um_00223_00387-1,
s_008um_00710_00423-1,
s_008um_00627_00599-1,
s_008um_00462_00380-1,
s_008um_00633_00229-1,
s_008um_00231_00390-1,
s_008um_00400_00211-1,
s_008um_00128_00241-1,
s_008um_00405_00373-1,
s_008um_00558_00207-1,
s_008um_00514_00604-1,
s_008um_00341_00385-1,
s_008um_00257_00385-1,
s_008um_00586_00393-1,
s_008um_00688_00605-1,
s_008um_00297_00207-1,
s_008um_00324_00204-1,
s_008um_00624_00619-1,
s_008um_00483_00381-1,
s_008um_00351_00384-1,
s_008um_00713_00611-1,
s_008um_00242_00376-1,
s_008um_00539_00379-1,
s_008um_00583_00223-1,
s_008um_00327_00374-1,
s_008um_00435_00603-1,
s_008um_00513_00394-1,
s_008um_00403_00217-1,
s_008um_00122_00240-1,
s_008um_00682_00608-1,
s_008um_00597_00227-1,
s_008um_00310_00385-1,
s_008um_00698_00411-1,
s_008um_00674_00601-1,
s_008um_00649_00411-1,
s_008um_00115_00226-1,
s_008um_00476_00594-1,
s_008um_00252_00603-1,
s_008um_00482_00217-1,
s_008um_00643_00395-1,
s_008um_00569_00217-1,
s_008um_00561_00216-1,
s_008um_00299_00374-1,
s_008um_00429_00393-1,
s_008um_00649_00222-1,
s_008um_00310_00208-1,
s_008um_00234_00596-1,
s_008um_00494_00381-1,
s_008um_00668_00414-1,
s_008um_00619_00199-1,
s_008um_00618_00225-1,
s_008um_00551_00202-1,
s_008um_00560_00204-1,
s_008um_00174_00405-1,
s_008um_00665_00616-1,
s_008um_00239_00389-1,
s_008um_00227_00394-1,
s_008um_00382_00389-1,
s_008um_00699_00597-1,
s_008um_00683_00423-1,
s_008um_00632_00419-1,
s_008um_00596_00617-1,
s_008um_00563_00612-1,
s_008um_00324_00597-1,
s_008um_00388_00613-1,
s_008um_00445_00381-1,
s_008um_00413_00391-1,
s_008um_00417_00598-1,
s_008um_00654_00223-1,
s_008um_00612_00610-1,
s_008um_00578_00386-1,
s_008um_00584_00224-1,
s_008um_00483_00206-1,
s_008um_00454_00206-1,
s_008um_00158_00411-1,
s_008um_00360_00612-1,
s_008um_00278_00601-1,
s_008um_00225_00596-1,
s_008um_00345_00376-1,
s_008um_00195_00402-1,
s_008um_00220_00396-1,
s_008um_00635_00218-1,
s_008um_00652_00600-1,
s_008um_00582_00193-1,
s_008um_00603_00600-1,
s_008um_00521_00374-1,
s_008um_00218_00392-1,
s_008um_00461_00392-1,
s_008um_00282_00600-1,
s_008um_00148_00239-1,
s_008um_00372_00384-1,
s_008um_00371_00394-1,
s_008um_00566_00207-1,
s_008um_00562_00385-1,
s_008um_00547_00199-1,
s_008um_00219_00381-1,
s_008um_00550_00376-1,
s_008um_00583_00208-1,
s_008um_00256_00382-1,
s_008um_00684_00417-1,
s_008um_00254_00597-1,
s_008um_00530_00605-1,
s_008um_00620_00209-1,
s_008um_00485_00389-1,
s_008um_00336_00384-1,
s_008um_00324_00389-1,
s_008um_00236_00602-1,
s_008um_00649_00412-1,
s_008um_00117_00236-1,
s_008um_00350_00208-1,
s_008um_00655_00416-1,
s_008um_00161_00250-1,
s_008um_00687_00607-1,
s_008um_00212_00218-1,
s_008um_00523_00383-1,
s_008um_00469_00206-1,
s_008um_00514_00589-1,
s_008um_00664_00411-1,
s_008um_00629_00617-1,
s_008um_00189_00231-1,
s_008um_00327_00377-1,
s_008um_00547_00597-1,
s_008um_00348_00384-1,
s_008um_00195_00222-1,
s_008um_00324_00603-1,
s_008um_00512_00386-1,
s_008um_00708_00418-1,
s_008um_00528_00610-1,
s_008um_00667_00607-1,
s_008um_00343_00370-1,
s_008um_00529_00377-1,
s_008um_00271_00376-1,
s_008um_00353_00212-1,
s_008um_00582_00216-1,
s_008um_00660_00202-1,
s_008um_00612_00218-1,
s_008um_00301_00373-1,
s_008um_00694_00607-1,
s_008um_00681_00608-1,
s_008um_00559_00216-1,
s_008um_00462_00387-1,
s_008um_00159_00236-1,
s_008um_00236_00601-1,
s_008um_00193_00395-1,
s_008um_00711_00600-1,
s_008um_00666_00610-1,
s_008um_00701_00418-1,
s_008um_00134_00252-1,
s_008um_00687_00206-1,
s_008um_00262_00215-1,
s_008um_00165_00232-1,
s_008um_00286_00368-1,
s_008um_00521_00606-1,
s_008um_00364_00391-1,
s_008um_00671_00406-1,
s_008um_00307_00386-1,
s_008um_00249_00378-1,
s_008um_00610_00215-1,
s_008um_00481_00376-1,
s_008um_00296_00210-1,
s_008um_00294_00367-1,
s_008um_00638_00229-1,
s_008um_00267_00375-1,
s_008um_00676_00205-1,
s_008um_00441_00383-1,
s_008um_00559_00383-1,
s_008um_00145_00230-1,
s_008um_00419_00379-1,
s_008um_00606_00615-1,
s_008um_00455_00379-1,
s_008um_00411_00380-1,
s_008um_00658_00211-1,
s_008um_00383_00599-1,
s_008um_00501_00598-1,
s_008um_00360_00214-1,
s_008um_00324_00387-1,
s_008um_00690_00617-1,
s_008um_00173_00235-1,
s_008um_00193_00399-1,
s_008um_00261_00370-1,
s_008um_00446_00218-1,CS2
s_008um_00647_00207-1,
s_008um_00316_00607-1,
s_008um_00300_00607-1,
s_008um_00246_00597-1,
s_008um_00347_00606-1,
s_008um_00360_00381-1,
s_008um_00170_00225-1,
s_008um_00285_00216-1,
s_008um_00693_00420-1,
s_008um_00297_00387-1,
s_008um_00240_00599-1,
s_008um_00551_00596-1,
s_008um_00700_00602-1,
s_008um_00290_00215-1,
s_008um_00617_00621-1,
s_008um_00630_00413-1,
s_008um_00588_00213-1,
s_008um_00317_00375-1,
s_008um_00298_00382-1,
s_008um_00397_00213-1,
s_008um_00218_00397-1,
s_008um_00652_00208-1,
s_008um_00357_00612-1,
s_008um_00708_00203-1,
s_008um_00502_00599-1,
s_008um_00578_00613-1,
s_008um_00527_00596-1,
s_008um_00672_00608-1,
s_008um_00242_00597-1,
s_008um_00585_00384-1,
s_008um_00336_00205-1,
s_008um_00474_00600-1,
s_008um_00589_00604-1,
s_008um_00548_00603-1,
s_008um_00682_00620-1,
s_008um_00313_00606-1,
s_008um_00620_00211-1,
s_008um_00481_00378-1,
s_008um_00422_00385-1,
s_008um_00440_00220-1,CS2
s_008um_00241_00392-1,
s_008um_00391_00599-1,
s_008um_00563_00194-1,
s_008um_00192_00405-1,
s_008um_00676_00418-1,
s_008um_00130_00236-1,
s_008um_00637_00221-1,
s_008um_00604_00418-1,
s_008um_00632_00213-1,
s_008um_00431_00376-1,
s_008um_00646_00593-1,
s_008um_00469_00212-1,
s_008um_00664_00409-1,
s_008um_00314_00211-1,
s_008um_00236_00376-1,
s_008um_00509_00392-1,
s_008um_00435_00203-1,CS2
s_008um_00348_00369-1,
s_008um_00124_00248-1,
s_008um_00586_00612-1,
s_008um_00503_00389-1,
s_008um_00597_00383-1,
s_008um_00556_00198-1,
s_008um_00242_00389-1,
s_008um_00521_00201-1,
s_008um_00575_00388-1,
s_008um_00547_00598-1,
s_008um_00439_00602-1,
s_008um_00710_00611-1,
s_008um_00520_00389-1,
s_008um_00639_00420-1,
s_008um_00282_00220-1,
s_008um_00316_00377-1,
s_008um_00561_00214-1,
s_008um_00171_00240-1,
s_008um_00138_00236-1,
s_008um_00426_00384-1,
s_008um_00301_00374-1,
s_008um_00644_00214-1,
s_008um_00560_00196-1,
s_008um_00193_00219-1,
s_008um_00589_00210-1,
s_008um_00346_00379-1,
s_008um_00415_00218-1,
s_008um_00434_00600-1,
s_008um_00161_00242-1,
s_008um_00466_00387-1,
s_008um_00348_00604-1,
s_008um_00644_00227-1,
s_008um_00258_00371-1,
s_008um_00616_00389-1,
s_008um_00138_00242-1,
s_008um_00507_00375-1,
s_008um_00644_00598-1,
s_008um_00669_00214-1,
s_008um_00257_00386-1,
s_008um_00504_00390-1,
s_008um_00235_00591-1,
s_008um_00682_00212-1,
s_008um_00673_00601-1,
s_008um_00299_00212-1,
s_008um_00487_00588-1,
s_008um_00212_00399-1,
s_008um_00270_00384-1,
s_008um_00511_00588-1,
s_008um_00593_00385-1,
s_008um_00153_00241-1,
s_008um_00636_00599-1,
s_008um_00521_00203-1,
s_008um_00634_00411-1,
s_008um_00697_00597-1,
s_008um_00424_00598-1,
s_008um_00645_00618-1,
s_008um_00560_00198-1,
s_008um_00692_00619-1,
s_008um_00444_00380-1,
s_008um_00635_00222-1,
s_008um_00531_00381-1,
s_008um_00334_00370-1,
s_008um_00309_00369-1,
s_008um_00190_00400-1,
s_008um_00266_00371-1,
s_008um_00436_00387-1,
s_008um_00557_00211-1,
s_008um_00266_00220-1,
s_008um_00444_00600-1,
s_008um_00558_00376-1,
s_008um_00557_00596-1,
s_008um_00220_00378-1,
s_008um_00477_00218-1,
s_008um_00491_00375-1,
s_008um_00533_00611-1,
s_008um_00480_00591-1,
s_008um_00639_00400-1,
s_008um_00548_00206-1,
s_008um_00644_00396-1,
s_008um_00674_00616-1,
s_008um_00356_00214-1,
s_008um_00429_00606-1,
s_008um_00418_00215-1,CS2
s_008um_00112_00240-1,
s_008um_00615_00621-1,
s_008um_00592_00214-1,
s_008um_00693_00610-1,
s_008um_00714_00419-1,
s_008um_00421_00210-1,CS2
s_008um_00699_00417-1,
s_008um_00602_00618-1,
s_008um_00636_00595-1,
s_008um_00311_00383-1,
s_008um_00250_00371-1,
s_008um_00499_00208-1,
s_008um_00471_00207-1,
s_008um_00533_00214-1,
s_008um_00558_00596-1,
s_008um_00594_00223-1,
s_008um_00490_00595-1,
s_008um_00199_00232-1,
s_008um_00409_00386-1,
s_008um_00324_00376-1,
s_008um_00230_00593-1,
s_008um_00355_00391-1,
s_008um_00122_00244-1,
s_008um_00554_00614-1,
s_008um_00473_00379-1,
s_008um_00408_00390-1,
s_008um_00380_00213-1,
s_008um_00602_00202-1,
s_008um_00632_00606-1,
s_008um_00231_00591-1,
s_008um_00364_00386-1,
s_008um_00209_00217-1,
s_008um_00670_00618-1,
s_008um_00459_00593-1,
s_008um_00425_00388-1,
s_008um_00681_00600-1,
s_008um_00666_00607-1,
s_008um_00322_00383-1,
s_008um_00676_00211-1,
s_008um_00645_00223-1,
s_008um_00465_00600-1,
s_008um_00698_00416-1,
s_008um_00639_00622-1,
s_008um_00220_00389-1,
s_008um_00625_00196-1,
s_008um_00285_00602-1,
s_008um_00325_00371-1,
s_008um_00506_00388-1,
s_008um_00637_00416-1,
s_008um_00311_00378-1,
s_008um_00127_00232-1,
s_008um_00634_00233-1,
s_008um_00132_00239-1,
s_008um_00658_00600-1,
s_008um_00552_00212-1,
s_008um_00662_00596-1,
s_008um_00544_00603-1,
s_008um_00271_00374-1,
s_008um_00566_00602-1,
s_008um_00647_00614-1,
s_008um_00460_00380-1,
s_008um_00464_00217-1,
s_008um_00401_00379-1,
s_008um_00632_00600-1,
s_008um_00538_00367-1,
s_008um_00418_00389-1,
s_008um_00428_00378-1,
s_008um_00312_00386-1,
s_008um_00266_00370-1,
s_008um_00416_00606-1,
s_008um_00411_00391-1,
s_008um_00360_00383-1,
s_008um_00288_00380-1,
s_008um_00375_00603-1,
s_008um_00525_00202-1,
s_008um_00687_00213-1,
s_008um_00200_00400-1,
s_008um_00306_00388-1,
s_008um_00156_00250-1,
s_008um_00251_00598-1,
s_008um_00299_00383-1,
s_008um_00665_00405-1,
s_008um_00235_00217-1,
s_008um_00509_00198-1,
s_008um_00431_00211-1,CS2
s_008um_00563_00609-1,
s_008um_00600_00191-1,
s_008um_00443_00375-1,
s_008um_00160_00234-1,
s_008um_00155_00235-1,
s_008um_00537_00603-1,
s_008um_00391_00212-1,
s_008um_00658_00216-1,
s_008um_00588_00386-1,
s_008um_00374_00391-1,
s_008um_00619_00602-1,
s_008um_00645_00610-1,
s_008um_00366_00390-1,
s_008um_00607_00612-1,
s_008um_00289_00604-1,
s_008um_00677_00615-1,
s_008um_00417_00602-1,
s_008um_00546_00605-1,
s_008um_00568_00391-1,
s_008um_00710_00618-1,
s_008um_00378_00613-1,
s_008um_00203_00392-1,
s_008um_00326_00607-1,
s_008um_00546_00609-1,
s_008um_00545_00603-1,
s_008um_00597_00224-1,
s_008um_00597_00200-1,
s_008um_00613_00216-1,
s_008um_00467_00213-1,
s_008um_00708_00209-1,
s_008um_00367_00372-1,
s_008um_00417_00208-1,
s_008um_00227_00592-1,
s_008um_00307_00375-1,
s_008um_00542_00611-1,
s_008um_00718_00614-1,
s_008um_00528_00392-1,
s_008um_00450_00211-1,CS2
s_008um_00539_00367-1,
s_008um_00452_00386-1,
s_008um_00518_00209-1,
s_008um_00600_00614-1,
s_008um_00286_00376-1,
s_008um_00625_00607-1,
s_008um_00287_00378-1,
s_008um_00136_00230-1,
s_008um_00321_00380-1,
s_008um_00201_00229-1,
s_008um_00596_00203-1,
s_008um_00537_00199-1,
s_008um_00389_00213-1,
s_008um_00531_00379-1,
s_008um_00313_00607-1,
s_008um_00324_00607-1,
s_008um_00264_00598-1,
s_008um_00626_00219-1,
s_008um_00399_00215-1,
s_008um_00409_00371-1,
s_008um_00584_00604-1,
s_008um_00591_00615-1,
s_008um_00373_00372-1,
s_008um_00709_00421-1,
s_008um_00456_00391-1,
s_008um_00646_00400-1,
s_008um_00522_00385-1,
s_008um_00615_00205-1,
s_008um_00494_00387-1,
s_008um_00192_00404-1,
s_008um_00622_00213-1,
s_008um_00254_00593-1,
s_008um_00457_00212-1,CS2
s_008um_00269_00374-1,
s_008um_00603_00210-1,
s_008um_00157_00239-1,
s_008um_00621_00392-1,
s_008um_00561_00196-1,
s_008um_00683_00609-1,
s_008um_00394_00391-1,
s_008um_00630_00618-1,
s_008um_00510_00204-1,
s_008um_00356_00213-1,
s_008um_00502_00598-1,
s_008um_00356_00210-1,
s_008um_00632_00609-1,
s_008um_00567_00391-1,
s_008um_00338_00600-1,
s_008um_00580_00600-1,
s_008um_00137_00236-1,
s_008um_00420_00209-1,CS2
s_008um_00562_00390-1,
s_008um_00544_00393-1,
s_008um_00293_00382-1,
s_008um_00359_00603-1,
s_008um_00686_00409-1,
s_008um_00613_00202-1,
s_008um_00324_00206-1,
s_008um_00329_00388-1,
s_008um_00365_00613-1,
s_008um_00353_00387-1,
s_008um_00304_00386-1,
s_008um_00510_00197-1,
s_008um_00632_00602-1,
s_008um_00579_00609-1,
s_008um_00499_00598-1,
s_008um_00246_00593-1,
s_008um_00461_00603-1,
s_008um_00422_00378-1,
s_008um_00411_00386-1,
s_008um_00600_00413-1,
s_008um_00447_00206-1,
s_008um_00533_00217-1,
s_008um_00176_00237-1,
s_008um_00293_00608-1,
s_008um_00186_00226-1,
s_008um_00699_00211-1,
s_008um_00546_00391-1,
s_008um_00356_00600-1,
s_008um_00594_00197-1,
s_008um_00687_00615-1,
s_008um_00679_00602-1,
s_008um_00490_00388-1,
s_008um_00533_00210-1,
s_008um_00316_00384-1,
s_008um_00653_00604-1,
s_008um_00657_00595-1,
s_008um_00302_00604-1,
s_008um_00714_00417-1,
s_008um_00552_00386-1,
s_008um_00702_00616-1,
s_008um_00436_00381-1,
s_008um_00175_00402-1,
s_008um_00637_00208-1,
s_008um_00419_00377-1,
s_008um_00338_00214-1,
s_008um_00380_00383-1,
s_008um_00258_00215-1,
s_008um_00583_00411-1,
s_008um_00608_00605-1,
s_008um_00281_00388-1,
s_008um_00281_00370-1,
s_008um_00589_00413-1,
s_008um_00434_00210-1,CS2
s_008um_00335_00601-1,
s_008um_00575_00604-1,
s_008um_00251_00386-1,
s_008um_00246_00221-1,
s_008um_00666_00596-1,
s_008um_00281_00376-1,
s_008um_00503_00382-1,
s_008um_00698_00601-1,
s_008um_00370_00383-1,
s_008um_00621_00599-1,
s_008um_00690_00410-1,
s_008um_00664_00416-1,
s_008um_00530_00595-1,
s_008um_00619_00229-1,
s_008um_00511_00379-1,
s_008um_00511_00604-1,
s_008um_00183_00405-1,
s_008um_00580_00219-1,
s_008um_00491_00203-1,
s_008um_00179_00238-1,
s_008um_00645_00397-1,
s_008um_00528_00199-1,
s_008um_00537_00393-1,
s_008um_00613_00614-1,
s_008um_00455_00374-1,
s_008um_00452_00600-1,
s_008um_00450_00215-1,CS2
s_008um_00650_00606-1,
s_008um_00325_00389-1,
s_008um_00508_00383-1,
s_008um_00313_00611-1,
s_008um_00469_00216-1,
s_008um_00511_00597-1,
s_008um_00274_00377-1,
s_008um_00611_00205-1,
s_008um_00710_00604-1,
s_008um_00618_00388-1,
s_008um_00374_00387-1,
s_008um_00620_00416-1,
s_008um_00193_00237-1,
s_008um_00364_00393-1,
s_008um_00268_00388-1,
s_008um_00240_00603-1,
s_008um_00543_00603-1,
s_008um_00178_00232-1,
s_008um_00667_00228-1,
s_008um_00594_00207-1,
s_008um_00396_00604-1,
s_008um_00414_00597-1,
s_008um_00624_00198-1,
s_008um_00125_00240-1,
s_008um_00350_00607-1,
s_008um_00643_00621-1,
s_008um_00523_00210-1,
s_008um_00543_00368-1,
s_008um_00702_00600-1,
s_008um_00682_00617-1,
s_008um_00525_00207-1,
s_008um_00617_00414-1,
s_008um_00571_00221-1,
s_008um_00123_00226-1,
s_008um_00440_00374-1,
s_008um_00638_00599-1,
s_008um_00382_00214-1,
s_008um_00695_00203-1,
s_008um_00400_00602-1,
s_008um_00632_00192-1,
s_008um_00571_00214-1,
s_008um_00651_00230-1,
s_008um_00536_00605-1,
s_008um_00370_00606-1,
s_008um_00573_00385-1,
s_008um_00631_00613-1,
s_008um_00369_00389-1,
s_008um_00350_00614-1,
s_008um_00189_00394-1,
s_008um_00309_00602-1,
s_008um_00614_00405-1,
s_008um_00617_00616-1,
s_008um_00619_00413-1,
s_008um_00616_00217-1,
s_008um_00585_00603-1,
s_008um_00520_00371-1,
s_008um_00349_00372-1,
s_008um_00108_00238-1,
s_008um_00533_00378-1,
s_008um_00553_00214-1,
s_008um_00382_00393-1,
s_008um_00468_00605-1,
s_008um_00632_00611-1,
s_008um_00528_00369-1,
s_008um_00471_00215-1,
s_008um_00342_00603-1,
s_008um_00427_00377-1,
s_008um_00371_00210-1,
s_008um_00616_00203-1,
s_008um_00399_00211-1,
s_008um_00395_00378-1,
s_008um_00594_00221-1,
s_008um_00617_00623-1,
s_008um_00652_00613-1,
s_008um_00638_00614-1,
s_008um_00461_00210-1,
s_008um_00629_00610-1,
s_008um_00625_00218-1,
s_008um_00278_00607-1,
s_008um_00242_00384-1,
s_008um_00331_00372-1,
s_008um_00382_00383-1,
s_008um_00452_00211-1,CS2
s_008um_00504_00209-1,
s_008um_00229_00599-1,
s_008um_00596_00414-1,
s_008um_00637_00418-1,
s_008um_00215_00215-1,
s_008um_00472_00218-1,
s_008um_00449_00222-1,CS2
s_008um_00552_00206-1,
s_008um_00665_00606-1,
s_008um_00609_00414-1,
s_008um_00710_00411-1,
s_008um_00485_00393-1,
s_008um_00703_00417-1,
s_008um_00622_00216-1,
s_008um_00645_00220-1,
s_008um_00340_00369-1,
s_008um_00594_00222-1,
s_008um_00647_00210-1,
s_008um_00545_00205-1,
s_008um_00187_00396-1,
s_008um_00480_00218-1,
s_008um_00458_00210-1,
s_008um_00281_00373-1,
s_008um_00587_00602-1,
s_008um_00599_00414-1,
s_008um_00486_00594-1,
s_008um_00230_00595-1,
s_008um_00493_00599-1,
s_008um_00503_00605-1,
s_008um_00487_00211-1,
s_008um_00300_00372-1,
s_008um_00439_00390-1,
s_008um_00459_00210-1,
s_008um_00620_00219-1,
s_008um_00627_00213-1,
s_008um_00565_00614-1,
s_008um_00158_00410-1,
s_008um_00141_00235-1,
s_008um_00467_00204-1,
s_008um_00231_00221-1,
s_008um_00156_00236-1,
s_008um_00367_00375-1,
s_008um_00278_00378-1,
s_008um_00406_00384-1,
s_008um_00458_00380-1,
s_008um_00678_00206-1,
s_008um_00435_00395-1,
s_008um_00626_00203-1,
s_008um_00622_00198-1,
s_008um_00544_00604-1,
s_008um_00286_00370-1,
s_008um_00534_00389-1,
s_008um_00343_00609-1,
s_008um_00635_00414-1,
s_008um_00431_00216-1,CS2
s_008um_00279_00215-1,
s_008um_00595_00619-1,
s_008um_00584_00221-1,
s_008um_00255_00374-1,
s_008um_00601_00622-1,
s_008um_00177_00233-1,
s_008um_00234_00217-1,
s_008um_00307_00598-1,
s_008um_00233_00604-1,
s_008um_00651_00594-1,
s_008um_00365_00378-1,
s_008um_00502_00597-1,
s_008um_00428_00214-1,CS2
s_008um_00680_00617-1,
s_008um_00546_00611-1,
s_008um_00531_00213-1,
s_008um_00495_00386-1,
s_008um_00587_00603-1,
s_008um_00387_00372-1,
s_008um_00254_00606-1,
s_008um_00495_00384-1,
s_008um_00596_00220-1,
s_008um_00231_00386-1,
s_008um_00341_00371-1,
s_008um_00290_00384-1,
s_008um_00501_00597-1,
s_008um_00696_00615-1,
s_008um_00592_00615-1,
s_008um_00194_00231-1,
s_008um_00620_00218-1,
s_008um_00230_00223-1,
s_008um_00147_00241-1,
s_008um_00208_00216-1,
s_008um_00714_00615-1,
s_008um_00657_00222-1,
s_008um_00434_00605-1,
s_008um_00331_00210-1,
s_008um_00280_00388-1,
s_008um_00406_00212-1,
s_008um_00600_00208-1,
s_008um_00391_00384-1,
s_008um_00353_00211-1,
s_008um_00659_00206-1,
s_008um_00641_00606-1,
s_008um_00403_00218-1,
s_008um_00368_00211-1,
s_008um_00208_00400-1,
s_008um_00381_00603-1,
s_008um_00491_00208-1,
s_008um_00660_00404-1,
s_008um_00294_00383-1,
s_008um_00337_00381-1,
s_008um_00441_00384-1,
s_008um_00639_00418-1,
s_008um_00264_00387-1,
s_008um_00620_00603-1,
s_008um_00420_00391-1,
s_008um_00346_00376-1,
s_008um_00684_00598-1,
s_008um_00254_00383-1,
s_008um_00596_00614-1,
s_008um_00601_00205-1,
s_008um_00596_00209-1,
s_008um_00469_00205-1,
s_008um_00664_00613-1,
s_008um_00510_00212-1,
s_008um_00408_00604-1,
s_008um_00532_00201-1,
s_008um_00455_00393-1,
s_008um_00220_00392-1,
s_008um_00230_00600-1,
s_008um_00460_00210-1,
s_008um_00481_00594-1,
s_008um_00584_00395-1,
s_008um_00647_00220-1,
s_008um_00374_00381-1,
s_008um_00683_00412-1,
s_008um_00667_00619-1,
s_008um_00641_00607-1,
s_008um_00134_00236-1,
s_008um_00689_00620-1,
s_008um_00521_00604-1,
s_008um_00258_00369-1,
s_008um_00654_00407-1,
s_008um_00672_00219-1,
s_008um_00505_00606-1,
s_008um_00272_00219-1,
s_008um_00490_00590-1,
s_008um_00713_00606-1,
s_008um_00494_00371-1,
s_008um_00684_00599-1,
s_008um_00561_00373-1,
s_008um_00491_00602-1,
s_008um_00290_00218-1,
s_008um_00329_00605-1,
s_008um_00440_00221-1,CS2
s_008um_00202_00396-1,
s_008um_00277_00386-1,
s_008um_00689_00617-1,
s_008um_00502_00198-1,
s_008um_00403_00382-1,
s_008um_00526_00213-1,
s_008um_00344_00383-1,
s_008um_00644_00594-1,
s_008um_00692_00205-1,
s_008um_00179_00400-1,
s_008um_00679_00616-1,
s_008um_00324_00205-1,
s_008um_00395_00610-1,
s_008um_00576_00216-1,
s_008um_00363_00598-1,
s_008um_00146_00231-1,
s_008um_00602_00406-1,
s_008um_00640_00235-1,
s_008um_00300_00603-1,
s_008um_00389_00218-1,
s_008um_00580_00377-1,
s_008um_00492_00387-1,
s_008um_00137_00229-1,
s_008um_00458_00596-1,
s_008um_00122_00233-1,
s_008um_00511_00390-1,
s_008um_00395_00211-1,
s_008um_00354_00214-1,
s_008um_00628_00605-1,
s_008um_00486_00204-1,
s_008um_00569_00384-1,
s_008um_00515_00386-1,
s_008um_00337_00210-1,
s_008um_00275_00214-1,
s_008um_00515_00212-1,
s_008um_00531_00376-1,
s_008um_00119_00240-1,
s_008um_00647_00609-1,
s_008um_00440_00376-1,
s_008um_00683_00209-1,
s_008um_00497_00389-1,
s_008um_00203_00399-1,
s_008um_00618_00614-1,
s_008um_00350_00602-1,
s_008um_00268_00381-1,
s_008um_00532_00610-1,
s_008um_00332_00599-1,
s_008um_00343_00207-1,
s_008um_00644_00621-1,
s_008um_00450_00222-1,CS2
s_008um_00162_00235-1,
s_008um_00336_00377-1,
s_008um_00597_00206-1,
s_008um_00366_00375-1,
s_008um_00661_00604-1,
s_008um_00543_00598-1,
s_008um_00467_00601-1,
s_008um_00596_00412-1,
s_008um_00576_00605-1,
s_008um_00333_00607-1,
s_008um_00197_00396-1,
s_008um_00485_00598-1,
s_008um_00295_00598-1,
s_008um_00647_00231-1,
s_008um_00693_00618-1,
s_008um_00691_00204-1,
s_008um_00709_00613-1,
s_008um_00579_00202-1,
s_008um_00556_00204-1,
s_008um_00161_00404-1,
s_008um_00400_00605-1,
s_008um_00704_00615-1,
s_008um_00277_00383-1,
s_008um_00469_00207-1,
s_008um_00692_00415-1,
s_008um_00624_00216-1,
s_008um_00268_00383-1,
s_008um_00350_00598-1,
s_008um_00562_00214-1,
s_008um_00388_00610-1,
s_008um_00144_00234-1,
s_008um_00301_00606-1,
s_008um_00643_00219-1,
s_008um_00666_00408-1,
s_008um_00656_00600-1,
s_008um_00485_00211-1,
s_008um_00110_00230-1,
s_008um_00480_00212-1,
s_008um_00632_00594-1,
s_008um_00307_00374-1,
s_008um_00384_00612-1,
s_008um_00421_00213-1,CS2
s_008um_00462_00393-1,
s_008um_00463_00383-1,
s_008um_00217_00400-1,
s_008um_00248_00224-1,
s_008um_00717_00619-1,
s_008um_00489_00372-1,
s_008um_00621_00601-1,
s_008um_00694_00609-1,
s_008um_00233_00390-1,
s_008um_00595_00381-1,
s_008um_00242_00589-1,
s_008um_00525_00393-1,
s_008um_00633_00412-1,
s_008um_00628_00597-1,
s_008um_00538_00598-1,
s_008um_00717_00608-1,
s_008um_00583_00607-1,
s_008um_00565_00607-1,
s_008um_00517_00383-1,
s_008um_00195_00238-1,
s_008um_00113_00245-1,
s_008um_00361_00606-1,
s_008um_00519_00609-1,
s_008um_00219_00389-1,
s_008um_00393_00371-1,
s_008um_00266_00381-1,
s_008um_00488_00372-1,
s_008um_00557_00606-1,
s_008um_00433_00217-1,CS2
s_008um_00685_00607-1,
s_008um_00713_00617-1,
s_008um_00339_00212-1,
s_008um_00464_00211-1,
s_008um_00288_00604-1,
s_008um_00263_00389-1,
s_008um_00419_00216-1,CS2
s_008um_00600_00219-1,
s_008um_00656_00416-1,
s_008um_00175_00406-1,
s_008um_00649_00613-1,
s_008um_00196_00233-1,
s_008um_00384_00209-1,
s_008um_00450_00593-1,
s_008um_00266_00369-1,
s_008um_00585_00215-1,
s_008um_00713_00607-1,
s_008um_00510_00386-1,
s_008um_00390_00218-1,
s_008um_00563_00196-1,
s_008um_00189_00228-1,
s_008um_00414_00384-1,
s_008um_00194_00223-1,
s_008um_00342_00609-1,
s_008um_00209_00227-1,
s_008um_00234_00593-1,
s_008um_00634_00212-1,
s_008um_00206_00224-1,
s_008um_00492_00212-1,
s_008um_00567_00221-1,
s_008um_00450_00595-1,
s_008um_00135_00242-1,
s_008um_00693_00609-1,
s_008um_00160_00248-1,
s_008um_00196_00219-1,
s_008um_00291_00212-1,
s_008um_00295_00376-1,
s_008um_00584_00393-1,
s_008um_00429_00392-1,
s_008um_00553_00205-1,
s_008um_00638_00210-1,
s_008um_00531_00212-1,
s_008um_00267_00598-1,
s_008um_00522_00215-1,
s_008um_00415_00387-1,
s_008um_00691_00608-1,
s_008um_00200_00393-1,
s_008um_00155_00240-1,
s_008um_00155_00405-1,
s_008um_00641_00415-1,
s_008um_00503_00383-1,
s_008um_00214_00216-1,
s_008um_00310_00376-1,
s_008um_00404_00380-1,
s_008um_00326_00373-1,
s_008um_00704_00604-1,
s_008um_00422_00599-1,
s_008um_00396_00213-1,
s_008um_00171_00235-1,
s_008um_00503_00373-1,
s_008um_00562_00597-1,
s_008um_00636_00396-1,
s_008um_00514_00605-1,
s_008um_00235_00220-1,
s_008um_00705_00211-1,
s_008um_00399_00599-1,
s_008um_00463_00593-1,
s_008um_00650_00615-1,
s_008um_00697_00600-1,
s_008um_00509_00201-1,
s_008um_00165_00231-1,
s_008um_00428_00203-1,
s_008um_00231_00214-1,
s_008um_00224_00395-1,
s_008um_00320_00366-1,
s_008um_00256_00606-1,
s_008um_00707_00606-1,
s_008um_00532_00203-1,
s_008um_00690_00204-1,
s_008um_00620_00197-1,
s_008um_00557_00386-1,
s_008um_00543_00605-1,
s_008um_00268_00218-1,
s_008um_00665_00603-1,
s_008um_00456_00380-1,
s_008um_00689_00603-1,
s_008um_00274_00385-1,
s_008um_00580_00611-1,
s_008um_00673_00205-1,
s_008um_00618_00408-1,
s_008um_00544_00207-1,
s_008um_00691_00614-1,
s_008um_00191_00233-1,
s_008um_00617_00207-1,
s_008um_00220_00385-1,
s_008um_00687_00410-1,
s_008um_00620_00397-1,
s_008um_00653_00413-1,
s_008um_00662_00213-1,
s_008um_00137_00241-1,
s_008um_00448_00603-1,
s_008um_00472_00587-1,
s_008um_00648_00621-1,
s_008um_00275_00221-1,
s_008um_00561_00198-1,
s_008um_00359_00392-1,
s_008um_00335_00213-1,
s_008um_00248_00217-1,
s_008um_00119_00236-1,
s_008um_00330_00371-1,
s_008um_00231_00391-1,
s_008um_00675_00211-1,
s_008um_00508_00588-1,
s_008um_00548_00386-1,
s_008um_00601_00212-1,
s_008um_00273_00381-1,
s_008um_00474_00388-1,
s_008um_00140_00238-1,
s_008um_00656_00401-1,
s_008um_00658_00224-1,
s_008um_00272_00384-1,
s_008um_00364_00381-1,
s_008um_00533_00370-1,
s_008um_00622_00399-1,
s_008um_00583_00202-1,
s_008um_00678_00606-1,
s_008um_00261_00369-1,
s_008um_00277_00389-1,
s_008um_00426_00374-1,
s_008um_00223_00386-1,
s_008um_00279_00382-1,
s_008um_00585_00211-1,
s_008um_00307_00206-1,
s_008um_00315_00377-1,
s_008um_00461_00386-1,
s_008um_00367_00369-1,
s_008um_00142_00236-1,
s_008um_00599_00600-1,
s_008um_00523_00601-1,
s_008um_00355_00392-1,
s_008um_00636_00213-1,
s_008um_00191_00400-1,
s_008um_00288_00372-1,
s_008um_00335_00606-1,
s_008um_00466_00206-1,
s_008um_00457_00217-1,CS2
s_008um_00185_00221-1,
s_008um_00571_00204-1,
s_008um_00642_00230-1,
s_008um_00603_00197-1,
s_008um_00229_00593-1,
s_008um_00643_00600-1,
s_008um_00567_00602-1,
s_008um_00386_00605-1,
s_008um_00495_00591-1,
s_008um_00433_00386-1,
s_008um_00625_00609-1,
s_008um_00514_00596-1,
s_008um_00613_00214-1,
s_008um_00541_00217-1,
s_008um_00120_00242-1,
s_008um_00647_00612-1,
s_008um_00612_00215-1,
s_008um_00645_00217-1,
s_008um_00357_00213-1,
s_008um_00496_00205-1,
s_008um_00493_00381-1,
s_008um_00437_00212-1,CS2
s_008um_00194_00395-1,
s_008um_00653_00609-1,
s_008um_00256_00218-1,
s_008um_00485_00387-1,
s_008um_00490_00394-1,
s_008um_00706_00610-1,
s_008um_00347_00376-1,
s_008um_00477_00215-1,
s_008um_00461_00390-1,
s_008um_00674_00218-1,
s_008um_00628_00613-1,
s_008um_00537_00210-1,
s_008um_00230_00588-1,
s_008um_00510_00202-1,
s_008um_00434_00217-1,CS2
s_008um_00262_00602-1,
s_008um_00584_00199-1,
s_008um_00671_00414-1,
s_008um_00658_00410-1,
s_008um_00557_00378-1,
s_008um_00651_00596-1,
s_008um_00532_00211-1,
s_008um_00508_00597-1,
s_008um_00595_00194-1,
s_008um_00523_00599-1,
s_008um_00376_00600-1,
s_008um_00644_00398-1,
s_008um_00295_00387-1,
s_008um_00140_00241-1,
s_008um_00458_00388-1,
s_008um_00192_00229-1,
s_008um_00290_00383-1,
s_008um_00211_00394-1,
s_008um_00639_00618-1,
s_008um_00196_00222-1,
s_008um_00350_00213-1,
s_008um_00323_00205-1,
s_008um_00168_00243-1,
s_008um_00298_00388-1,
s_008um_00603_00205-1,
s_008um_00181_00227-1,
s_008um_00689_00601-1,
s_008um_00233_00590-1,
s_008um_00605_00623-1,
s_008um_00399_00381-1,
s_008um_00652_00399-1,
s_008um_00267_00367-1,
s_008um_00219_00217-1,
s_008um_00428_00598-1,
s_008um_00330_00213-1,
s_008um_00576_00387-1,
s_008um_00510_00378-1,
s_008um_00556_00387-1,
s_008um_00419_00604-1,
s_008um_00690_00615-1,
s_008um_00577_00387-1,
s_008um_00693_00603-1,
s_008um_00700_00603-1,
s_008um_00615_00206-1,
s_008um_00664_00598-1,
s_008um_00495_00200-1,
s_008um_00601_00598-1,
s_008um_00630_00418-1,
s_008um_00503_00214-1,
s_008um_00557_00206-1,
s_008um_00426_00601-1,
s_008um_00549_00211-1,
s_008um_00281_00599-1,
s_008um_00185_00394-1,
s_008um_00446_00203-1,
s_008um_00578_00384-1,
s_008um_00274_00607-1,
s_008um_00569_00221-1,
s_008um_00405_00388-1,
s_008um_00541_00200-1,
s_008um_00542_00598-1,
s_008um_00476_00207-1,
s_008um_00300_00384-1,
s_008um_00543_00377-1,
s_008um_00425_00380-1,
s_008um_00549_00210-1,
s_008um_00237_00600-1,
s_008um_00442_00220-1,CS2
s_008um_00486_00374-1,
s_008um_00410_00609-1,
s_008um_00317_00376-1,
s_008um_00586_00411-1,
s_008um_00484_00596-1,
s_008um_00580_00415-1,
s_008um_00399_00212-1,
s_008um_00631_00620-1,
s_008um_00598_00194-1,
s_008um_00466_00216-1,
s_008um_00488_00213-1,
s_008um_00279_00604-1,
s_008um_00272_00368-1,
s_008um_00267_00218-1,
s_008um_00154_00240-1,
s_008um_00345_00598-1,
s_008um_00683_00207-1,
s_008um_00624_00404-1,
s_008um_00301_00371-1,
s_008um_00115_00228-1,
s_008um_00302_00382-1,
s_008um_00427_00396-1,
s_008um_00496_00212-1,
s_008um_00526_00205-1,
s_008um_00349_00613-1,
s_008um_00288_00217-1,
s_008um_00662_00595-1,
s_008um_00288_00381-1,
s_008um_00121_00236-1,
s_008um_00321_00598-1,
s_008um_00425_00392-1,
s_008um_00587_00601-1,
s_008um_00218_00394-1,
s_008um_00486_00598-1,
s_008um_00415_00604-1,
s_008um_00253_00603-1,
s_008um_00545_00204-1,
s_008um_00633_00221-1,
s_008um_00597_00385-1,
s_008um_00602_00222-1,
s_008um_00195_00401-1,
s_008um_00586_00610-1,
s_008um_00190_00401-1,
s_008um_00479_00204-1,
s_008um_00425_00602-1,
s_008um_00279_00366-1,
s_008um_00312_00368-1,
s_008um_00214_00222-1,
s_008um_00573_00390-1,
s_008um_00626_00617-1,
s_008um_00529_00374-1,
s_008um_00230_00590-1,
s_008um_00211_00222-1,
s_008um_00625_00229-1,
s_008um_00616_00611-1,
s_008um_00663_00211-1,
s_008um_00327_00378-1,
s_008um_00707_00208-1,
s_008um_00586_00207-1,
s_008um_00361_00386-1,
s_008um_00627_00399-1,
s_008um_00489_00202-1,
s_008um_00306_00368-1,
s_008um_00654_00400-1,
s_008um_00620_00599-1,
s_008um_00662_00607-1,
s_008um_00286_00599-1,
s_008um_00598_00412-1,
s_008um_00464_00207-1,
s_008um_00643_00231-1,
s_008um_00253_00369-1,
s_008um_00565_00605-1,
s_008um_00372_00371-1,
s_008um_00438_00384-1,
s_008um_00547_00603-1,
s_008um_00163_00228-1,
s_008um_00521_00591-1,
s_008um_00203_00217-1,
s_008um_00668_00222-1,
s_008um_00670_00219-1,
s_008um_00636_00621-1,
s_008um_00363_00205-1,
s_008um_00593_00204-1,
s_008um_00438_00381-1,
s_008um_00610_00232-1,
s_008um_00360_00390-1,
s_008um_00446_00205-1,
s_008um_00594_00601-1,
s_008um_00715_00412-1,
s_008um_00597_00229-1,
s_008um_00709_00209-1,
s_008um_00471_00386-1,
s_008um_00583_00377-1,
s_008um_00364_00602-1,
s_008um_00362_00606-1,
s_008um_00541_00607-1,
s_008um_00292_00367-1,
s_008um_00502_00590-1,
s_008um_00567_00599-1,
s_008um_00589_00620-1,
s_008um_00384_00606-1,
s_008um_00264_00380-1,
s_008um_00387_00391-1,
s_008um_00397_00217-1,
s_008um_00536_00373-1,
s_008um_00319_00367-1,
s_008um_00497_00207-1,
s_008um_00353_00390-1,
s_008um_00582_00225-1,
s_008um_00227_00389-1,
s_008um_00432_00383-1,
s_008um_00517_00393-1,
s_008um_00327_00211-1,
s_008um_00122_00248-1,
s_008um_00464_00378-1,
s_008um_00607_00195-1,
s_008um_00712_00620-1,
s_008um_00613_00211-1,
s_008um_00432_00388-1,
s_008um_00696_00208-1,
s_008um_00393_00370-1,
s_008um_00717_00612-1,
s_008um_00306_00380-1,
s_008um_00591_00411-1,
s_008um_00341_00607-1,
s_008um_00241_00224-1,
s_008um_00581_00218-1,
s_008um_00180_00225-1,
s_008um_00337_00213-1,
s_008um_00671_00610-1,
s_008um_00653_00210-1,
s_008um_00649_00219-1,
s_008um_00620_00222-1,
s_008um_00241_00374-1,
s_008um_00206_00396-1,
s_008um_00658_00213-1,
s_008um_00397_00383-1,
s_008um_00522_00213-1,
s_008um_00593_00621-1,
s_008um_00563_00610-1,
s_008um_00232_00380-1,
s_008um_00684_00207-1,
s_008um_00655_00203-1,
s_008um_00592_00225-1,
s_008um_00444_00602-1,
s_008um_00657_00611-1,
s_008um_00264_00596-1,
s_008um_00370_00392-1,
s_008um_00125_00227-1,
s_008um_00610_00202-1,
s_008um_00475_00215-1,
s_008um_00405_00606-1,
s_008um_00196_00402-1,
s_008um_00659_00406-1,
s_008um_00632_00212-1,
s_008um_00214_00385-1,
s_008um_00376_00615-1,
s_008um_00518_00592-1,
s_008um_00465_00383-1,
s_008um_00704_00419-1,
s_008um_00228_00214-1,
s_008um_00250_00370-1,
s_008um_00265_00603-1,
s_008um_00144_00232-1,
s_008um_00500_00197-1,
s_008um_00369_00395-1,
s_008um_00112_00234-1,
s_008um_00171_00229-1,
s_008um_00656_00599-1,
s_008um_00678_00220-1,
s_008um_00633_00203-1,
s_008um_00483_00375-1,
s_008um_00630_00218-1,
s_008um_00706_00206-1,
s_008um_00465_00393-1,
s_008um_00594_00612-1,
s_008um_00534_00394-1,
s_008um_00257_00595-1,
s_008um_00695_00596-1,
s_008um_00527_00211-1,
s_008um_00559_00388-1,
s_008um_00578_00413-1,
s_008um_00712_00609-1,
s_008um_00647_00217-1,
s_008um_00596_00208-1,
s_008um_00250_00599-1,
s_008um_00334_00610-1,
s_008um_00644_00610-1,
s_008um_00464_00376-1,
s_008um_00495_00595-1,
s_008um_00575_00415-1,
s_008um_00614_00199-1,
s_008um_00223_00393-1,
s_008um_00673_00221-1,
s_008um_00351_00612-1,
s_008um_00350_00369-1,
s_008um_00597_00197-1,
s_008um_00317_00384-1,
s_008um_00712_00421-1,
s_008um_00323_00370-1,
s_008um_00188_00401-1,
s_008um_00120_00230-1,
s_008um_00291_00213-1,
s_008um_00662_00604-1,
s_008um_00486_00200-1,
s_008um_00361_00211-1,
s_008um_00238_00396-1,
s_008um_00248_00390-1,
s_008um_00152_00238-1,
s_008um_00576_00617-1,
s_008um_00394_00214-1,
s_008um_00653_00214-1,
s_008um_00605_00621-1,
s_008um_00580_00226-1,
s_008um_00526_00390-1,
s_008um_00220_00383-1,
s_008um_00121_00241-1,
s_008um_00375_00378-1,
s_008um_00138_00238-1,
s_008um_00688_00618-1,
s_008um_00158_00230-1,
s_008um_00539_00211-1,
s_008um_00514_00370-1,
s_008um_00168_00235-1,
s_008um_00359_00371-1,
s_008um_00575_00382-1,
s_008um_00532_00216-1,
s_008um_00586_00388-1,
s_008um_00304_00370-1,
s_008um_00296_00601-1,
s_008um_00324_00610-1,
s_008um_00583_00393-1,
s_008um_00618_00215-1,
s_008um_00491_00381-1,
s_008um_00717_00618-1,
s_008um_00549_00372-1,
s_008um_00167_00408-1,
s_008um_00162_00409-1,
s_008um_00689_00416-1,
s_008um_00570_00619-1,
s_008um_00627_00231-1,
s_008um_00577_00606-1,
s_008um_00584_00203-1,
s_008um_00637_00220-1,
s_008um_00372_00386-1,
s_008um_00480_00380-1,
s_008um_00503_00210-1,
s_008um_00712_00611-1,
s_008um_00226_00385-1,
s_008um_00449_00376-1,
s_008um_00384_00609-1,
s_008um_00470_00216-1,
s_008um_00284_00608-1,
s_008um_00145_00238-1,
s_008um_00369_00611-1,
s_008um_00558_00390-1,
s_008um_00183_00225-1,
s_008um_00695_00614-1,
s_008um_00623_00618-1,
s_008um_00367_00390-1,
s_008um_00178_00407-1,
s_008um_00442_00603-1,
s_008um_00631_00231-1,
s_008um_00697_00413-1,
s_008um_00544_00602-1,
s_008um_00577_00195-1,
s_008um_00666_00225-1,
s_008um_00287_00380-1,
s_008um_00393_00377-1,
s_008um_00635_00595-1,
s_008um_00628_00406-1,
s_008um_00481_00392-1,
s_008um_00352_00608-1,
s_008um_00303_00378-1,
s_008um_00460_00394-1,
s_008um_00615_00200-1,
s_008um_00234_00598-1,
s_008um_00369_00377-1,
s_008um_00690_00409-1,
s_008um_00415_00608-1,
s_008um_00634_00402-1,
s_008um_00226_00396-1,
s_008um_00480_00209-1,
s_008um_00240_00591-1,
s_008um_00390_00605-1,
s_008um_00389_00613-1,
s_008um_00660_00600-1,
s_008um_00693_00411-1,
s_008um_00212_00396-1,
s_008um_00644_00419-1,
s_008um_00618_00226-1,
s_008um_00663_00204-1,
s_008um_00241_00590-1,
s_008um_00512_00596-1,
s_008um_00618_00619-1,
s_008um_00135_00240-1,
s_008um_00191_00398-1,
s_008um_00110_00243-1,
s_008um_00349_00211-1,
s_008um_00138_00233-1,
s_008um_00498_00206-1,
s_008um_00309_00208-1,
s_008um_00402_00217-1,
s_008um_00505_00213-1,
s_008um_00556_00610-1,
s_008um_00326_00604-1,
s_008um_00633_00218-1,
s_008um_00507_00601-1,
s_008um_00541_00603-1,
s_008um_00182_00397-1,
s_008um_00258_00600-1,
s_008um_00537_00599-1,
s_008um_00444_00375-1,
s_008um_00674_00411-1,
s_008um_00618_00624-1,
s_008um_00408_00609-1,
s_008um_00604_00221-1,
s_008um_00636_00207-1,
s_008um_00487_00209-1,
s_008um_00220_00219-1,
s_008um_00689_00613-1,
s_008um_00527_00591-1,
s_008um_00332_00612-1,
s_008um_00113_00227-1,
s_008um_00330_00612-1,
s_008um_00612_00604-1,
s_008um_00530_00394-1,
s_008um_00365_00206-1,
s_008um_00592_00198-1,
s_008um_00229_00596-1,
s_008um_00310_00609-1,
s_008um_00179_00229-1,
s_008um_00428_00379-1,
s_008um_00464_00599-1,
s_008um_00554_00387-1,
s_008um_00611_00604-1,
s_008um_00574_00605-1,
s_008um_00118_00246-1,
s_008um_00237_00216-1,
s_008um_00353_00379-1,
s_008um_00685_00609-1,
s_008um_00193_00223-1,
s_008um_00362_00600-1,
s_008um_00615_00395-1,
s_008um_00217_00383-1,
s_008um_00674_00420-1,
s_008um_00639_00218-1,
s_008um_00194_00229-1,
s_008um_00494_00594-1,
s_008um_00505_00386-1,
s_008um_00625_00404-1,
s_008um_00592_00393-1,
s_008um_00613_00612-1,
s_008um_00403_00390-1,
s_008um_00319_00387-1,
s_008um_00492_00375-1,
s_008um_00532_00207-1,
s_008um_00308_00376-1,
s_008um_00671_00598-1,
s_008um_00593_00380-1,
s_008um_00498_00380-1,
s_008um_00280_00217-1,
s_008um_00647_00418-1,
s_008um_00631_00603-1,
s_008um_00424_00601-1,
s_008um_00655_00219-1,
s_008um_00660_00406-1,
s_008um_00204_00400-1,
s_008um_00502_00605-1,
s_008um_00419_00606-1,
s_008um_00619_00230-1,
s_008um_00406_00375-1,
s_008um_00460_00388-1,
s_008um_00646_00207-1,
s_008um_00285_00382-1,
s_008um_00122_00241-1,
s_008um_00653_00402-1,
s_008um_00575_00200-1,
s_008um_00687_00603-1,
s_008um_00672_00205-1,
s_008um_00350_00391-1,
s_008um_00497_00393-1,
s_008um_00578_00611-1,
s_008um_00186_00399-1,
s_008um_00546_00198-1,
s_008um_00708_00606-1,
s_008um_00256_00607-1,
s_008um_00569_00379-1,
s_008um_00377_00393-1,
s_008um_00300_00371-1,
s_008um_00605_00417-1,
s_008um_00606_00622-1,
s_008um_00543_00194-1,
s_008um_00363_00214-1,
s_008um_00249_00375-1,
s_008um_00388_00389-1,
s_008um_00644_00596-1,
s_008um_00320_00210-1,
s_008um_00640_00212-1,
s_008um_00588_00387-1,
s_008um_00565_00196-1,
s_008um_00675_00220-1,
s_008um_00649_00227-1,
s_008um_00314_00382-1,
s_008um_00567_00205-1,
s_008um_00420_00215-1,CS2
s_008um_00351_00609-1,
s_008um_00703_00203-1,
s_008um_00300_00212-1,
s_008um_00464_00604-1,
s_008um_00357_00386-1,
s_008um_00321_00602-1,
s_008um_00197_00220-1,
s_008um_00160_00245-1,
s_008um_00709_00618-1,
s_008um_00297_00598-1,
s_008um_00291_00214-1,
s_008um_00240_00223-1,
s_008um_00362_00382-1,
s_008um_00250_00392-1,
s_008um_00636_00230-1,
s_008um_00376_00612-1,
s_008um_00451_00211-1,CS2
s_008um_00465_00382-1,
s_008um_00658_00214-1,
s_008um_00251_00607-1,
s_008um_00146_00233-1,
s_008um_00680_00216-1,
s_008um_00433_00218-1,CS2
s_008um_00366_00371-1,
s_008um_00245_00604-1,
s_008um_00630_00399-1,
s_008um_00644_00606-1,
s_008um_00307_00602-1,
s_008um_00554_00603-1,
s_008um_00245_00602-1,
s_008um_00341_00206-1,
s_008um_00236_00221-1,
s_008um_00237_00390-1,
s_008um_00155_00404-1,
s_008um_00443_00386-1,
s_008um_00379_00211-1,
s_008um_00326_00215-1,
s_008um_00542_00196-1,
s_008um_00455_00387-1,
s_008um_00644_00209-1,
s_008um_00309_00390-1,
s_008um_00288_00600-1,
s_008um_00111_00243-1,
s_008um_00421_00394-1,
s_008um_00252_00385-1,
s_008um_00302_00368-1,
s_008um_00552_00614-1,
s_008um_00179_00235-1,
s_008um_00439_00386-1,
s_008um_00168_00408-1,
s_008um_00156_00251-1,
s_008um_00247_00223-1,
s_008um_00541_00213-1,
s_008um_00313_00209-1,
s_008um_00309_00605-1,
s_008um_00618_00396-1,
s_008um_00460_00212-1,CS2
s_008um_00339_00608-1,
s_008um_00651_00595-1,
s_008um_00158_00234-1,
s_008um_00400_00600-1,
s_008um_00568_00614-1,
s_008um_00322_00375-1,
s_008um_00282_00610-1,
s_008um_00558_00378-1,
s_008um_00124_00243-1,
s_008um_00380_00209-1,
s_008um_00539_00375-1,
s_008um_00251_00369-1,
s_008um_00613_00411-1,
s_008um_00382_00215-1,
s_008um_00243_00383-1,
s_008um_00536_00604-1,
s_008um_00342_00376-1,
s_008um_00675_00617-1,
s_008um_00126_00235-1,
s_008um_00647_00624-1,
s_008um_00468_00590-1,
s_008um_00485_00374-1,
s_008um_00602_00391-1,
s_008um_00464_00590-1,
s_008um_00592_00206-1,
s_008um_00285_00214-1,
s_008um_00602_00600-1,
s_008um_00594_00605-1,
s_008um_00361_00368-1,
s_008um_00329_00374-1,
s_008um_00590_00620-1,
s_008um_00464_00605-1,
s_008um_00500_00212-1,
s_008um_00567_00201-1,
s_008um_00621_00396-1,
s_008um_00439_00208-1,CS2
s_008um_00621_00604-1,
s_008um_00298_00386-1,
s_008um_00163_00231-1,
s_008um_00403_00611-1,
s_008um_00468_00597-1,
s_008um_00458_00597-1,
s_008um_00449_00212-1,CS2
s_008um_00219_00212-1,
s_008um_00614_00201-1,
s_008um_00547_00602-1,
s_008um_00386_00381-1,
s_008um_00174_00236-1,
s_008um_00199_00227-1,
s_008um_00493_00593-1,
s_008um_00469_00204-1,
s_008um_00339_00376-1,
s_008um_00172_00408-1,
s_008um_00291_00609-1,
s_008um_00243_00225-1,
s_008um_00468_00598-1,
s_008um_00671_00222-1,
s_008um_00414_00377-1,
s_008um_00623_00408-1,
s_008um_00399_00371-1,
s_008um_00325_00373-1,
s_008um_00548_00601-1,
s_008um_00619_00204-1,
s_008um_00521_00382-1,
s_008um_00653_00410-1,
s_008um_00697_00209-1,
s_008um_00623_00203-1,
s_008um_00362_00376-1,
s_008um_00462_00382-1,
s_008um_00459_00605-1,
s_008um_00709_00609-1,
s_008um_00245_00387-1,
s_008um_00221_00214-1,
s_008um_00132_00228-1,
s_008um_00535_00207-1,
s_008um_00264_00607-1,
s_008um_00248_00371-1,
s_008um_00463_00207-1,
s_008um_00379_00214-1,
s_008um_00238_00588-1,
s_008um_00646_00403-1,
s_008um_00393_00602-1,
s_008um_00524_00600-1,
s_008um_00349_00370-1,
s_008um_00107_00239-1,
s_008um_00645_00410-1,
s_008um_00323_00214-1,
s_008um_00117_00235-1,
s_008um_00557_00208-1,
s_008um_00622_00594-1,
s_008um_00515_00393-1,
s_008um_00165_00234-1,
s_008um_00131_00241-1,
s_008um_00543_00608-1,
s_008um_00554_00214-1,
s_008um_00627_00211-1,
s_008um_00440_00204-1,CS2
s_008um_00461_00391-1,
s_008um_00292_00217-1,
s_008um_00626_00213-1,
s_008um_00597_00391-1,
s_008um_00650_00599-1,
s_008um_00676_00213-1,
s_008um_00250_00216-1,
s_008um_00541_00216-1,
s_008um_00675_00205-1,
s_008um_00419_00217-1,CS2
s_008um_00397_00219-1,
s_008um_00343_00212-1,
s_008um_00632_00407-1,
s_008um_00474_00591-1,
s_008um_00156_00238-1,
s_008um_00218_00380-1,
s_008um_00289_00214-1,
s_008um_00625_00217-1,
s_008um_00705_00207-1,
s_008um_00559_00610-1,
s_008um_00424_00378-1,
s_008um_00507_00377-1,
s_008um_00416_00213-1,
s_008um_00267_00222-1,
s_008um_00183_00401-1,
s_008um_00622_00623-1,
s_008um_00616_00612-1,
s_008um_00190_00229-1,
s_008um_00600_00406-1,
s_008um_00198_00389-1,
s_008um_00651_00605-1,
s_008um_00373_00386-1,
s_008um_00246_00600-1,
s_008um_00623_00606-1,
s_008um_00370_00395-1,
s_008um_00518_00603-1,
s_008um_00478_00213-1,
s_008um_00328_00369-1,
s_008um_00542_00609-1,
s_008um_00475_00597-1,
s_008um_00657_00597-1,
s_008um_00595_00395-1,
s_008um_00410_00384-1,
s_008um_00694_00415-1,
s_008um_00663_00605-1,
s_008um_00633_00210-1,
s_008um_00267_00370-1,
s_008um_00260_00376-1,
s_008um_00615_00598-1,
s_008um_00288_00368-1,
s_008um_00626_00618-1,
s_008um_00219_00218-1,
s_008um_00564_00618-1,
s_008um_00518_00600-1,
s_008um_00427_00212-1,CS2
s_008um_00488_00602-1,
s_008um_00501_00602-1,
s_008um_00146_00238-1,
s_008um_00314_00366-1,
s_008um_00439_00210-1,CS2
s_008um_00641_00223-1,
s_008um_00547_00379-1,
s_008um_00327_00372-1,
s_008um_00619_00198-1,
s_008um_00617_00601-1,
s_008um_00402_00215-1,
s_008um_00673_00408-1,
s_008um_00379_00212-1,
s_008um_00356_00377-1,
s_008um_00613_00410-1,
s_008um_00711_00413-1,
s_008um_00700_00609-1,
s_008um_00210_00399-1,
s_008um_00709_00619-1,
s_008um_00180_00401-1,
s_008um_00318_00390-1,
s_008um_00674_00614-1,
s_008um_00470_00217-1,
s_008um_00289_00382-1,
s_008um_00633_00610-1,
s_008um_00720_00602-1,
s_008um_00660_00204-1,
s_008um_00574_00416-1,
s_008um_00286_00607-1,
s_008um_00703_00206-1,
s_008um_00718_00603-1,
s_008um_00451_00220-1,CS2
s_008um_00648_00218-1,
s_008um_00389_00388-1,
s_008um_00255_00593-1,
s_008um_00526_00606-1,
s_008um_00517_00607-1,
s_008um_00484_00202-1,
s_008um_00633_00230-1,
s_008um_00213_00387-1,
s_008um_00633_00402-1,
s_008um_00296_00384-1,
s_008um_00504_00389-1,
s_008um_00462_00215-1,CS2
s_008um_00595_00201-1,
s_008um_00164_00235-1,
s_008um_00688_00215-1,
s_008um_00666_00226-1,
s_008um_00592_00618-1,
s_008um_00576_00199-1,
s_008um_00688_00610-1,
s_008um_00423_00390-1,
s_008um_00363_00615-1,
s_008um_00390_00215-1,
s_008um_00275_00600-1,
s_008um_00607_00227-1,
s_008um_00655_00228-1,
s_008um_00620_00217-1,
s_008um_00540_00200-1,
s_008um_00207_00389-1,
s_008um_00591_00409-1,
s_008um_00577_00381-1,
s_008um_00169_00231-1,
s_008um_00360_00372-1,
s_008um_00655_00596-1,
s_008um_00572_00195-1,
s_008um_00476_00595-1,
s_008um_00595_00611-1,
s_008um_00268_00220-1,
s_008um_00661_00610-1,
s_008um_00312_00376-1,
s_008um_00321_00206-1,
s_008um_00433_00384-1,
s_008um_00409_00209-1,
s_008um_00563_00378-1,
s_008um_00484_00382-1,
s_008um_00313_00370-1,
s_008um_00638_00611-1,
s_008um_00655_00209-1,
s_008um_00655_00411-1,
s_008um_00523_00214-1,
s_008um_00221_00378-1,
s_008um_00558_00217-1,
s_008um_00293_00610-1,
s_008um_00340_00605-1,
s_008um_00547_00390-1,
s_008um_00516_00199-1,
s_008um_00328_00613-1,
s_008um_00356_00599-1,
s_008um_00252_00599-1,
s_008um_00333_00373-1,
s_008um_00273_00607-1,
s_008um_00405_00391-1,
s_008um_00126_00230-1,
s_008um_00576_00618-1,
s_008um_00534_00392-1,
s_008um_00337_00603-1,
s_008um_00630_00412-1,
s_008um_00578_00388-1,
s_008um_00214_00214-1,
s_008um_00635_00213-1,
s_008um_00566_00382-1,
s_008um_00435_00393-1,
s_008um_00610_00417-1,
s_008um_00492_00383-1,
s_008um_00397_00607-1,
s_008um_00529_00198-1,
s_008um_00604_00205-1,
s_008um_00480_00210-1,
s_008um_00558_00606-1,
s_008um_00648_00615-1,
s_008um_00572_00221-1,
s_008um_00650_00209-1,
s_008um_00643_00419-1,
s_008um_00522_00198-1,
s_008um_00691_00616-1,
s_008um_00699_00611-1,
s_008um_00486_00380-1,
s_008um_00447_00214-1,CS2
s_008um_00626_00610-1,
s_008um_00509_00386-1,
s_008um_00569_00197-1,
s_008um_00280_00382-1,
s_008um_00358_00600-1,
s_008um_00651_00411-1,
s_008um_00600_00382-1,
s_008um_00580_00619-1,
s_008um_00286_00385-1,
s_008um_00642_00214-1,
s_008um_00259_00384-1,
s_008um_00500_00389-1,
s_008um_00531_00604-1,
s_008um_00656_00411-1,
s_008um_00406_00599-1,
s_008um_00286_00212-1,
s_008um_00336_00388-1,
s_008um_00449_00593-1,
s_008um_00546_00375-1,
s_008um_00475_00391-1,
s_008um_00371_00369-1,
s_008um_00654_00413-1,
s_008um_00597_00607-1,
s_008um_00522_00386-1,
s_008um_00176_00227-1,
s_008um_00678_00597-1,
s_008um_00626_00613-1,
s_008um_00553_00378-1,
s_008um_00669_00218-1,
s_008um_00373_00606-1,
s_008um_00565_00617-1,
s_008um_00579_00389-1,
s_008um_00657_00227-1,
s_008um_00350_00383-1,
s_008um_00615_00410-1,
s_008um_00252_00596-1,
s_008um_00541_00386-1,
s_008um_00249_00224-1,
s_008um_00277_00221-1,
s_008um_00717_00421-1,
s_008um_00620_00200-1,
s_008um_00691_00610-1,
s_008um_00503_00380-1,
s_008um_00227_00381-1,
s_008um_00215_00382-1,
s_008um_00574_00377-1,
s_008um_00292_00376-1,
s_008um_00366_00372-1,
s_008um_00303_00374-1,
s_008um_00516_00604-1,
s_008um_00619_00213-1,
s_008um_00291_00378-1,
s_008um_00229_00226-1,
s_008um_00218_00221-1,
s_008um_00344_00372-1,
s_008um_00562_00201-1,
s_008um_00592_00209-1,
s_008um_00338_00211-1,
s_008um_00370_00380-1,
s_008um_00590_00611-1,
s_008um_00370_00387-1,
s_008um_00413_00218-1,
s_008um_00249_00382-1,
s_008um_00217_00382-1,
s_008um_00581_00388-1,
s_008um_00491_00216-1,
s_008um_00244_00594-1,
s_008um_00657_00400-1,
s_008um_00715_00616-1,
s_008um_00646_00412-1,
s_008um_00488_00589-1,
s_008um_00389_00379-1,
s_008um_00230_00224-1,
s_008um_00680_00597-1,
s_008um_00388_00605-1,
s_008um_00190_00224-1,
s_008um_00335_00374-1,
s_008um_00507_00597-1,
s_008um_00522_00379-1,
s_008um_00608_00204-1,
s_008um_00651_00220-1,
s_008um_00615_00416-1,
s_008um_00157_00246-1,
s_008um_00286_00609-1,
s_008um_00413_00388-1,
s_008um_00306_00604-1,
s_008um_00658_00420-1,
s_008um_00402_00391-1,
s_008um_00395_00388-1,
s_008um_00635_00230-1,
s_008um_00610_00623-1,
s_008um_00573_00193-1,
s_008um_00682_00598-1,
s_008um_00139_00237-1,
s_008um_00573_00203-1,
s_008um_00213_00399-1,
s_008um_00420_00388-1,
s_008um_00207_00228-1,
s_008um_00617_00406-1,
s_008um_00354_00387-1,
s_008um_00674_00205-1,
s_008um_00414_00214-1,
s_008um_00619_00393-1,
s_008um_00528_00200-1,
s_008um_00617_00217-1,
s_008um_00348_00376-1,
s_008um_00204_00392-1,
s_008um_00322_00211-1,
s_008um_00364_00384-1,
s_008um_00633_00615-1,
s_008um_00410_00389-1,
s_008um_00622_00402-1,
s_008um_00260_00371-1,
s_008um_00274_00378-1,
s_008um_00606_00226-1,
s_008um_00510_00210-1,
s_008um_00188_00224-1,
s_008um_00201_00390-1,
s_008um_00158_00240-1,
s_008um_00349_00375-1,
s_008um_00590_00219-1,
s_008um_00666_00204-1,
s_008um_00323_00210-1,
s_008um_00267_00380-1,
s_008um_00299_00388-1,
s_008um_00384_00387-1,
s_008um_00601_00210-1,
s_008um_00227_00218-1,
s_008um_00508_00596-1,
s_008um_00293_00598-1,
s_008um_00439_00387-1,
s_008um_00426_00380-1,
s_008um_00596_00390-1,
s_008um_00570_00389-1,
s_008um_00305_00384-1,
s_008um_00154_00229-1,
s_008um_00662_00408-1,
s_008um_00544_00378-1,
s_008um_00587_00606-1,
s_008um_00556_00205-1,
s_008um_00605_00607-1,
s_008um_00315_00389-1,
s_008um_00304_00391-1,
s_008um_00243_00375-1,
s_008um_00393_00610-1,
s_008um_00569_00214-1,
s_008um_00561_00387-1,
s_008um_00333_00372-1,
s_008um_00425_00209-1,CS2
s_008um_00481_00388-1,
s_008um_00128_00245-1,
s_008um_00440_00208-1,CS2
s_008um_00615_00619-1,
s_008um_00236_00385-1,
s_008um_00185_00228-1,
s_008um_00222_00396-1,
s_008um_00174_00403-1,
s_008um_00277_00372-1,
s_008um_00432_00212-1,CS2
s_008um_00408_00380-1,
s_008um_00610_00213-1,
s_008um_00401_00216-1,
s_008um_00523_00196-1,
s_008um_00459_00218-1,CS2
s_008um_00399_00391-1,
s_008um_00614_00613-1,
s_008um_00367_00614-1,
s_008um_00444_00202-1,
s_008um_00618_00203-1,
s_008um_00460_00376-1,
s_008um_00561_00616-1,
s_008um_00332_00605-1,
s_008um_00287_00374-1,
s_008um_00446_00220-1,CS2
s_008um_00711_00609-1,
s_008um_00546_00214-1,
s_008um_00659_00414-1,
s_008um_00390_00386-1,
s_008um_00254_00389-1,
s_008um_00488_00593-1,
s_008um_00196_00217-1,
s_008um_00655_00202-1,
s_008um_00344_00609-1,
s_008um_00297_00382-1,
s_008um_00698_00413-1,
s_008um_00710_00415-1,
s_008um_00165_00235-1,
s_008um_00591_00215-1,
s_008um_00466_00596-1,
s_008um_00704_00203-1,
s_008um_00615_00207-1,
s_008um_00249_00391-1,
s_008um_00605_00211-1,
s_008um_00679_00413-1,
s_008um_00383_00371-1,
s_008um_00632_00405-1,
s_008um_00187_00403-1,
s_008um_00660_00607-1,
s_008um_00308_00388-1,
s_008um_00239_00375-1,
s_008um_00559_00373-1,
s_008um_00601_00200-1,
s_008um_00627_00198-1,
s_008um_00484_00595-1,
s_008um_00707_00422-1,
s_008um_00113_00226-1,
s_008um_00363_00387-1,
s_008um_00223_00396-1,
s_008um_00646_00405-1,
s_008um_00342_00377-1,
s_008um_00378_00390-1,
s_008um_00187_00230-1,
s_008um_00282_00604-1,
s_008um_00505_00393-1,
s_008um_00655_00607-1,
s_008um_00485_00595-1,
s_008um_00706_00603-1,
s_008um_00440_00383-1,
s_008um_00409_00602-1,
s_008um_00634_00224-1,
s_008um_00300_00366-1,
s_008um_00597_00205-1,
s_008um_00384_00382-1,
s_008um_00296_00377-1,
s_008um_00697_00423-1,
s_008um_00489_00204-1,
s_008um_00539_00369-1,
s_008um_00628_00208-1,
s_008um_00503_00592-1,
s_008um_00546_00197-1,
s_008um_00595_00195-1,
s_008um_00227_00380-1,
s_008um_00211_00219-1,
s_008um_00241_00594-1,
s_008um_00381_00606-1,
s_008um_00396_00603-1,
s_008um_00381_00378-1,
s_008um_00453_00219-1,CS2
s_008um_00612_00599-1,
s_008um_00502_00382-1,
s_008um_00584_00600-1,
s_008um_00712_00604-1,
s_008um_00415_00217-1,
s_008um_00634_00211-1,
s_008um_00437_00384-1,
s_008um_00261_00222-1,
s_008um_00552_00204-1,
s_008um_00246_00217-1,
s_008um_00384_00391-1,
s_008um_00135_00228-1,
s_008um_00599_00620-1,
s_008um_00198_00398-1,
s_008um_00418_00387-1,
s_008um_00295_00377-1,
s_008um_00686_00213-1,
s_008um_00320_00601-1,
s_008um_00252_00374-1,
s_008um_00595_00383-1,
s_008um_00523_00605-1,
s_008um_00480_00595-1,
s_008um_00527_00384-1,
s_008um_00606_00217-1,
s_008um_00242_00224-1,
s_008um_00446_00600-1,
s_008um_00315_00370-1,
s_008um_00533_00595-1,
s_008um_00494_00394-1,
s_008um_00407_00608-1,
s_008um_00629_00616-1,
s_008um_00623_00394-1,
s_008um_00224_00389-1,
s_008um_00536_00374-1,
s_008um_00647_00214-1,
s_008um_00651_00217-1,
s_008um_00716_00617-1,
s_008um_00321_00384-1,
s_008um_00571_00219-1,
s_008um_00390_00385-1,
s_008um_00350_00605-1,
s_008um_00302_00209-1,
s_008um_00616_00415-1,
s_008um_00603_00611-1,
s_008um_00600_00211-1,
s_008um_00571_00192-1,
s_008um_00620_00403-1,
s_008um_00237_00385-1,
s_008um_00648_00208-1,
s_008um_00548_00375-1,
s_008um_00582_00390-1,
s_008um_00601_00621-1,
s_008um_00259_00382-1,
s_008um_00614_00605-1,
s_008um_00376_00606-1,
s_008um_00254_00221-1,
s_008um_00452_00384-1,
s_008um_00368_00212-1,
s_008um_00579_00203-1,
s_008um_00370_00614-1,
s_008um_00669_00618-1,
s_008um_00605_00213-1,
s_008um_00432_00375-1,
s_008um_00274_00380-1,
s_008um_00614_00408-1,
s_008um_00365_00389-1,
s_008um_00677_00616-1,
s_008um_00226_00593-1,
s_008um_00283_00609-1,
s_008um_00385_00382-1,
s_008um_00604_00623-1,
s_008um_00387_00374-1,
s_008um_00277_00602-1,
s_008um_00646_00224-1,
s_008um_00566_00381-1,
s_008um_00592_00607-1,
s_008um_00666_00608-1,
s_008um_00560_00373-1,
s_008um_00313_00214-1,
s_008um_00716_00620-1,
s_008um_00373_00385-1,
s_008um_00221_00215-1,
s_008um_00633_00401-1,
s_008um_00580_00193-1,
s_008um_00323_00386-1,
s_008um_00267_00606-1,
s_008um_00489_00215-1,
s_008um_00358_00381-1,
s_008um_00211_00386-1,
s_008um_00231_00590-1,
s_008um_00653_00403-1,
s_008um_00158_00237-1,
s_008um_00177_00234-1,
s_008um_00317_00391-1,
s_008um_00518_00386-1,
s_008um_00606_00207-1,
s_008um_00437_00220-1,CS2
s_008um_00543_00613-1,
s_008um_00538_00218-1,
s_008um_00468_00600-1,
s_008um_00503_00386-1,
s_008um_00516_00600-1,
s_008um_00586_00381-1,
s_008um_00662_00618-1,
s_008um_00347_00615-1,
s_008um_00394_00603-1,
s_008um_00128_00249-1,
s_008um_00561_00197-1,
s_008um_00341_00387-1,
s_008um_00125_00238-1,
s_008um_00412_00388-1,
s_008um_00456_00594-1,
s_008um_00206_00390-1,
s_008um_00636_00616-1,
s_008um_00520_00213-1,
s_008um_00162_00239-1,
s_008um_00295_00213-1,
s_008um_00646_00221-1,
s_008um_00424_00604-1,
s_008um_00362_00378-1,
s_008um_00466_00604-1,
s_008um_00709_00413-1,
s_008um_00587_00221-1,
s_008um_00422_00389-1,
s_008um_00598_00216-1,
s_008um_00419_00391-1,
s_008um_00634_00191-1,
s_008um_00655_00216-1,
s_008um_00319_00611-1,
s_008um_00156_00231-1,
s_008um_00542_00210-1,
s_008um_00685_00418-1,
s_008um_00650_00403-1,
s_008um_00652_00597-1,
s_008um_00407_00371-1,
s_008um_00546_00602-1,
s_008um_00404_00598-1,
s_008um_00653_00594-1,
s_008um_00522_00393-1,
s_008um_00335_00602-1,
s_008um_00412_00209-1,
s_008um_00263_00216-1,
s_008um_00390_00369-1,
s_008um_00532_00391-1,
s_008um_00586_00202-1,
s_008um_00620_00611-1,
s_008um_00703_00602-1,
s_008um_00564_00210-1,
s_008um_00631_00196-1,
s_008um_00649_00621-1,
s_008um_00245_00595-1,
s_008um_00514_00214-1,
s_008um_00359_00608-1,
s_008um_00645_00230-1,
s_008um_00691_00420-1,
s_008um_00488_00375-1,
s_008um_00661_00221-1,
s_008um_00435_00602-1,
s_008um_00394_00386-1,
s_008um_00322_00600-1,
s_008um_00594_00217-1,
s_008um_00369_00383-1,
s_008um_00199_00224-1,
s_008um_00637_00212-1,
s_008um_00637_00219-1,
s_008um_00572_00194-1,
s_008um_00209_00222-1,
s_008um_00648_00411-1,
s_008um_00468_00589-1,
s_008um_00600_00394-1,
s_008um_00597_00202-1,
s_008um_00127_00251-1,
s_008um_00158_00239-1,
s_008um_00358_00209-1,
s_008um_00451_00600-1,
s_008um_00624_00616-1,
s_008um_00635_00613-1,
s_008um_00476_00218-1,
s_008um_00401_00375-1,
s_008um_00718_00602-1,
s_008um_00668_00411-1,
s_008um_00600_00223-1,
s_008um_00379_00394-1,
s_008um_00545_00604-1,
s_008um_00286_00213-1,
s_008um_00376_00390-1,
s_008um_00317_00388-1,
s_008um_00324_00378-1,
s_008um_00359_00599-1,
s_008um_00601_00618-1,
s_008um_00556_00203-1,
s_008um_00689_00420-1,
s_008um_00228_00226-1,
s_008um_00542_00373-1,
s_008um_00578_00377-1,
s_008um_00654_00209-1,
s_008um_00133_00229-1,
s_008um_00542_00605-1,
s_008um_00359_00613-1,
s_008um_00502_00379-1,
s_008um_00652_00218-1,
s_008um_00194_00400-1,
s_008um_00417_00600-1,
s_008um_00318_00215-1,
s_008um_00169_00241-1,
s_008um_00284_00375-1,
s_008um_00416_00209-1,
s_008um_00301_00598-1,
s_008um_00336_00375-1,
s_008um_00141_00230-1,
s_008um_00477_00589-1,
s_008um_00531_00598-1,
s_008um_00325_00598-1,
s_008um_00226_00394-1,
s_008um_00588_00207-1,
s_008um_00626_00409-1,
s_008um_00339_00385-1,
s_008um_00189_00392-1,
s_008um_00365_00609-1,
s_008um_00398_00216-1,
s_008um_00514_00210-1,
s_008um_00625_00597-1,
s_008um_00579_00608-1,
s_008um_00502_00588-1,
s_008um_00273_00379-1,
s_008um_00408_00210-1,
s_008um_00247_00604-1,
s_008um_00366_00601-1,
s_008um_00512_00208-1,
s_008um_00310_00369-1,
s_008um_00371_00611-1,
s_008um_00336_00612-1,
s_008um_00489_00602-1,
s_008um_00412_00372-1,
s_008um_00574_00212-1,
s_008um_00642_00235-1,
s_008um_00658_00595-1,
s_008um_00362_00205-1,
s_008um_00609_00622-1,
s_008um_00650_00229-1,
s_008um_00622_00212-1,
s_008um_00677_00614-1,
s_008um_00643_00416-1,
s_008um_00526_00389-1,
s_008um_00599_00220-1,
s_008um_00420_00390-1,
s_008um_00477_00374-1,
s_008um_00451_00390-1,
s_008um_00180_00235-1,
s_008um_00459_00604-1,
s_008um_00660_00599-1,
s_008um_00505_00374-1,
s_008um_00345_00614-1,
s_008um_00386_00613-1,
s_008um_00354_00390-1,
s_008um_00599_00215-1,
s_008um_00414_00600-1,
s_008um_00677_00206-1,
s_008um_00186_00403-1,
s_008um_00466_00218-1,
s_008um_00130_00235-1,
s_008um_00710_00617-1,
s_008um_00234_00591-1,
s_008um_00204_00397-1,
s_008um_00341_00373-1,
s_008um_00393_00607-1,
s_008um_00479_00591-1,
s_008um_00680_00614-1,
s_008um_00505_00373-1,
s_008um_00311_00377-1,
s_008um_00666_00613-1,
s_008um_00318_00604-1,
s_008um_00592_00383-1,
s_008um_00291_00384-1,
s_008um_00443_00390-1,
s_008um_00193_00226-1,
s_008um_00140_00236-1,
s_008um_00599_00194-1,
s_008um_00663_00615-1,
s_008um_00415_00209-1,
s_008um_00597_00618-1,
s_008um_00584_00607-1,
s_008um_00605_00604-1,
s_008um_00493_00602-1,
s_008um_00635_00608-1,
s_008um_00393_00611-1,
s_008um_00377_00387-1,
s_008um_00319_00391-1,
s_008um_00582_00606-1,
s_008um_00608_00417-1,
s_008um_00519_00205-1,
s_008um_00481_00393-1,
s_008um_00590_00599-1,
s_008um_00240_00375-1,
s_008um_00375_00602-1,
s_008um_00708_00615-1,
s_008um_00336_00610-1,
s_008um_00657_00220-1,
s_008um_00427_00604-1,
s_008um_00263_00379-1,
s_008um_00267_00224-1,
s_008um_00139_00242-1,
s_008um_00252_00216-1,
s_008um_00670_00411-1,
s_008um_00403_00371-1,
s_008um_00133_00236-1,
s_008um_00415_00210-1,
s_008um_00448_00213-1,CS2
s_008um_00590_00214-1,
s_008um_00244_00598-1,
s_008um_00296_00606-1,
s_008um_00352_00368-1,
s_008um_00585_00390-1,
s_008um_00704_00619-1,
s_008um_00473_00386-1,
s_008um_00162_00228-1,
s_008um_00377_00607-1,
s_008um_00484_00599-1,
s_008um_00557_00376-1,
s_008um_00539_00392-1,
s_008um_00561_00606-1,
s_008um_00215_00399-1,
s_008um_00709_00614-1,
s_008um_00580_00392-1,
s_008um_00289_00219-1,
s_008um_00610_00218-1,
s_008um_00274_00386-1,
s_008um_00185_00407-1,
s_008um_00235_00588-1,
s_008um_00482_00207-1,
s_008um_00197_00235-1,
s_008um_00284_00220-1,
s_008um_00361_00603-1,
s_008um_00585_00198-1,
s_008um_00309_00376-1,
s_008um_00616_00609-1,
s_008um_00272_00599-1,
s_008um_00558_00384-1,
s_008um_00706_00618-1,
s_008um_00246_00382-1,
s_008um_00408_00602-1,
s_008um_00706_00412-1,
s_008um_00544_00370-1,
s_008um_00634_00410-1,
s_008um_00499_00593-1,
s_008um_00364_00388-1,
s_008um_00213_00385-1,
s_008um_00420_00376-1,
s_008um_00232_00218-1,
s_008um_00343_00605-1,
s_008um_00538_00594-1,
s_008um_00701_00600-1,
s_008um_00533_00385-1,
s_008um_00532_00215-1,
s_008um_00343_00597-1,
s_008um_00597_00192-1,
s_008um_00400_00598-1,
s_008um_00569_00610-1,
s_008um_00379_00613-1,
s_008um_00228_00224-1,
s_008um_00650_00417-1,
s_008um_00549_00200-1,
s_008um_00556_00215-1,
s_008um_00342_00388-1,
s_008um_00235_00381-1,
s_008um_00625_00228-1,
s_008um_00426_00214-1,CS2
s_008um_00226_00383-1,
s_008um_00695_00615-1,
s_008um_00229_00225-1,
s_008um_00395_00212-1,
s_008um_00374_00388-1,
s_008um_00631_00209-1,
s_008um_00565_00197-1,
s_008um_00455_00604-1,
s_008um_00348_00600-1,
s_008um_00223_00382-1,
s_008um_00701_00412-1,
s_008um_00555_00204-1,
s_008um_00632_00614-1,
s_008um_00294_00375-1,
s_008um_00669_00225-1,
s_008um_00448_00383-1,
s_008um_00660_00216-1,
s_008um_00629_00197-1,
s_008um_00541_00198-1,
s_008um_00350_00609-1,
s_008um_00565_00386-1,
s_008um_00246_00218-1,
s_008um_00643_00226-1,
s_008um_00694_00410-1,
s_008um_00368_00603-1,
s_008um_00287_00610-1,
s_008um_00344_00599-1,
s_008um_00542_00371-1,
s_008um_00528_00213-1,
s_008um_00682_00597-1,
s_008um_00646_00416-1,
s_008um_00128_00242-1,
s_008um_00582_00417-1,
s_008um_00521_00214-1,
s_008um_00640_00400-1,
s_008um_00272_00602-1,
s_008um_00441_00214-1,CS2
s_008um_00697_00605-1,
s_008um_00693_00607-1,
s_008um_00387_00609-1,
s_008um_00389_00612-1,
s_008um_00444_00604-1,
s_008um_00612_00602-1,
s_008um_00532_00196-1,
s_008um_00342_00378-1,
s_008um_00202_00221-1,
s_008um_00478_00207-1,
s_008um_00679_00617-1,
s_008um_00183_00404-1,
s_008um_00675_00209-1,
s_008um_00500_00379-1,
s_008um_00249_00222-1,
s_008um_00653_00221-1,
s_008um_00585_00220-1,
s_008um_00312_00373-1,
s_008um_00244_00605-1,
s_008um_00502_00207-1,
s_008um_00325_00367-1,
s_008um_00646_00599-1,
s_008um_00182_00223-1,
s_008um_00264_00213-1,
s_008um_00683_00620-1,
s_008um_00287_00599-1,
s_008um_00301_00604-1,
s_008um_00172_00405-1,
s_008um_00568_00211-1,
s_008um_00170_00242-1,
s_008um_00650_00226-1,
s_008um_00716_00418-1,
s_008um_00589_00601-1,
s_008um_00164_00402-1,
s_008um_00533_00392-1,
s_008um_00622_00624-1,
s_008um_00290_00367-1,
s_008um_00428_00392-1,
s_008um_00113_00238-1,
s_008um_00704_00596-1,
s_008um_00666_00620-1,
s_008um_00374_00613-1,
s_008um_00547_00388-1,
s_008um_00686_00216-1,
s_008um_00213_00218-1,
s_008um_00522_00208-1,
s_008um_00566_00194-1,
s_008um_00658_00412-1,
s_008um_00218_00217-1,
s_008um_00562_00613-1,
s_008um_00597_00600-1,
s_008um_00237_00386-1,
s_008um_00401_00385-1,
s_008um_00463_00601-1,
s_008um_00284_00601-1,
s_008um_00314_00379-1,
s_008um_00508_00212-1,
s_008um_00647_00603-1,
s_008um_00467_00600-1,
s_008um_00580_00202-1,
s_008um_00496_00376-1,
s_008um_00560_00388-1,
s_008um_00213_00392-1,
s_008um_00497_00597-1,
s_008um_00666_00418-1,
s_008um_00695_00604-1,
s_008um_00583_00617-1,
s_008um_00285_00215-1,
s_008um_00588_00409-1,
s_008um_00191_00220-1,
s_008um_00600_00227-1,
s_008um_00485_00204-1,
s_008um_00352_00209-1,
s_008um_00112_00226-1,
s_008um_00385_00609-1,
s_008um_00605_00414-1,
s_008um_00334_00382-1,
s_008um_00393_00369-1,
s_008um_00162_00403-1,
s_008um_00714_00618-1,
s_008um_00597_00409-1,
s_008um_00296_00211-1,
s_008um_00417_00384-1,
s_008um_00648_00228-1,
s_008um_00456_00602-1,
s_008um_00298_00598-1,
s_008um_00268_00603-1,
s_008um_00299_00386-1,
s_008um_00530_00204-1,
s_008um_00290_00370-1,
s_008um_00406_00219-1,
s_008um_00708_00613-1,
s_008um_00462_00603-1,
s_008um_00575_00385-1,
s_008um_00598_00218-1,
s_008um_00252_00375-1,
s_008um_00592_00409-1,
s_008um_00379_00612-1,
s_008um_00672_00413-1,
s_008um_00408_00392-1,
s_008um_00537_00390-1,
s_008um_00527_00610-1,
s_008um_00155_00407-1,
s_008um_00466_00378-1,
s_008um_00600_00600-1,
s_008um_00618_00601-1,
s_008um_00647_00613-1,
s_008um_00367_00371-1,
s_008um_00474_00391-1,
s_008um_00473_00376-1,
s_008um_00527_00594-1,
s_008um_00358_00384-1,
s_008um_00259_00389-1,
s_008um_00550_00604-1,
s_008um_00664_00406-1,
s_008um_00625_00414-1,
s_008um_00242_00602-1,
s_008um_00485_00391-1,
s_008um_00480_00204-1,
s_008um_00607_00413-1,
s_008um_00495_00201-1,
s_008um_00198_00228-1,
s_008um_00594_00616-1,
s_008um_00695_00410-1,
s_008um_00128_00244-1,
s_008um_00251_00381-1,
s_008um_00683_00618-1,
s_008um_00496_00588-1,
s_008um_00317_00213-1,
s_008um_00426_00598-1,
s_008um_00584_00380-1,
s_008um_00657_00415-1,
s_008um_00320_00600-1,
s_008um_00178_00238-1,
s_008um_00417_00382-1,
s_008um_00550_00217-1,
s_008um_00381_00377-1,
s_008um_00157_00228-1,
s_008um_00305_00389-1,
s_008um_00602_00195-1,
s_008um_00483_00589-1,
s_008um_00271_00375-1,
s_008um_00664_00207-1,
s_008um_00402_00389-1,
s_008um_00385_00376-1,
s_008um_00535_00370-1,
s_008um_00558_00201-1,
s_008um_00411_00213-1,
s_008um_00424_00597-1,
s_008um_00574_00387-1,
s_008um_00234_00381-1,
s_008um_00515_00602-1,
s_008um_00550_00218-1,
s_008um_00473_00205-1,
s_008um_00648_00227-1,
s_008um_00654_00408-1,
s_008um_00439_00206-1,CS2
s_008um_00629_00203-1,
s_008um_00658_00409-1,
s_008um_00594_00201-1,
s_008um_00491_00202-1,
s_008um_00264_00376-1,
s_008um_00257_00389-1,
s_008um_00364_00368-1,
s_008um_00553_00215-1,
s_008um_00489_00212-1,
s_008um_00545_00606-1,
s_008um_00532_00596-1,
s_008um_00248_00381-1,
s_008um_00282_00387-1,
s_008um_00445_00382-1,
s_008um_00479_00380-1,
s_008um_00665_00229-1,
s_008um_00225_00383-1,
s_008um_00501_00390-1,
s_008um_00274_00213-1,
s_008um_00696_00411-1,
s_008um_00669_00203-1,
s_008um_00232_00586-1,
s_008um_00656_00219-1,
s_008um_00532_00605-1,
s_008um_00605_00407-1,
s_008um_00458_00602-1,
s_008um_00314_00613-1,
s_008um_00285_00608-1,
s_008um_00593_00599-1,
s_008um_00211_00220-1,
s_008um_00670_00222-1,
s_008um_00590_00212-1,
s_008um_00549_00598-1,
s_008um_00245_00382-1,
s_008um_00408_00217-1,
s_008um_00475_00393-1,
s_008um_00681_00206-1,
s_008um_00271_00385-1,
s_008um_00654_00403-1,
s_008um_00381_00600-1,
s_008um_00570_00612-1,
s_008um_00540_00394-1,
s_008um_00533_00610-1,
s_008um_00257_00604-1,
s_008um_00304_00384-1,
s_008um_00317_00380-1,
s_008um_00185_00235-1,
s_008um_00426_00211-1,CS2
s_008um_00491_00601-1,
s_008um_00606_00402-1,
s_008um_00265_00373-1,
s_008um_00235_00398-1,
s_008um_00534_00375-1,
s_008um_00597_00606-1,
s_008um_00612_00201-1,
s_008um_00473_00378-1,
s_008um_00562_00215-1,
s_008um_00338_00376-1,
s_008um_00322_00597-1,
s_008um_00700_00612-1,
s_008um_00636_00214-1,
s_008um_00612_00616-1,
s_008um_00474_00215-1,
s_008um_00236_00604-1,
s_008um_00632_00202-1,
s_008um_00120_00227-1,
s_008um_00318_00380-1,
s_008um_00571_00603-1,
s_008um_00475_00602-1,
s_008um_00668_00220-1,
s_008um_00456_00219-1,CS2
s_008um_00530_00593-1,
s_008um_00305_00370-1,
s_008um_00715_00606-1,
s_008um_00382_00211-1,
s_008um_00371_00383-1,
s_008um_00560_00387-1,
s_008um_00598_00202-1,
s_008um_00706_00611-1,
s_008um_00397_00210-1,
s_008um_00692_00210-1,
s_008um_00371_00607-1,
s_008um_00196_00238-1,
s_008um_00676_00609-1,
s_008um_00586_00414-1,
s_008um_00204_00217-1,
s_008um_00415_00219-1,
s_008um_00191_00402-1,
s_008um_00386_00374-1,
s_008um_00625_00622-1,
s_008um_00687_00618-1,
s_008um_00313_00387-1,
s_008um_00578_00601-1,
s_008um_00641_00400-1,
s_008um_00501_00391-1,
s_008um_00162_00406-1,
s_008um_00187_00399-1,
s_008um_00583_00195-1,
s_008um_00627_00205-1,
s_008um_00613_00623-1,
s_008um_00224_00397-1,
s_008um_00154_00238-1,
s_008um_00112_00233-1,
s_008um_00528_00597-1,
s_008um_00620_00404-1,
s_008um_00570_00386-1,
s_008um_00517_00589-1,
s_008um_00443_00201-1,
s_008um_00402_00381-1,
s_008um_00557_00207-1,
s_008um_00548_00610-1,
s_008um_00311_00598-1,
s_008um_00230_00395-1,
s_008um_00700_00605-1,
s_008um_00448_00390-1,
s_008um_00312_00214-1,
s_008um_00693_00619-1,
s_008um_00594_00407-1,
s_008um_00692_00411-1,
s_008um_00443_00379-1,
s_008um_00586_00389-1,
s_008um_00656_00201-1,
s_008um_00621_00611-1,
s_008um_00534_00368-1,
s_008um_00381_00614-1,
s_008um_00589_00194-1,
s_008um_00377_00606-1,
s_008um_00272_00222-1,
s_008um_00316_00378-1,
s_008um_00574_00193-1,
s_008um_00238_00385-1,
s_008um_00545_00607-1,
s_008um_00121_00244-1,
s_008um_00364_00598-1,
s_008um_00353_00375-1,
s_008um_00415_00382-1,
s_008um_00669_00599-1,
s_008um_00376_00395-1,
s_008um_00367_00603-1,
s_008um_00112_00241-1,
s_008um_00463_00589-1,
s_008um_00384_00372-1,
s_008um_00339_00601-1,
s_008um_00697_00604-1,
s_008um_00392_00213-1,
s_008um_00714_00613-1,
s_008um_00557_00385-1,
s_008um_00611_00617-1,
s_008um_00622_00596-1,
s_008um_00339_00206-1,
s_008um_00715_00417-1,
s_008um_00620_00601-1,
s_008um_00546_00593-1,
s_008um_00621_00391-1,
s_008um_00424_00606-1,
s_008um_00251_00224-1,
s_008um_00302_00383-1,
s_008um_00550_00202-1,
s_008um_00408_00219-1,
s_008um_00347_00599-1,
s_008um_00403_00378-1,
s_008um_00471_00213-1,
s_008um_00647_00616-1,
s_008um_00408_00377-1,
s_008um_00596_00601-1,
s_008um_00204_00393-1,
s_008um_00436_00593-1,
s_008um_00629_00397-1,
s_008um_00199_00398-1,
s_008um_00481_00212-1,
s_008um_00161_00232-1,
s_008um_00382_00210-1,
s_008um_00692_00612-1,
s_008um_00517_00200-1,
s_008um_00244_00373-1,
s_008um_00558_00601-1,
s_008um_00229_00218-1,
s_008um_00138_00231-1,
s_008um_00505_00597-1,
s_008um_00707_00211-1,
s_008um_00529_00599-1,
s_008um_00591_00222-1,
s_008um_00199_00235-1,
s_008um_00328_00609-1,
s_008um_00664_00612-1,
s_008um_00357_00605-1,
s_008um_00364_00377-1,
s_008um_00226_00217-1,
s_008um_00125_00251-1,
s_008um_00263_00609-1,
s_008um_00402_00211-1,
s_008um_00531_00609-1,
s_008um_00516_00378-1,
s_008um_00266_00600-1,
s_008um_00404_00383-1,
s_008um_00109_00238-1,
s_008um_00526_00217-1,
s_008um_00334_00601-1,
s_008um_00393_00604-1,
s_008um_00660_00224-1,
s_008um_00379_00372-1,
s_008um_00547_00369-1,
s_008um_00548_00599-1,
s_008um_00497_00392-1,
s_008um_00512_00587-1,
s_008um_00465_00218-1,
s_008um_00684_00411-1,
s_008um_00640_00607-1,
s_008um_00291_00382-1,
s_008um_00431_00595-1,
s_008um_00607_00225-1,
s_008um_00676_00600-1,
s_008um_00653_00226-1,
s_008um_00196_00403-1,
s_008um_00258_00383-1,
s_008um_00620_00220-1,
s_008um_00364_00382-1,
s_008um_00450_00382-1,
s_008um_00631_00195-1,
s_008um_00645_00405-1,
s_008um_00237_00220-1,
s_008um_00327_00603-1,
s_008um_00143_00231-1,
s_008um_00534_00592-1,
s_008um_00338_00213-1,
s_008um_00225_00216-1,
s_008um_00470_00604-1,
s_008um_00417_00391-1,
s_008um_00325_00597-1,
s_008um_00642_00220-1,
s_008um_00361_00392-1,
s_008um_00473_00395-1,
s_008um_00458_00375-1,
s_008um_00115_00241-1,
s_008um_00637_00609-1,
s_008um_00566_00390-1,
s_008um_00556_00209-1,
s_008um_00581_00203-1,
s_008um_00248_00594-1,
s_008um_00674_00597-1,
s_008um_00516_00388-1,
s_008um_00149_00241-1,
s_008um_00325_00209-1,
s_008um_00516_00201-1,
s_008um_00540_00383-1,
s_008um_00623_00395-1,
s_008um_00554_00386-1,
s_008um_00490_00379-1,
s_008um_00384_00373-1,
s_008um_00129_00232-1,
s_008um_00392_00613-1,
s_008um_00517_00605-1,
s_008um_00572_00208-1,
s_008um_00596_00393-1,
s_008um_00527_00370-1,
s_008um_00603_00208-1,
s_008um_00587_00386-1,
s_008um_00507_00373-1,
s_008um_00242_00394-1,
s_008um_00602_00390-1,
s_008um_00513_00393-1,
s_008um_00354_00615-1,
s_008um_00328_00372-1,
s_008um_00648_00599-1,
s_008um_00190_00398-1,
s_008um_00660_00223-1,
s_008um_00623_00620-1,
s_008um_00193_00397-1,
s_008um_00471_00592-1,
s_008um_00677_00410-1,
s_008um_00269_00379-1,
s_008um_00613_00597-1,
s_008um_00114_00239-1,
s_008um_00523_00380-1,
s_008um_00504_00378-1,
s_008um_00344_00604-1,
s_008um_00382_00392-1,
s_008um_00434_00601-1,
s_008um_00306_00600-1,
s_008um_00356_00614-1,
s_008um_00515_00387-1,
s_008um_00534_00382-1,
s_008um_00492_00214-1,
s_008um_00275_00219-1,
s_008um_00481_00382-1,
s_008um_00665_00604-1,
s_008um_00276_00212-1,
s_008um_00339_00599-1,
s_008um_00428_00383-1,
s_008um_00616_00393-1,
s_008um_00551_00193-1,
s_008um_00114_00228-1,
s_008um_00471_00219-1,
s_008um_00638_00415-1,
s_008um_00708_00602-1,
s_008um_00374_00372-1,
s_008um_00148_00230-1,
s_008um_00528_00390-1,
s_008um_00586_00416-1,
s_008um_00243_00599-1,
s_008um_00486_00213-1,
s_008um_00603_00393-1,
s_008um_00685_00615-1,
s_008um_00582_00223-1,
s_008um_00607_00209-1,
s_008um_00659_00224-1,
s_008um_00673_00619-1,
s_008um_00344_00382-1,
s_008um_00256_00369-1,
s_008um_00269_00221-1,
s_008um_00641_00610-1,
s_008um_00392_00210-1,
s_008um_00700_00597-1,
s_008um_00410_00218-1,
s_008um_00518_00590-1,
s_008um_00631_00189-1,
s_008um_00287_00213-1,
s_008um_00151_00238-1,
s_008um_00594_00602-1,
s_008um_00437_00595-1,
s_008um_00402_00379-1,
s_008um_00444_00598-1,
s_008um_00562_00377-1,
s_008um_00667_00208-1,
s_008um_00404_00370-1,
s_008um_00367_00215-1,
s_008um_00452_00388-1,
s_008um_00473_00214-1,
s_008um_00672_00417-1,
s_008um_00269_00599-1,
s_008um_00491_00593-1,
s_008um_00641_00211-1,
s_008um_00699_00600-1,
s_008um_00234_00588-1,
s_008um_00271_00389-1,
s_008um_00555_00387-1,
s_008um_00560_00602-1,
s_008um_00633_00400-1,
s_008um_00478_00590-1,
s_008um_00574_00393-1,
s_008um_00521_00390-1,
s_008um_00680_00214-1,
s_008um_00241_00592-1,
s_008um_00533_00593-1,
s_008um_00467_00603-1,
s_008um_00445_00395-1,
s_008um_00123_00247-1,
s_008um_00611_00607-1,
s_008um_00293_00609-1,
s_008um_00579_00216-1,
s_008um_00600_00608-1,
s_008um_00667_00218-1,
s_008um_00636_00201-1,
s_008um_00255_00385-1,
s_008um_00699_00616-1,
s_008um_00142_00241-1,
s_008um_00566_00609-1,
s_008um_00379_00388-1,
s_008um_00642_00420-1,
s_008um_00529_00371-1,
s_008um_00505_00214-1,
s_008um_00557_00197-1,
s_008um_00487_00385-1,
s_008um_00134_00238-1,
s_008um_00390_00381-1,
s_008um_00596_00418-1,
s_008um_00622_00205-1,
s_008um_00456_00215-1,CS2
s_008um_00712_00204-1,
s_008um_00157_00227-1,
s_008um_00446_00385-1,
s_008um_00680_00609-1,
s_008um_00291_00376-1,
s_008um_00464_00379-1,
s_008um_00300_00385-1,
s_008um_00677_00210-1,
s_008um_00585_00606-1,
s_008um_00250_00382-1,
s_008um_00565_00598-1,
s_008um_00482_00201-1,
s_008um_00649_00609-1,
s_008um_00341_00388-1,
s_008um_00371_00606-1,
s_008um_00452_00208-1,
s_008um_00485_00383-1,
s_008um_00673_00412-1,
s_008um_00578_00193-1,
s_008um_00375_00377-1,
s_008um_00196_00230-1,
s_008um_00294_00378-1,
s_008um_00277_00378-1,
s_008um_00112_00238-1,
s_008um_00297_00602-1,
s_008um_00506_00601-1,
s_008um_00677_00605-1,
s_008um_00327_00367-1,
s_008um_00625_00396-1,
s_008um_00714_00414-1,
s_008um_00612_00207-1,
s_008um_00239_00600-1,
s_008um_00702_00417-1,
s_008um_00693_00203-1,
s_008um_00653_00419-1,
s_008um_00554_00378-1,
s_008um_00384_00393-1,
s_008um_00639_00611-1,
s_008um_00642_00232-1,
s_008um_00429_00602-1,
s_008um_00605_00620-1,
s_008um_00189_00400-1,
s_008um_00417_00603-1,
s_008um_00328_00389-1,
s_008um_00514_00388-1,
s_008um_00322_00213-1,
s_008um_00417_00596-1,
s_008um_00492_00595-1,
s_008um_00535_00217-1,
s_008um_00681_00410-1,
s_008um_00651_00210-1,
s_008um_00617_00612-1,
s_008um_00357_00376-1,
s_008um_00241_00394-1,
s_008um_00379_00607-1,
s_008um_00518_00216-1,
s_008um_00241_00605-1,
s_008um_00504_00587-1,
s_008um_00252_00223-1,
s_008um_00660_00614-1,
s_008um_00492_00603-1,
s_008um_00382_00370-1,
s_008um_00231_00589-1,
s_008um_00580_00197-1,
s_008um_00489_00381-1,
s_008um_00587_00205-1,
s_008um_00711_00603-1,
s_008um_00385_00612-1,
s_008um_00554_00197-1,
s_008um_00551_00611-1,
s_008um_00256_00221-1,
s_008um_00501_00592-1,
s_008um_00548_00602-1,
s_008um_00669_00612-1,
s_008um_00206_00392-1,
s_008um_00650_00208-1,
s_008um_00573_00617-1,
s_008um_00186_00400-1,
s_008um_00525_00602-1,
s_008um_00199_00403-1,
s_008um_00498_00589-1,
s_008um_00706_00604-1,
s_008um_00591_00200-1,
s_008um_00127_00240-1,
s_008um_00198_00230-1,
s_008um_00218_00225-1,
s_008um_00233_00220-1,
s_008um_00485_00215-1,
s_008um_00652_00209-1,
s_008um_00573_00383-1,
s_008um_00437_00385-1,
s_008um_00406_00609-1,
s_008um_00289_00609-1,
s_008um_00323_00607-1,
s_008um_00657_00216-1,
s_008um_00447_00382-1,
s_008um_00568_00205-1,
s_008um_00686_00218-1,
s_008um_00575_00375-1,
s_008um_00230_00214-1,
s_008um_00681_00605-1,
s_008um_00568_00377-1,
s_008um_00455_00389-1,
s_008um_00684_00215-1,
s_008um_00704_00607-1,
s_008um_00394_00373-1,
s_008um_00633_00607-1,
s_008um_00389_00377-1,
s_008um_00464_00220-1,
s_008um_00608_00215-1,
s_008um_00538_00601-1,
s_008um_00296_00216-1,
s_008um_00610_00602-1,
s_008um_00301_00212-1,
s_008um_00262_00223-1,
s_008um_00388_00212-1,
s_008um_00677_00217-1,
s_008um_00114_00227-1,
s_008um_00332_00371-1,
s_008um_00380_00212-1,
s_008um_00607_00217-1,
s_008um_00429_00597-1,
s_008um_00657_00420-1,
s_008um_00500_00387-1,
s_008um_00457_00389-1,
s_008um_00569_00222-1,
s_008um_00184_00407-1,
s_008um_00491_00200-1,
s_008um_00491_00388-1,
s_008um_00333_00614-1,
s_008um_00373_00603-1,
s_008um_00288_00385-1,
s_008um_00182_00222-1,
s_008um_00160_00411-1,
s_008um_00598_00395-1,
s_008um_00348_00372-1,
s_008um_00506_00212-1,
s_008um_00179_00226-1,
s_008um_00622_00201-1,
s_008um_00270_00381-1,
s_008um_00583_00200-1,
s_008um_00383_00613-1,
s_008um_00546_00211-1,
s_008um_00689_00609-1,
s_008um_00506_00205-1,
s_008um_00353_00600-1,
s_008um_00427_00203-1,
s_008um_00655_00227-1,
s_008um_00330_00605-1,
s_008um_00603_00418-1,
s_008um_00627_00413-1,
s_008um_00644_00599-1,
s_008um_00637_00402-1,
s_008um_00358_00393-1,
s_008um_00233_00586-1,
s_008um_00577_00619-1,
s_008um_00679_00212-1,
s_008um_00659_00203-1,
s_008um_00362_00389-1,
s_008um_00595_00380-1,
s_008um_00686_00604-1,
s_008um_00340_00611-1,
s_008um_00248_00591-1,
s_008um_00636_00227-1,
s_008um_00354_00609-1,
s_008um_00544_00612-1,
s_008um_00312_00385-1,
s_008um_00489_00199-1,
s_008um_00513_00589-1,
s_008um_00642_00408-1,
s_008um_00414_00380-1,
s_008um_00354_00608-1,
s_008um_00472_00600-1,
s_008um_00218_00219-1,
s_008um_00586_00210-1,
s_008um_00400_00612-1,
s_008um_00254_00379-1,
s_008um_00571_00377-1,
s_008um_00685_00614-1,
s_008um_00524_00608-1,
s_008um_00362_00394-1,
s_008um_00224_00377-1,
s_008um_00598_00388-1,
s_008um_00663_00229-1,
s_008um_00477_00389-1,
s_008um_00380_00385-1,
s_008um_00308_00212-1,
s_008um_00230_00603-1,
s_008um_00657_00223-1,
s_008um_00314_00206-1,
s_008um_00617_00596-1,
s_008um_00547_00595-1,
s_008um_00686_00613-1,
s_008um_00497_00590-1,
s_008um_00124_00229-1,
s_008um_00440_00382-1,
s_008um_00455_00384-1,
s_008um_00475_00603-1,
s_008um_00371_00389-1,
s_008um_00365_00393-1,
s_008um_00434_00215-1,CS2
s_008um_00444_00210-1,CS2
s_008um_00610_00410-1,
s_008um_00494_00214-1,
s_008um_00519_00213-1,
s_008um_00604_00621-1,
s_008um_00227_00390-1,
s_008um_00712_00418-1,
s_008um_00396_00391-1,
s_008um_00114_00234-1,
s_008um_00619_00220-1,
s_008um_00463_00389-1,
s_008um_00486_00203-1,
s_008um_00375_00215-1,
s_008um_00678_00421-1,
s_008um_00633_00193-1,
s_008um_00387_00214-1,
s_008um_00276_00386-1,
s_008um_00122_00247-1,
s_008um_00634_00603-1,
s_008um_00326_00380-1,
s_008um_00145_00241-1,
s_008um_00356_00607-1,
s_008um_00635_00196-1,
s_008um_00305_00208-1,
s_008um_00438_00376-1,
s_008um_00269_00597-1,
s_008um_00443_00606-1,
s_008um_00376_00373-1,
s_008um_00552_00605-1,
s_008um_00628_00405-1,
s_008um_00394_00213-1,
s_008um_00633_00419-1,
s_008um_00712_00598-1,
s_008um_00596_00611-1,
s_008um_00410_00598-1,
s_008um_00119_00225-1,
s_008um_00416_00375-1,
s_008um_00638_00621-1,
s_008um_00598_00386-1,
s_008um_00646_00595-1,
s_008um_00197_00399-1,
s_008um_00688_00611-1,
s_008um_00331_00375-1,
s_008um_00506_00591-1,
s_008um_00189_00225-1,
s_008um_00147_00238-1,
s_008um_00363_00609-1,
s_008um_00382_00391-1,
s_008um_00184_00404-1,
s_008um_00710_00612-1,
s_008um_00500_00590-1,
s_008um_00237_00393-1,
s_008um_00358_00383-1,
s_008um_00644_00208-1,
s_008um_00332_00390-1,
s_008um_00661_00605-1,
s_008um_00590_00204-1,
s_008um_00530_00216-1,
s_008um_00568_00209-1,
s_008um_00630_00229-1,
s_008um_00351_00390-1,
s_008um_00307_00211-1,
s_008um_00551_00196-1,
s_008um_00624_00226-1,
s_008um_00304_00377-1,
s_008um_00443_00601-1,
s_008um_00702_00205-1,
s_008um_00505_00599-1,
s_008um_00551_00194-1,
s_008um_00216_00222-1,
s_008um_00349_00597-1,
s_008um_00470_00590-1,
s_008um_00715_00620-1,
s_008um_00303_00390-1,
s_008um_00665_00221-1,
s_008um_00331_00602-1,
s_008um_00496_00214-1,
s_008um_00699_00614-1,
s_008um_00680_00613-1,
s_008um_00519_00598-1,
s_008um_00342_00207-1,
s_008um_00577_00221-1,
s_008um_00515_00593-1,
s_008um_00702_00596-1,
s_008um_00522_00211-1,
s_008um_00271_00370-1,
s_008um_00520_00604-1,
s_008um_00262_00217-1,
s_008um_00634_00604-1,
s_008um_00450_00210-1,CS2
s_008um_00524_00210-1,
s_008um_00601_00202-1,
s_008um_00655_00400-1,
s_008um_00416_00387-1,
s_008um_00298_00214-1,
s_008um_00495_00604-1,
s_008um_00120_00231-1,
s_008um_00526_00602-1,
s_008um_00353_00381-1,
s_008um_00419_00378-1,
s_008um_00652_00224-1,
s_008um_00573_00194-1,
s_008um_00428_00212-1,CS2
s_008um_00627_00214-1,
s_008um_00639_00220-1,
s_008um_00227_00397-1,
s_008um_00558_00208-1,
s_008um_00614_00601-1,
s_008um_00416_00212-1,
s_008um_00530_00369-1,
s_008um_00309_00378-1,
s_008um_00611_00210-1,
s_008um_00455_00210-1,
s_008um_00209_00224-1,
s_008um_00602_00611-1,
s_008um_00563_00598-1,
s_008um_00331_00382-1,
s_008um_00717_00611-1,
s_008um_00430_00208-1,CS2
s_008um_00282_00380-1,
s_008um_00618_00622-1,
s_008um_00614_00214-1,
s_008um_00121_00228-1,
s_008um_00415_00597-1,
s_008um_00336_00204-1,
s_008um_00171_00402-1,
s_008um_00584_00415-1,
s_008um_00357_00368-1,
s_008um_00654_00227-1,
s_008um_00627_00406-1,
s_008um_00605_00392-1,
s_008um_00674_00207-1,
s_008um_00412_00214-1,
s_008um_00347_00213-1,
s_008um_00545_00612-1,
s_008um_00591_00384-1,
s_008um_00544_00377-1,
s_008um_00670_00217-1,
s_008um_00548_00198-1,
s_008um_00326_00387-1,
s_008um_00609_00215-1,
s_008um_00648_00207-1,
s_008um_00635_00621-1,
s_008um_00600_00415-1,
s_008um_00252_00219-1,
s_008um_00540_00609-1,
s_008um_00478_00382-1,
s_008um_00711_00417-1,
s_008um_00580_00610-1,
s_008um_00647_00420-1,
s_008um_00114_00242-1,
s_008um_00588_00617-1,
s_008um_00616_00404-1,
s_008um_00561_00194-1,
s_008um_00389_00216-1,
s_008um_00558_00377-1,
s_008um_00391_00383-1,
s_008um_00655_00408-1,
s_008um_00692_00604-1,
s_008um_00391_00214-1,
s_008um_00244_00603-1,
s_008um_00550_00381-1,
s_008um_00532_00198-1,
s_008um_00202_00395-1,
s_008um_00587_00200-1,
s_008um_00647_00621-1,
s_008um_00611_00220-1,
s_008um_00350_00387-1,
s_008um_00660_00229-1,
s_008um_00577_00598-1,
s_008um_00690_00207-1,
s_008um_00237_00394-1,
s_008um_00229_00386-1,
s_008um_00361_00209-1,
s_008um_00270_00223-1,
s_008um_00141_00238-1,
s_008um_00668_00607-1,
s_008um_00414_00604-1,
s_008um_00397_00601-1,
s_008um_00283_00382-1,
s_008um_00524_00214-1,
s_008um_00634_00399-1,
s_008um_00228_00591-1,
s_008um_00130_00231-1,
s_008um_00436_00205-1,CS2
s_008um_00515_00377-1,
s_008um_00478_00206-1,
s_008um_00526_00208-1,
s_008um_00639_00221-1,
s_008um_00627_00223-1,
s_008um_00363_00376-1,
s_008um_00663_00413-1,
s_008um_00401_00388-1,
s_008um_00496_00383-1,
s_008um_00668_00416-1,
s_008um_00312_00611-1,
s_008um_00665_00212-1,
s_008um_00712_00606-1,
s_008um_00238_00217-1,
s_008um_00429_00213-1,CS2
s_008um_00334_00385-1,
s_008um_00298_00216-1,
s_008um_00453_00375-1,
s_008um_00270_00222-1,
s_008um_00612_00407-1,
s_008um_00495_00378-1,
s_008um_00287_00603-1,
s_008um_00515_00391-1,
s_008um_00528_00603-1,
s_008um_00437_00377-1,
s_008um_00394_00211-1,
s_008um_00602_00608-1,
s_008um_00212_00389-1,
s_008um_00700_00207-1,
s_008um_00526_00392-1,
s_008um_00619_00404-1,
s_008um_00717_00418-1,
s_008um_00664_00405-1,
s_008um_00512_00592-1,
s_008um_00393_00375-1,
s_008um_00273_00609-1,
s_008um_00328_00602-1,
s_008um_00344_00379-1,
s_008um_00654_00618-1,
s_008um_00211_00395-1,
s_008um_00280_00216-1,
s_008um_00204_00215-1,
s_008um_00486_00378-1,
s_008um_00246_00225-1,
s_008um_00675_00615-1,
s_008um_00640_00226-1,
s_008um_00152_00230-1,
s_008um_00479_00209-1,
s_008um_00623_00217-1,
s_008um_00470_00592-1,
s_008um_00254_00607-1,
s_008um_00633_00603-1,
s_008um_00507_00208-1,
s_008um_00249_00387-1,
s_008um_00257_00381-1,
s_008um_00304_00207-1,
s_008um_00488_00384-1,
s_008um_00475_00214-1,
s_008um_00383_00388-1,
s_008um_00645_00622-1,
s_008um_00564_00374-1,
s_008um_00414_00598-1,
s_008um_00343_00204-1,
s_008um_00467_00383-1,
s_008um_00629_00201-1,
s_008um_00598_00192-1,
s_008um_00184_00225-1,
s_008um_00249_00598-1,
s_008um_00426_00386-1,
s_008um_00534_00215-1,
s_008um_00570_00199-1,
s_008um_00152_00231-1,
s_008um_00428_00597-1,
s_008um_00607_00604-1,
s_008um_00573_00614-1,
s_008um_00686_00615-1,
s_008um_00402_00385-1,
s_008um_00399_00369-1,
s_008um_00492_00206-1,
s_008um_00444_00597-1,
s_008um_00516_00208-1,
s_008um_00442_00387-1,
s_008um_00667_00220-1,
s_008um_00647_00606-1,
s_008um_00303_00379-1,
s_008um_00200_00232-1,
s_008um_00573_00192-1,
s_008um_00554_00604-1,
s_008um_00570_00613-1,
s_008um_00214_00223-1,
s_008um_00566_00217-1,
s_008um_00437_00373-1,
s_008um_00494_00379-1,
s_008um_00193_00391-1,
s_008um_00700_00608-1,
s_008um_00413_00384-1,
s_008um_00179_00230-1,
s_008um_00307_00601-1,
s_008um_00621_00403-1,
s_008um_00359_00605-1,
s_008um_00620_00407-1,
s_008um_00248_00593-1,
s_008um_00665_00596-1,
s_008um_00265_00385-1,
s_008um_00348_00368-1,
s_008um_00618_00406-1,
s_008um_00445_00213-1,CS2
s_008um_00189_00397-1,
s_008um_00418_00598-1,
s_008um_00287_00379-1,
s_008um_00317_00205-1,
s_008um_00217_00397-1,
s_008um_00320_00369-1,
s_008um_00656_00415-1,
s_008um_00708_00210-1,
s_008um_00515_00604-1,
s_008um_00127_00236-1,
s_008um_00290_00607-1,
s_008um_00201_00397-1,
s_008um_00411_00393-1,
s_008um_00246_00595-1,
s_008um_00529_00601-1,
s_008um_00597_00220-1,
s_008um_00368_00378-1,
s_008um_00198_00235-1,
s_008um_00269_00608-1,
s_008um_00421_00375-1,
s_008um_00533_00195-1,
s_008um_00549_00206-1,
s_008um_00397_00600-1,
s_008um_00713_00204-1,
s_008um_00291_00219-1,
s_008um_00359_00384-1,
s_008um_00504_00204-1,
s_008um_00241_00222-1,
s_008um_00366_00378-1,
s_008um_00681_00420-1,
s_008um_00190_00234-1,
s_008um_00327_00608-1,
s_008um_00592_00196-1,
s_008um_00237_00382-1,
s_008um_00547_00368-1,
s_008um_00413_00610-1,
s_008um_00463_00591-1,
s_008um_00300_00379-1,
s_008um_00626_00214-1,
s_008um_00630_00405-1,
s_008um_00557_00215-1,
s_008um_00248_00222-1,
s_008um_00236_00597-1,
s_008um_00607_00204-1,
s_008um_00301_00208-1,
s_008um_00650_00420-1,
s_008um_00510_00606-1,
s_008um_00491_00603-1,
s_008um_00244_00388-1,
s_008um_00302_00365-1,
s_008um_00264_00216-1,
s_008um_00410_00604-1,
s_008um_00267_00368-1,
s_008um_00548_00595-1,
s_008um_00592_00415-1,
s_008um_00289_00599-1,
s_008um_00605_00394-1,
s_008um_00543_00392-1,
s_008um_00525_00595-1,
s_008um_00192_00234-1,
s_008um_00541_00389-1,
s_008um_00585_00383-1,
s_008um_00592_00381-1,
s_008um_00470_00383-1,
s_008um_00588_00383-1,
s_008um_00393_00376-1,
s_008um_00346_00610-1,
s_008um_00497_00214-1,
s_008um_00388_00608-1,
s_008um_00653_00600-1,
s_008um_00466_00598-1,
s_008um_00160_00235-1,
s_008um_00637_00393-1,
s_008um_00232_00394-1,
s_008um_00707_00415-1,
s_008um_00546_00608-1,
s_008um_00322_00372-1,
s_008um_00595_00228-1,
s_008um_00364_00373-1,
s_008um_00476_00596-1,
s_008um_00197_00392-1,
s_008um_00385_00385-1,
s_008um_00524_00200-1,
s_008um_00639_00620-1,
s_008um_00276_00368-1,
s_008um_00295_00607-1,
s_008um_00539_00371-1,
s_008um_00546_00377-1,
s_008um_00199_00225-1,
s_008um_00220_00380-1,
s_008um_00499_00605-1,
s_008um_00400_00377-1,
s_008um_00536_00215-1,
s_008um_00317_00609-1,
s_008um_00241_00602-1,
s_008um_00484_00205-1,
s_008um_00549_00198-1,
s_008um_00127_00228-1,
s_008um_00311_00387-1,
s_008um_00154_00232-1,
s_008um_00212_00397-1,
s_008um_00314_00606-1,
s_008um_00656_00621-1,
s_008um_00256_00605-1,
s_008um_00447_00221-1,CS2
s_008um_00251_00376-1,
s_008um_00162_00245-1,
s_008um_00338_00205-1,
s_008um_00124_00226-1,
s_008um_00536_00385-1,
s_008um_00587_00222-1,
s_008um_00236_00392-1,
s_008um_00322_00611-1,
s_008um_00625_00230-1,
s_008um_00418_00216-1,CS2
s_008um_00550_00209-1,
s_008um_00634_00405-1,
s_008um_00214_00220-1,
s_008um_00238_00398-1,
s_008um_00347_00609-1,
s_008um_00380_00392-1,
s_008um_00482_00376-1,
s_008um_00564_00376-1,
s_008um_00501_00196-1,
s_008um_00137_00239-1,
s_008um_00511_00385-1,
s_008um_00614_00612-1,
s_008um_00285_00601-1,
s_008um_00367_00381-1,
s_008um_00424_00392-1,
s_008um_00600_00206-1,
s_008um_00363_00212-1,
s_008um_00382_00394-1,
s_008um_00452_00218-1,CS2
s_008um_00164_00225-1,
s_008um_00575_00215-1,
s_008um_00566_00196-1,
s_008um_00201_00399-1,
s_008um_00434_00213-1,CS2
s_008um_00633_00606-1,
s_008um_00435_00374-1,
s_008um_00625_00408-1,
s_008um_00243_00384-1,
s_008um_00379_00370-1,
s_008um_00545_00594-1,
s_008um_00210_00227-1,
s_008um_00577_00386-1,
s_008um_00246_00394-1,
s_008um_00661_00217-1,
s_008um_00598_00392-1,
s_008um_00175_00230-1,
s_008um_00198_00219-1,
s_008um_00698_00616-1,
s_008um_00596_00222-1,
s_008um_00177_00235-1,
s_008um_00528_00215-1,
s_008um_00521_00387-1,
s_008um_00509_00203-1,
s_008um_00718_00617-1,
s_008um_00518_00602-1,
s_008um_00344_00606-1,
s_008um_00422_00215-1,CS2
s_008um_00591_00381-1,
s_008um_00389_00211-1,
s_008um_00498_00375-1,
s_008um_00438_00204-1,CS2
s_008um_00123_00245-1,
s_008um_00161_00252-1,
s_008um_00252_00605-1,
s_008um_00460_00208-1,
s_008um_00453_00376-1,
s_008um_00704_00617-1,
s_008um_00411_00219-1,
s_008um_00255_00603-1,
s_008um_00573_00200-1,
s_008um_00687_00602-1,
s_008um_00280_00379-1,
s_008um_00328_00387-1,
s_008um_00462_00604-1,
s_008um_00301_00383-1,
s_008um_00619_00203-1,
s_008um_00341_00377-1,
s_008um_00169_00227-1,
s_008um_00305_00379-1,
s_008um_00126_00229-1,
s_008um_00710_00615-1,
s_008um_00280_00215-1,
s_008um_00584_00206-1,
s_008um_00254_00376-1,
s_008um_00297_00212-1,
s_008um_00575_00600-1,
s_008um_00531_00603-1,
s_008um_00473_00603-1,
s_008um_00572_00218-1,
s_008um_00482_00378-1,
s_008um_00715_00607-1,
s_008um_00389_00390-1,
s_008um_00446_00216-1,CS2
s_008um_00626_00416-1,
s_008um_00237_00590-1,
s_008um_00682_00611-1,
s_008um_00238_00382-1,
s_008um_00518_00601-1,
s_008um_00239_00599-1,
s_008um_00182_00231-1,
s_008um_00556_00212-1,
s_008um_00595_00418-1,
s_008um_00542_00593-1,
s_008um_00579_00418-1,
s_008um_00594_00412-1,
s_008um_00259_00378-1,
s_008um_00545_00370-1,
s_008um_00397_00609-1,
s_008um_00602_00408-1,
s_008um_00165_00242-1,
s_008um_00526_00370-1,
s_008um_00623_00397-1,
s_008um_00564_00193-1,
s_008um_00364_00369-1,
s_008um_00232_00377-1,
s_008um_00414_00213-1,
s_008um_00541_00604-1,
s_008um_00618_00212-1,
s_008um_00628_00412-1,
s_008um_00669_00416-1,
s_008um_00584_00215-1,
s_008um_00132_00241-1,
s_008um_00348_00211-1,
s_008um_00624_00207-1,
s_008um_00566_00374-1,
s_008um_00683_00411-1,
s_008um_00625_00623-1,
s_008um_00436_00601-1,
s_008um_00477_00201-1,
s_008um_00287_00382-1,
s_008um_00662_00210-1,
s_008um_00599_00408-1,
s_008um_00642_00222-1,
s_008um_00347_00381-1,
s_008um_00482_00387-1,
s_008um_00561_00381-1,
s_008um_00593_00603-1,
s_008um_00354_00600-1,
s_008um_00607_00615-1,
s_008um_00568_00615-1,
s_008um_00694_00421-1,
s_008um_00494_00374-1,
s_008um_00195_00219-1,
s_008um_00148_00238-1,
s_008um_00242_00392-1,
s_008um_00279_00606-1,
s_008um_00633_00190-1,
s_008um_00502_00594-1,
s_008um_00570_00388-1,
s_008um_00628_00611-1,
s_008um_00689_00419-1,
s_008um_00555_00196-1,
s_008um_00261_00376-1,
s_008um_00635_00596-1,
s_008um_00474_00390-1,
s_008um_00354_00211-1,
s_008um_00608_00199-1,
s_008um_00487_00598-1,
s_008um_00716_00614-1,
s_008um_00533_00602-1,
s_008um_00457_00386-1,
s_008um_00155_00239-1,
s_008um_00513_00209-1,
s_008um_00401_00214-1,
s_008um_00600_00201-1,
s_008um_00430_00380-1,
s_008um_00581_00379-1,
s_008um_00275_00371-1,
s_008um_00557_00600-1,
s_008um_00537_00209-1,
s_008um_00670_00206-1,
s_008um_00653_00621-1,
s_008um_00518_00383-1,
s_008um_00688_00212-1,
s_008um_00318_00370-1,
s_008um_00175_00231-1,
s_008um_00134_00239-1,
s_008um_00280_00222-1,
s_008um_00302_00211-1,
s_008um_00399_00383-1,
s_008um_00601_00407-1,
s_008um_00454_00598-1,
s_008um_00196_00389-1,
s_008um_00597_00394-1,
s_008um_00238_00376-1,
s_008um_00207_00400-1,
s_008um_00425_00390-1,
s_008um_00677_00422-1,
s_008um_00217_00215-1,
s_008um_00401_00373-1,
s_008um_00332_00606-1,
s_008um_00667_00213-1,
s_008um_00522_00376-1,
s_008um_00232_00397-1,
s_008um_00626_00417-1,
s_008um_00608_00230-1,
s_008um_00623_00402-1,
s_008um_00441_00208-1,CS2
s_008um_00608_00214-1,
s_008um_00268_00601-1,
s_008um_00444_00595-1,
s_008um_00654_00596-1,
s_008um_00623_00616-1,
s_008um_00543_00208-1,
s_008um_00662_00610-1,
s_008um_00169_00233-1,
s_008um_00622_00603-1,
s_008um_00294_00611-1,
s_008um_00195_00231-1,
s_008um_00635_00232-1,
s_008um_00296_00371-1,
s_008um_00712_00412-1,
s_008um_00667_00620-1,
s_008um_00564_00387-1,
s_008um_00243_00376-1,
s_008um_00629_00415-1,
s_008um_00329_00376-1,
s_008um_00596_00227-1,
s_008um_00667_00407-1,
s_008um_00658_00618-1,
s_008um_00234_00222-1,
s_008um_00276_00377-1,
s_008um_00534_00210-1,
s_008um_00391_00381-1,
s_008um_00648_00592-1,
s_008um_00241_00589-1,
s_008um_00564_00605-1,
s_008um_00110_00236-1,
s_008um_00586_00218-1,
s_008um_00671_00603-1,
s_008um_00296_00600-1,
s_008um_00387_00607-1,
s_008um_00659_00604-1,
s_008um_00288_00215-1,
s_008um_00151_00409-1,
s_008um_00480_00597-1,
s_008um_00680_00608-1,
s_008um_00156_00249-1,
s_008um_00317_00215-1,
s_008um_00361_00607-1,
s_008um_00367_00209-1,
s_008um_00643_00217-1,
s_008um_00710_00616-1,
s_008um_00320_00215-1,
s_008um_00236_00381-1,
s_008um_00430_00203-1,
s_008um_00426_00603-1,
s_008um_00645_00593-1,
s_008um_00676_00604-1,
s_008um_00602_00617-1,
s_008um_00566_00605-1,
s_008um_00515_00591-1,
s_008um_00494_00599-1,
s_008um_00236_00391-1,
s_008um_00357_00608-1,
s_008um_00269_00223-1,
s_008um_00423_00210-1,CS2
s_008um_00686_00412-1,
s_008um_00678_00420-1,
s_008um_00505_00603-1,
s_008um_00486_00599-1,
s_008um_00592_00386-1,
s_008um_00262_00218-1,
s_008um_00402_00388-1,
s_008um_00654_00414-1,
s_008um_00398_00218-1,
s_008um_00111_00242-1,
s_008um_00169_00408-1,
s_008um_00205_00220-1,
s_008um_00544_00394-1,
s_008um_00592_00197-1,
s_008um_00551_00195-1,
s_008um_00301_00376-1,
s_008um_00322_00387-1,
s_008um_00474_00376-1,
s_008um_00137_00234-1,
s_008um_00673_00417-1,
s_008um_00331_00387-1,
s_008um_00526_00204-1,
s_008um_00518_00394-1,
s_008um_00645_00419-1,
s_008um_00571_00195-1,
s_008um_00318_00610-1,
s_008um_00283_00384-1,
s_008um_00602_00384-1,
s_008um_00534_00596-1,
s_008um_00325_00388-1,
s_008um_00466_00592-1,
s_008um_00651_00211-1,
s_008um_00206_00400-1,
s_008um_00114_00240-1,
s_008um_00661_00414-1,
s_008um_00152_00412-1,
s_008um_00480_00208-1,
s_008um_00550_00193-1,
s_008um_00478_00201-1,
s_008um_00423_00209-1,CS2
s_008um_00630_00609-1,
s_008um_00638_00596-1,
s_008um_00198_00229-1,
s_008um_00486_00389-1,
s_008um_00633_00609-1,
s_008um_00714_00609-1,
s_008um_00440_00593-1,
s_008um_00255_00600-1,
s_008um_00713_00413-1,
s_008um_00282_00603-1,
s_008um_00558_00211-1,
s_008um_00671_00613-1,
s_008um_00620_00614-1,
s_008um_00390_00210-1,
s_008um_00413_00214-1,
s_008um_00632_00411-1,
s_008um_00618_00222-1,
s_008um_00282_00372-1,
s_008um_00497_00604-1,
s_008um_00403_00370-1,
s_008um_00400_00387-1,
s_008um_00200_00396-1,
s_008um_00659_00410-1,
s_008um_00621_00597-1,
s_008um_00482_00591-1,
s_008um_00541_00388-1,
s_008um_00514_00211-1,
s_008um_00665_00202-1,
s_008um_00442_00599-1,
s_008um_00279_00223-1,
s_008um_00654_00205-1,
s_008um_00245_00371-1,
s_008um_00635_00209-1,
s_008um_00661_00209-1,
s_008um_00162_00249-1,
s_008um_00478_00390-1,
s_008um_00574_00207-1,
s_008um_00375_00216-1,
s_008um_00296_00387-1,
s_008um_00576_00612-1,
s_008um_00683_00213-1,
s_008um_00120_00229-1,
s_008um_00173_00237-1,
s_008um_00681_00211-1,
s_008um_00637_00224-1,
s_008um_00603_00192-1,
s_008um_00453_00601-1,
s_008um_00369_00375-1,
s_008um_00221_00386-1,
s_008um_00128_00239-1,
s_008um_00645_00209-1,
s_008um_00271_00600-1,
s_008um_00452_00380-1,
s_008um_00624_00195-1,
s_008um_00302_00371-1,
s_008um_00456_00216-1,CS2
s_008um_00585_00599-1,
s_008um_00657_00201-1,
s_008um_00394_00388-1,
s_008um_00589_00410-1,
s_008um_00603_00221-1,
s_008um_00598_00410-1,
s_008um_00369_00382-1,
s_008um_00716_00604-1,
s_008um_00646_00401-1,
s_008um_00606_00199-1,
s_008um_00571_00210-1,
s_008um_00180_00405-1,
s_008um_00532_00212-1,
s_008um_00569_00394-1,
s_008um_00282_00217-1,
s_008um_00177_00237-1,
s_008um_00611_00403-1,
s_008um_00190_00228-1,
s_008um_00401_00369-1,
s_008um_00433_00393-1,
s_008um_00372_00372-1,
s_008um_00370_00378-1,
s_008um_00478_00215-1,
s_008um_00458_00384-1,
s_008um_00208_00391-1,
s_008um_00267_00221-1,
s_008um_00336_00371-1,
s_008um_00249_00388-1,
s_008um_00579_00385-1,
s_008um_00508_00593-1,
s_008um_00320_00211-1,
s_008um_00506_00203-1,
s_008um_00144_00229-1,
s_008um_00364_00214-1,
s_008um_00288_00376-1,
s_008um_00351_00599-1,
s_008um_00523_00204-1,
s_008um_00647_00224-1,
s_008um_00124_00230-1,
s_008um_00256_00596-1,
s_008um_00571_00202-1,
s_008um_00633_00623-1,
s_008um_00572_00606-1,
s_008um_00488_00387-1,
s_008um_00355_00387-1,
s_008um_00472_00594-1,
s_008um_00431_00202-1,
s_008um_00223_00384-1,
s_008um_00498_00598-1,
s_008um_00613_00219-1,
s_008um_00227_00599-1,
s_008um_00186_00229-1,
s_008um_00311_00379-1,
s_008um_00601_00389-1,
s_008um_00376_00616-1,
s_008um_00602_00602-1,
s_008um_00566_00389-1,
s_008um_00306_00389-1,
s_008um_00465_00211-1,
s_008um_00668_00223-1,
s_008um_00494_00210-1,
s_008um_00608_00608-1,
s_008um_00339_00607-1,
s_008um_00295_00217-1,
s_008um_00345_00377-1,
s_008um_00634_00205-1,
s_008um_00475_00596-1,
s_008um_00586_00222-1,
s_008um_00595_00620-1,
s_008um_00590_00221-1,
s_008um_00562_00374-1,
s_008um_00436_00595-1,
s_008um_00283_00601-1,
s_008um_00687_00204-1,
s_008um_00556_00382-1,
s_008um_00699_00618-1,
s_008um_00473_00384-1,
s_008um_00508_00392-1,
s_008um_00362_00377-1,
s_008um_00316_00205-1,
s_008um_00213_00223-1,
s_008um_00651_00408-1,
s_008um_00529_00610-1,
s_008um_00568_00384-1,
s_008um_00601_00411-1,
s_008um_00502_00209-1,
s_008um_00461_00217-1,CS2
s_008um_00190_00397-1,
s_008um_00486_00600-1,
s_008um_00620_00622-1,
s_008um_00324_00388-1,
s_008um_00349_00206-1,
s_008um_00571_00385-1,
s_008um_00345_00601-1,
s_008um_00326_00375-1,
s_008um_00589_00389-1,
s_008um_00258_00387-1,
s_008um_00350_00386-1,
s_008um_00530_00387-1,
s_008um_00483_00209-1,
s_008um_00646_00602-1,
s_008um_00281_00378-1,
s_008um_00653_00610-1,
s_008um_00485_00597-1,
s_008um_00421_00597-1,
s_008um_00362_00602-1,
s_008um_00593_00414-1,
s_008um_00612_00624-1,
s_008um_00687_00414-1,
s_008um_00475_00385-1,
s_008um_00493_00201-1,
s_008um_00630_00226-1,
s_008um_00582_00206-1,
s_008um_00286_00390-1,
s_008um_00617_00395-1,
s_008um_00599_00380-1,
s_008um_00360_00384-1,
s_008um_00695_00205-1,
s_008um_00458_00209-1,
s_008um_00516_00380-1,
s_008um_00328_00205-1,
s_008um_00355_00601-1,
s_008um_00273_00223-1,
s_008um_00605_00622-1,
s_008um_00203_00231-1,
s_008um_00525_00197-1,
s_008um_00455_00217-1,CS2
s_008um_00299_00378-1,
s_008um_00439_00376-1,
s_008um_00520_00380-1,
s_008um_00278_00383-1,
s_008um_00203_00225-1,
s_008um_00648_00620-1,
s_008um_00697_00611-1,
s_008um_00495_00598-1,
s_008um_00617_00604-1,
s_008um_00274_00599-1,
s_008um_00499_00374-1,
s_008um_00302_00390-1,
s_008um_00460_00213-1,CS2
s_008um_00711_00606-1,
s_008um_00526_00387-1,
s_008um_00205_00215-1,
s_008um_00235_00393-1,
s_008um_00494_00596-1,
s_008um_00693_00416-1,
s_008um_00416_00215-1,
s_008um_00290_00376-1,
s_008um_00383_00209-1,
s_008um_00439_00374-1,
s_008um_00308_00366-1,
s_008um_00233_00224-1,
s_008um_00261_00214-1,
s_008um_00442_00204-1,CS2
s_008um_00422_00596-1,
s_008um_00228_00216-1,
s_008um_00581_00616-1,
s_008um_00352_00214-1,
s_008um_00401_00210-1,
s_008um_00312_00388-1,
s_008um_00358_00606-1,
s_008um_00327_00605-1,
s_008um_00398_00385-1,
s_008um_00655_00418-1,
s_008um_00472_00381-1,
s_008um_00594_00413-1,
s_008um_00398_00386-1,
s_008um_00532_00370-1,
s_008um_00578_00617-1,
s_008um_00561_00204-1,
s_008um_00399_00607-1,
s_008um_00673_00217-1,
s_008um_00572_00212-1,
s_008um_00318_00206-1,
s_008um_00323_00604-1,
s_008um_00644_00619-1,
s_008um_00267_00599-1,
s_008um_00666_00211-1,
s_008um_00458_00601-1,
s_008um_00295_00215-1,
s_008um_00647_00607-1,
s_008um_00593_00622-1,
s_008um_00353_00609-1,
s_008um_00679_00598-1,
s_008um_00598_00203-1,
s_008um_00391_00611-1,
s_008um_00484_00216-1,
s_008um_00437_00593-1,
s_008um_00646_00404-1,
s_008um_00468_00213-1,
s_008um_00299_00373-1,
s_008um_00201_00232-1,
s_008um_00333_00383-1,
s_008um_00244_00391-1,
s_008um_00292_00383-1,
s_008um_00264_00219-1,
s_008um_00599_00416-1,
s_008um_00532_00371-1,
s_008um_00353_00391-1,
s_008um_00621_00613-1,
s_008um_00138_00235-1,
s_008um_00613_00602-1,
s_008um_00439_00395-1,
s_008um_00631_00219-1,
s_008um_00228_00220-1,
s_008um_00439_00203-1,CS2
s_008um_00402_00603-1,
s_008um_00207_00215-1,
s_008um_00639_00614-1,
s_008um_00643_00225-1,
s_008um_00627_00595-1,
s_008um_00353_00207-1,
s_008um_00596_00210-1,
s_008um_00621_00198-1,
s_008um_00644_00231-1,
s_008um_00634_00196-1,
s_008um_00245_00380-1,
s_008um_00661_00616-1,
s_008um_00470_00209-1,
s_008um_00617_00389-1,
s_008um_00319_00213-1,
s_008um_00292_00379-1,
s_008um_00500_00204-1,
s_008um_00260_00389-1,
s_008um_00593_00384-1,
s_008um_00425_00386-1,
s_008um_00407_00209-1,
s_008um_00285_00371-1,
s_008um_00611_00211-1,
s_008um_00540_00375-1,
s_008um_00223_00378-1,
s_008um_00715_00612-1,
s_008um_00629_00210-1,
s_008um_00659_00216-1,
s_008um_00673_00407-1,
s_008um_00608_00232-1,
s_008um_00570_00392-1,
s_008um_00534_00600-1,
s_008um_00598_00618-1,
s_008um_00377_00378-1,
s_008um_00267_00603-1,
s_008um_00121_00230-1,
s_008um_00401_00604-1,
s_008um_00565_00601-1,
s_008um_00346_00607-1,
s_008um_00480_00593-1,
s_008um_00670_00221-1,
s_008um_00672_00420-1,
s_008um_00608_00413-1,
s_008um_00596_00605-1,
s_008um_00696_00597-1,
s_008um_00318_00377-1,
s_008um_00592_00612-1,
s_008um_00626_00209-1,
s_008um_00557_00602-1,
s_008um_00669_00205-1,
s_008um_00223_00392-1,
s_008um_00586_00390-1,
s_008um_00622_00215-1,
s_008um_00124_00237-1,
s_008um_00363_00611-1,
s_008um_00543_00206-1,
s_008um_00368_00371-1,
s_008um_00233_00378-1,
s_008um_00361_00385-1,
s_008um_00208_00388-1,
s_008um_00370_00613-1,
s_008um_00639_00231-1,
s_008um_00650_00220-1,
s_008um_00486_00372-1,
s_008um_00499_00591-1,
s_008um_00503_00198-1,
s_008um_00289_00386-1,
s_008um_00482_00597-1,
s_008um_00649_00612-1,
s_008um_00118_00245-1,
s_008um_00410_00606-1,
s_008um_00456_00605-1,
s_008um_00521_00605-1,
s_008um_00346_00612-1,
s_008um_00390_00603-1,
s_008um_00554_00373-1,
s_008um_00680_00213-1,
s_008um_00549_00196-1,
s_008um_00504_00202-1,
s_008um_00515_00389-1,
s_008um_00325_00387-1,
s_008um_00661_00215-1,
s_008um_00281_00385-1,
s_008um_00198_00391-1,
s_008um_00507_00387-1,
s_008um_00635_00615-1,
s_008um_00355_00384-1,
s_008um_00503_00602-1,
s_008um_00599_00618-1,
s_008um_00415_00386-1,
s_008um_00352_00375-1,
s_008um_00413_00372-1,
s_008um_00518_00213-1,
s_008um_00533_00609-1,
s_008um_00203_00227-1,
s_008um_00543_00212-1,
s_008um_00229_00393-1,
s_008um_00282_00214-1,
s_008um_00668_00218-1,
s_008um_00542_00594-1,
s_008um_00637_00222-1,
s_008um_00424_00383-1,
s_008um_00560_00197-1,
s_008um_00542_00384-1,
s_008um_00686_00215-1,
s_008um_00617_00597-1,
s_008um_00634_00234-1,
s_008um_00377_00211-1,
s_008um_00463_00394-1,
s_008um_00477_00216-1,
s_008um_00590_00213-1,
s_008um_00543_00380-1,
s_008um_00494_00376-1,
s_008um_00638_00418-1,
s_008um_00543_00378-1,
s_008um_00639_00598-1,
s_008um_00630_00597-1,
s_008um_00289_00606-1,
s_008um_00283_00216-1,
s_008um_00472_00393-1,
s_008um_00211_00391-1,
s_008um_00314_00370-1,
s_008um_00605_00217-1,
s_008um_00516_00211-1,
s_008um_00352_00599-1,
s_008um_00308_00606-1,
s_008um_00243_00378-1,
s_008um_00587_00413-1,
s_008um_00305_00367-1,
s_008um_00425_00603-1,
s_008um_00630_00600-1,
s_008um_00182_00225-1,
s_008um_00597_00223-1,
s_008um_00678_00202-1,
s_008um_00536_00206-1,
s_008um_00230_00592-1,
s_008um_00364_00600-1,
s_008um_00377_00380-1,
s_008um_00220_00224-1,
s_008um_00620_00210-1,
s_008um_00293_00377-1,
s_008um_00420_00384-1,
s_008um_00583_00193-1,
s_008um_00285_00220-1,
s_008um_00671_00621-1,
s_008um_00324_00379-1,
s_008um_00663_00223-1,
s_008um_00483_00217-1,
s_008um_00630_00414-1,
s_008um_00321_00388-1,
s_008um_00423_00601-1,
s_008um_00438_00597-1,
s_008um_00321_00374-1,
s_008um_00617_00205-1,
s_008um_00253_00222-1,
s_008um_00686_00620-1,
s_008um_00483_00379-1,
s_008um_00288_00607-1,
s_008um_00375_00213-1,
s_008um_00634_00611-1,
s_008um_00266_00217-1,
s_008um_00225_00220-1,
s_008um_00309_00609-1,
s_008um_00625_00407-1,
s_008um_00386_00211-1,
s_008um_00520_00377-1,
s_008um_00564_00380-1,
s_008um_00434_00598-1,
s_008um_00600_00212-1,
s_008um_00388_00369-1,
s_008um_00422_00387-1,
s_008um_00652_00621-1,
s_008um_00627_00403-1,
s_008um_00449_00219-1,CS2
s_008um_00579_00208-1,
s_008um_00701_00599-1,
s_008um_00386_00608-1,
s_008um_00660_00608-1,
s_008um_00632_00608-1,
s_008um_00571_00196-1,
s_008um_00599_00219-1,
s_008um_00183_00396-1,
s_008um_00641_00612-1,
s_008um_00648_00215-1,
s_008um_00704_00601-1,
s_008um_00567_00380-1,
s_008um_00516_00384-1,
s_008um_00639_00603-1,
s_008um_00480_00393-1,
s_008um_00336_00602-1,
s_008um_00434_00594-1,
s_008um_00181_00403-1,
s_008um_00179_00236-1,
s_008um_00313_00213-1,
s_008um_00400_00392-1,
s_008um_00685_00206-1,
s_008um_00314_00609-1,
s_008um_00359_00209-1,
s_008um_00570_00207-1,
s_008um_00434_00209-1,CS2
s_008um_00638_00404-1,
s_008um_00627_00407-1,
s_008um_00311_00608-1,
s_008um_00605_00225-1,
s_008um_00396_00610-1,
s_008um_00640_00421-1,
s_008um_00126_00246-1,
s_008um_00577_00377-1,
s_008um_00208_00217-1,
s_008um_00561_00614-1,
s_008um_00474_00592-1,
s_008um_00653_00414-1,
s_008um_00476_00389-1,
s_008um_00533_00205-1,
s_008um_00656_00212-1,
s_008um_00568_00214-1,
s_008um_00671_00213-1,
s_008um_00672_00214-1,
s_008um_00372_00394-1,
s_008um_00424_00377-1,
s_008um_00494_00393-1,
s_008um_00635_00198-1,
s_008um_00595_00218-1,
s_008um_00679_00216-1,
s_008um_00645_00401-1,
s_008um_00606_00602-1,
s_008um_00384_00214-1,
s_008um_00291_00599-1,
s_008um_00343_00599-1,
s_008um_00310_00603-1,
s_008um_00430_00205-1,CS2
s_008um_00633_00612-1,
s_008um_00364_00208-1,
s_008um_00666_00213-1,
s_008um_00660_00211-1,
s_008um_00313_00608-1,
s_008um_00449_00211-1,CS2
s_008um_00641_00414-1,
s_008um_00671_00604-1,
s_008um_00299_00215-1,
s_008um_00692_00212-1,
s_008um_00410_00211-1,
s_008um_00354_00381-1,
s_008um_00648_00593-1,
s_008um_00361_00379-1,
s_008um_00605_00402-1,
s_008um_00590_00618-1,
s_008um_00507_00600-1,
s_008um_00166_00405-1,
s_008um_00492_00198-1,
s_008um_00133_00232-1,
s_008um_00672_00204-1,
s_008um_00285_00606-1,
s_008um_00483_00377-1,
s_008um_00153_00238-1,
s_008um_00514_00595-1,
s_008um_00226_00387-1,
s_008um_00573_00377-1,
s_008um_00377_00382-1,
s_008um_00379_00393-1,
s_008um_00178_00226-1,
s_008um_00583_00214-1,
s_008um_00552_00607-1,
s_008um_00559_00205-1,
s_008um_00604_00401-1,
s_008um_00399_00372-1,
s_008um_00184_00229-1,
s_008um_00197_00219-1,
s_008um_00712_00613-1,
s_008um_00195_00227-1,
s_008um_00446_00202-1,
s_008um_00647_00414-1,
s_008um_00498_00202-1,
s_008um_00560_00200-1,
s_008um_00291_00606-1,
s_008um_00133_00240-1,
s_008um_00245_00598-1,
s_008um_00625_00204-1,
s_008um_00329_00375-1,
s_008um_00240_00390-1,
s_008um_00636_00611-1,
s_008um_00390_00612-1,
s_008um_00240_00596-1,
s_008um_00424_00393-1,
s_008um_00579_00386-1,
s_008um_00634_00220-1,
s_008um_00464_00206-1,
s_008um_00595_00378-1,
s_008um_00280_00606-1,
s_008um_00671_00616-1,
s_008um_00247_00388-1,
s_008um_00205_00400-1,
s_008um_00418_00384-1,
s_008um_00527_00205-1,
s_008um_00508_00210-1,
s_008um_00411_00220-1,
s_008um_00428_00606-1,
s_008um_00186_00397-1,
s_008um_00366_00212-1,
s_008um_00667_00411-1,
s_008um_00433_00387-1,
s_008um_00542_00199-1,
s_008um_00237_00597-1,
s_008um_00378_00599-1,
s_008um_00241_00598-1,
s_008um_00481_00385-1,
s_008um_00336_00611-1,
s_008um_00350_00603-1,
s_008um_00536_00593-1,
s_008um_00270_00386-1,
s_008um_00431_00382-1,
s_008um_00541_00606-1,
s_008um_00451_00209-1,
s_008um_00593_00393-1,
s_008um_00147_00228-1,
s_008um_00508_00394-1,
s_008um_00615_00390-1,
s_008um_00382_00606-1,
s_008um_00202_00400-1,
s_008um_00140_00240-1,
s_008um_00649_00601-1,
s_008um_00222_00224-1,
s_008um_00270_00371-1,
s_008um_00277_00368-1,
s_008um_00496_00211-1,
s_008um_00604_00601-1,
s_008um_00194_00391-1,
s_008um_00578_00209-1,
s_008um_00573_00199-1,
s_008um_00552_00194-1,
s_008um_00558_00602-1,
s_008um_00157_00232-1,
s_008um_00591_00209-1,
s_008um_00284_00367-1,
s_008um_00685_00611-1,
s_008um_00699_00602-1,
s_008um_00646_00422-1,
s_008um_00451_00208-1,
s_008um_00633_00399-1,
s_008um_00174_00229-1,
s_008um_00109_00233-1,
s_008um_00269_00388-1,
s_008um_00242_00218-1,
s_008um_00383_00376-1,
s_008um_00158_00249-1,
s_008um_00615_00222-1,
s_008um_00706_00605-1,
s_008um_00690_00598-1,
s_008um_00231_00218-1,
s_008um_00273_00384-1,
s_008um_00543_00604-1,
s_008um_00707_00418-1,
s_008um_00279_00221-1,
s_008um_00290_00601-1,
s_008um_00534_00598-1,
s_008um_00326_00601-1,
s_008um_00356_00615-1,
s_008um_00376_00611-1,
s_008um_00654_00412-1,
s_008um_00715_00610-1,
s_008um_00384_00392-1,
s_008um_00122_00227-1,
s_008um_00579_00416-1,
s_008um_00247_00376-1,
s_008um_00667_00609-1,
s_008um_00161_00237-1,
s_008um_00280_00367-1,
s_008um_00452_00212-1,CS2
s_008um_00582_00203-1,
s_008um_00598_00207-1,
s_008um_00478_00218-1,
s_008um_00624_00603-1,
s_008um_00522_00204-1,
s_008um_00630_00211-1,
s_008um_00614_00406-1,
s_008um_00581_00413-1,
s_008um_00658_00226-1,
s_008um_00121_00232-1,
s_008um_00246_00387-1,
s_008um_00482_00588-1,
s_008um_00654_00418-1,
s_008um_00321_00604-1,
s_008um_00520_00207-1,
s_008um_00557_00613-1,
s_008um_00451_00212-1,CS2
s_008um_00443_00384-1,
s_008um_00505_00590-1,
s_008um_00559_00603-1,
s_008um_00562_00607-1,
s_008um_00624_00197-1,
s_008um_00619_00416-1,
s_008um_00420_00386-1,
s_008um_00489_00213-1,
s_008um_00298_00371-1,
s_008um_00392_00220-1,
s_008um_00496_00204-1,
s_008um_00452_00376-1,
s_008um_00465_00217-1,
s_008um_00597_00384-1,
s_008um_00709_00617-1,
s_008um_00438_00388-1,
s_008um_00551_00213-1,
s_008um_00419_00376-1,
s_008um_00637_00604-1,
s_008um_00122_00238-1,
s_008um_00545_00195-1,
s_008um_00322_00212-1,
s_008um_00522_00206-1,
s_008um_00553_00385-1,
s_008um_00276_00599-1,
s_008um_00396_00386-1,
s_008um_00590_00200-1,
s_008um_00589_00609-1,
s_008um_00328_00204-1,
s_008um_00283_00368-1,
s_008um_00318_00600-1,
s_008um_00555_00388-1,
s_008um_00279_00380-1,
s_008um_00544_00593-1,
s_008um_00207_00393-1,
s_008um_00138_00243-1,
s_008um_00141_00232-1,
s_008um_00528_00214-1,
s_008um_00551_00205-1,
s_008um_00229_00592-1,
s_008um_00612_00605-1,
s_008um_00612_00606-1,
s_008um_00545_00203-1,
s_008um_00116_00246-1,
s_008um_00631_00614-1,
s_008um_00398_00606-1,
s_008um_00525_00214-1,
s_008um_00261_00598-1,
s_008um_00384_00215-1,
s_008um_00351_00371-1,
s_008um_00397_00370-1,
s_008um_00563_00205-1,
s_008um_00535_00391-1,
s_008um_00332_00367-1,
s_008um_00645_00608-1,
s_008um_00340_00607-1,
s_008um_00506_00201-1,
s_008um_00527_00601-1,
s_008um_00634_00198-1,
s_008um_00694_00618-1,
s_008um_00130_00252-1,
s_008um_00581_00607-1,
s_008um_00395_00217-1,
s_008um_00588_00618-1,
s_008um_00352_00210-1,
s_008um_00662_00418-1,
s_008um_00228_00217-1,
s_008um_00436_00594-1,
s_008um_00373_00370-1,
s_008um_00394_00602-1,
s_008um_00521_00381-1,
s_008um_00555_00194-1,
s_008um_00509_00385-1,
s_008um_00579_00620-1,
s_008um_00671_00620-1,
s_008um_00606_00202-1,
s_008um_00632_00198-1,
s_008um_00478_00589-1,
s_008um_00598_00197-1,
s_008um_00271_00597-1,
s_008um_00156_00407-1,
s_008um_00640_00598-1,
s_008um_00394_00607-1,
s_008um_00219_00385-1,
s_008um_00571_00392-1,
s_008um_00704_00611-1,
s_008um_00649_00602-1,
s_008um_00712_00417-1,
s_008um_00653_00411-1,
s_008um_00523_00591-1,
s_008um_00570_00214-1,
s_008um_00114_00225-1,
s_008um_00587_00411-1,
s_008um_00716_00616-1,
s_008um_00625_00393-1,
s_008um_00243_00390-1,
s_008um_00350_00371-1,
s_008um_00201_00393-1,
s_008um_00266_00378-1,
s_008um_00654_00217-1,
s_008um_00187_00224-1,
s_008um_00437_00205-1,CS2
s_008um_00148_00231-1,
s_008um_00658_00611-1,
s_008um_00259_00377-1,
s_008um_00676_00204-1,
s_008um_00469_00603-1,
s_008um_00277_00599-1,
s_008um_00679_00214-1,
s_008um_00359_00206-1,
s_008um_00395_00613-1,
s_008um_00603_00206-1,
s_008um_00264_00375-1,
s_008um_00683_00597-1,
s_008um_00183_00221-1,
s_008um_00221_00389-1,
s_008um_00311_00366-1,
s_008um_00194_00397-1,
s_008um_00474_00380-1,
s_008um_00190_00393-1,
s_008um_00654_00615-1,
s_008um_00513_00607-1,
s_008um_00506_00372-1,
s_008um_00697_00207-1,
s_008um_00601_00208-1,
s_008um_00283_00218-1,
s_008um_00565_00211-1,
s_008um_00627_00600-1,
s_008um_00478_00200-1,
s_008um_00392_00370-1,
s_008um_00624_00611-1,
s_008um_00663_00214-1,
s_008um_00543_00599-1,
s_008um_00481_00206-1,
s_008um_00462_00219-1,CS2
s_008um_00129_00233-1,
s_008um_00550_00605-1,
s_008um_00585_00379-1,
s_008um_00660_00208-1,
s_008um_00412_00219-1,
s_008um_00460_00378-1,
s_008um_00465_00596-1,
s_008um_00440_00373-1,
s_008um_00191_00221-1,
s_008um_00548_00217-1,
s_008um_00175_00404-1,
s_008um_00270_00369-1,
s_008um_00249_00376-1,
s_008um_00247_00373-1,
s_008um_00399_00370-1,
s_008um_00705_00612-1,
s_008um_00560_00213-1,
s_008um_00475_00216-1,
s_008um_00514_00207-1,
s_008um_00509_00381-1,
s_008um_00206_00395-1,
s_008um_00523_00592-1,
s_008um_00534_00196-1,
s_008um_00671_00207-1,
s_008um_00337_00374-1,
s_008um_00115_00234-1,
s_008um_00685_00203-1,
s_008um_00460_00389-1,
s_008um_00641_00224-1,
s_008um_00624_00222-1,
s_008um_00648_00206-1,
s_008um_00625_00220-1,
s_008um_00607_00230-1,
s_008um_00709_00203-1,
s_008um_00642_00227-1,
s_008um_00538_00602-1,
s_008um_00367_00600-1,
s_008um_00328_00383-1,
s_008um_00367_00213-1,
s_008um_00604_00391-1,
s_008um_00317_00389-1,
s_008um_00623_00218-1,
s_008um_00552_00374-1,
s_008um_00613_00601-1,
s_008um_00338_00390-1,
s_008um_00654_00608-1,
s_008um_00153_00230-1,
s_008um_00651_00604-1,
s_008um_00617_00208-1,
s_008um_00466_00211-1,
s_008um_00544_00592-1,
s_008um_00292_00377-1,
s_008um_00339_00606-1,
s_008um_00537_00608-1,
s_008um_00438_00594-1,
s_008um_00678_00409-1,
s_008um_00325_00602-1,
s_008um_00588_00221-1,
s_008um_00596_00198-1,
s_008um_00585_00618-1,
s_008um_00239_00596-1,
s_008um_00447_00383-1,
s_008um_00271_00598-1,
s_008um_00443_00203-1,
s_008um_00294_00384-1,
s_008um_00521_00389-1,
s_008um_00323_00207-1,
s_008um_00366_00379-1,
s_008um_00697_00609-1,
s_008um_00294_00607-1,
s_008um_00600_00203-1,
s_008um_00544_00373-1,
s_008um_00466_00385-1,
s_008um_00278_00604-1,
s_008um_00185_00399-1,
s_008um_00169_00402-1,
s_008um_00701_00423-1,
s_008um_00293_00380-1,
s_008um_00249_00381-1,
s_008um_00466_00377-1,
s_008um_00354_00613-1,
s_008um_00152_00232-1,
s_008um_00521_00597-1,
s_008um_00428_00207-1,CS2
s_008um_00567_00601-1,
s_008um_00495_00589-1,
s_008um_00369_00210-1,
s_008um_00672_00209-1,
s_008um_00119_00233-1,
s_008um_00523_00594-1,
s_008um_00697_00606-1,
s_008um_00537_00206-1,
s_008um_00358_00610-1,
s_008um_00592_00208-1,
s_008um_00648_00220-1,
s_008um_00487_00212-1,
s_008um_00534_00209-1,
s_008um_00419_00600-1,
s_008um_00579_00214-1,
s_008um_00119_00245-1,
s_008um_00621_00603-1,
s_008um_00347_00372-1,
s_008um_00468_00209-1,
s_008um_00307_00215-1,
s_008um_00189_00222-1,
s_008um_00290_00209-1,
s_008um_00168_00241-1,
s_008um_00637_00413-1,
s_008um_00549_00194-1,
s_008um_00167_00242-1,
s_008um_00533_00394-1,
s_008um_00223_00225-1,
s_008um_00441_00389-1,
s_008um_00568_00380-1,
s_008um_00664_00611-1,
s_008um_00510_00592-1,
s_008um_00605_00202-1,
s_008um_00234_00599-1,
s_008um_00443_00385-1,
s_008um_00718_00604-1,
s_008um_00306_00605-1,
s_008um_00583_00197-1,
s_008um_00452_00379-1,
s_008um_00521_00211-1,
s_008um_00289_00218-1,
s_008um_00682_00613-1,
s_008um_00624_00417-1,
s_008um_00199_00221-1,
s_008um_00623_00225-1,
s_008um_00557_00597-1,
s_008um_00679_00203-1,
s_008um_00187_00400-1,
s_008um_00480_00388-1,
s_008um_00537_00382-1,
s_008um_00647_00396-1,
s_008um_00571_00380-1,
s_008um_00638_00421-1,
s_008um_00592_00205-1,
s_008um_00677_00601-1,
s_008um_00270_00218-1,
s_008um_00591_00217-1,
s_008um_00546_00213-1,
s_008um_00499_00379-1,
s_008um_00253_00382-1,
s_008um_00194_00393-1,
s_008um_00191_00397-1,
s_008um_00624_00596-1,
s_008um_00496_00375-1,
s_008um_00159_00247-1,
s_008um_00393_00212-1,
s_008um_00710_00599-1,
s_008um_00538_00599-1,
s_008um_00273_00222-1,
s_008um_00577_00209-1,
s_008um_00553_00208-1,
s_008um_00676_00409-1,
s_008um_00232_00602-1,
s_008um_00383_00373-1,
s_008um_00509_00394-1,
s_008um_00536_00612-1,
s_008um_00501_00371-1,
s_008um_00243_00217-1,
s_008um_00578_00213-1,
s_008um_00337_00209-1,
s_008um_00611_00620-1,
s_008um_00305_00602-1,
s_008um_00228_00397-1,
s_008um_00562_00203-1,
s_008um_00192_00393-1,
s_008um_00331_00371-1,
s_008um_00592_00199-1,
s_008um_00635_00419-1,
s_008um_00329_00384-1,
s_008um_00644_00213-1,
s_008um_00423_00378-1,
s_008um_00618_00201-1,
s_008um_00547_00194-1,
s_008um_00433_00214-1,CS2
s_008um_00454_00375-1,
s_008um_00556_00597-1,
s_008um_00532_00592-1,
s_008um_00237_00596-1,
s_008um_00326_00612-1,
s_008um_00711_00420-1,
s_008um_00290_00609-1,
s_008um_00553_00601-1,
s_008um_00300_00605-1,
s_008um_00215_00220-1,
s_008um_00121_00245-1,
s_008um_00585_00394-1,
s_008um_00396_00373-1,
s_008um_00150_00233-1,
s_008um_00269_00378-1,
s_008um_00353_00392-1,
s_008um_00701_00597-1,
s_008um_00365_00208-1,
s_008um_00601_00600-1,
s_008um_00235_00392-1,
s_008um_00455_00385-1,
s_008um_00659_00402-1,
s_008um_00459_00380-1,
s_008um_00167_00228-1,
s_008um_00540_00389-1,
s_008um_00304_00604-1,
s_008um_00587_00382-1,
s_008um_00603_00617-1,
s_008um_00632_00221-1,
s_008um_00156_00237-1,
s_008um_00338_00377-1,
s_008um_00234_00587-1,
s_008um_00711_00412-1,
s_008um_00530_00370-1,
s_008um_00354_00614-1,
s_008um_00264_00368-1,
s_008um_00593_00614-1,
s_008um_00601_00413-1,
s_008um_00673_00208-1,
s_008um_00662_00202-1,
s_008um_00398_00605-1,
s_008um_00675_00420-1,
s_008um_00285_00387-1,
s_008um_00180_00237-1,
s_008um_00612_00612-1,
s_008um_00361_00384-1,
s_008um_00530_00383-1,
s_008um_00505_00371-1,
s_008um_00288_00601-1,
s_008um_00545_00601-1,
s_008um_00496_00602-1,
s_008um_00607_00613-1,
s_008um_00550_00387-1,
s_008um_00558_00389-1,
s_008um_00286_00388-1,
s_008um_00265_00375-1,
s_008um_00523_00217-1,
s_008um_00376_00605-1,
s_008um_00564_00603-1,
s_008um_00528_00594-1,
s_008um_00186_00396-1,
s_008um_00134_00228-1,
s_008um_00520_00379-1,
s_008um_00467_00216-1,
s_008um_00316_00211-1,
s_008um_00701_00414-1,
s_008um_00133_00252-1,
s_008um_00186_00223-1,
s_008um_00591_00206-1,
s_008um_00532_00200-1,
s_008um_00643_00407-1,
s_008um_00414_00388-1,
s_008um_00530_00379-1,
s_008um_00267_00383-1,
s_008um_00554_00607-1,
s_008um_00396_00385-1,
s_008um_00693_00608-1,
s_008um_00115_00231-1,
s_008um_00648_00617-1,
s_008um_00400_00212-1,
s_008um_00149_00232-1,
s_008um_00570_00219-1,
s_008um_00602_00207-1,
s_008um_00642_00410-1,
s_008um_00554_00383-1,
s_008um_00435_00210-1,CS2
s_008um_00493_00594-1,
s_008um_00321_00389-1,
s_008um_00124_00235-1,
s_008um_00484_00394-1,
s_008um_00663_00614-1,
s_008um_00374_00382-1,
s_008um_00661_00224-1,
s_008um_00323_00610-1,
s_008um_00604_00229-1,
s_008um_00302_00376-1,
s_008um_00351_00211-1,
s_008um_00414_00608-1,
s_008um_00556_00388-1,
s_008um_00521_00608-1,
s_008um_00386_00389-1,
s_008um_00494_00392-1,
s_008um_00400_00386-1,
s_008um_00353_00210-1,
s_008um_00505_00594-1,
s_008um_00223_00216-1,
s_008um_00196_00393-1,
s_008um_00307_00379-1,
s_008um_00478_00204-1,
s_008um_00372_00392-1,
s_008um_00494_00211-1,
s_008um_00188_00393-1,
s_008um_00571_00215-1,
s_008um_00389_00380-1,
s_008um_00674_00618-1,
s_008um_00412_00386-1,
s_008um_00181_00404-1,
s_008um_00264_00222-1,
s_008um_00454_00380-1,
s_008um_00683_00421-1,
s_008um_00278_00608-1,
s_008um_00288_00379-1,
s_008um_00281_00212-1,
s_008um_00411_00601-1,
s_008um_00377_00394-1,
s_008um_00637_00611-1,
s_008um_00576_00416-1,
s_008um_00405_00604-1,
s_008um_00111_00241-1,
s_008um_00360_00373-1,
s_008um_00527_00599-1,
s_008um_00454_00213-1,CS2
s_008um_00449_00208-1,
s_008um_00679_00604-1,
s_008um_00296_00383-1,
s_008um_00559_00217-1,
s_008um_00559_00380-1,
s_008um_00434_00602-1,
s_008um_00312_00598-1,
s_008um_00365_00391-1,
s_008um_00147_00242-1,
s_008um_00685_00211-1,
s_008um_00608_00210-1,
s_008um_00541_00376-1,
s_008um_00479_00374-1,
s_008um_00282_00216-1,
s_008um_00374_00392-1,
s_008um_00584_00389-1,
s_008um_00284_00388-1,
s_008um_00402_00375-1,
s_008um_00356_00375-1,
s_008um_00692_00602-1,
s_008um_00608_00616-1,
s_008um_00276_00600-1,
s_008um_00368_00384-1,
s_008um_00555_00607-1,
s_008um_00625_00405-1,
s_008um_00641_00403-1,
s_008um_00394_00370-1,
s_008um_00428_00377-1,
s_008um_00700_00418-1,
s_008um_00346_00603-1,
s_008um_00660_00205-1,
s_008um_00360_00212-1,
s_008um_00303_00609-1,
s_008um_00617_00225-1,
s_008um_00337_00378-1,
s_008um_00533_00203-1,
s_008um_00113_00231-1,
s_008um_00692_00208-1,
s_008um_00135_00243-1,
s_008um_00513_00386-1,
s_008um_00394_00609-1,
s_008um_00659_00209-1,
s_008um_00584_00384-1,
s_008um_00653_00418-1,
s_008um_00275_00373-1,
s_008um_00584_00614-1,
s_008um_00542_00370-1,
s_008um_00641_00231-1,
s_008um_00623_00222-1,
s_008um_00588_00610-1,
s_008um_00644_00229-1,
s_008um_00545_00210-1,
s_008um_00268_00389-1,
s_008um_00387_00602-1,
s_008um_00297_00606-1,
s_008um_00610_00613-1,
s_008um_00631_00398-1,
s_008um_00598_00416-1,
s_008um_00579_00615-1,
s_008um_00280_00602-1,
s_008um_00312_00208-1,
s_008um_00307_00380-1,
s_008um_00670_00211-1,
s_008um_00107_00233-1,
s_008um_00613_00417-1,
s_008um_00710_00205-1,
s_008um_00552_00378-1,
s_008um_00243_00388-1,
s_008um_00240_00597-1,
s_008um_00290_00211-1,
s_008um_00366_00612-1,
s_008um_00547_00370-1,
s_008um_00361_00382-1,
s_008um_00552_00201-1,
s_008um_00431_00600-1,
s_008um_00141_00229-1,
s_008um_00550_00607-1,
s_008um_00198_00232-1,
s_008um_00432_00211-1,CS2
s_008um_00498_00602-1,
s_008um_00224_00215-1,
s_008um_00519_00592-1,
s_008um_00454_00385-1,
s_008um_00387_00385-1,
s_008um_00633_00394-1,
s_008um_00283_00374-1,
s_008um_00579_00417-1,
s_008um_00265_00223-1,
s_008um_00584_00379-1,
s_008um_00705_00602-1,
s_008um_00148_00228-1,
s_008um_00306_00607-1,
s_008um_00562_00381-1,
s_008um_00401_00381-1,
s_008um_00452_00375-1,
s_008um_00472_00375-1,
s_008um_00678_00607-1,
s_008um_00425_00213-1,CS2
s_008um_00476_00380-1,
s_008um_00186_00233-1,
s_008um_00609_00406-1,
s_008um_00672_00210-1,
s_008um_00663_00603-1,
s_008um_00658_00606-1,
s_008um_00653_00217-1,
s_008um_00295_00218-1,
s_008um_00321_00371-1,
s_008um_00168_00236-1,
s_008um_00606_00214-1,
s_008um_00230_00596-1,
s_008um_00604_00622-1,
s_008um_00609_00200-1,
s_008um_00404_00601-1,
s_008um_00512_00201-1,
s_008um_00668_00205-1,
s_008um_00688_00604-1,
s_008um_00539_00596-1,
s_008um_00649_00417-1,
s_008um_00261_00599-1,
s_008um_00621_00398-1,
s_008um_00451_00391-1,
s_008um_00630_00409-1,
s_008um_00537_00203-1,
s_008um_00455_00206-1,
s_008um_00664_00614-1,
s_008um_00277_00371-1,
s_008um_00609_00201-1,
s_008um_00304_00368-1,
s_008um_00605_00227-1,
s_008um_00167_00227-1,
s_008um_00450_00386-1,
s_008um_00552_00383-1,
s_008um_00219_00221-1,
s_008um_00305_00609-1,
s_008um_00477_00379-1,
s_008um_00311_00370-1,
s_008um_00498_00604-1,
s_008um_00472_00211-1,
s_008um_00614_00416-1,
s_008um_00649_00217-1,
s_008um_00623_00220-1,
s_008um_00667_00600-1,
s_008um_00451_00222-1,CS2
s_008um_00505_00391-1,
s_008um_00425_00375-1,
s_008um_00406_00605-1,
s_008um_00380_00604-1,
s_008um_00538_00373-1,
s_008um_00640_00612-1,
s_008um_00400_00384-1,
s_008um_00315_00379-1,
s_008um_00142_00237-1,
s_008um_00523_00197-1,
s_008um_00260_00221-1,
s_008um_00245_00393-1,
s_008um_00637_00233-1,
s_008um_00269_00384-1,
s_008um_00690_00597-1,
s_008um_00419_00602-1,
s_008um_00456_00603-1,
s_008um_00453_00205-1,
s_008um_00519_00215-1,
s_008um_00534_00381-1,
s_008um_00486_00391-1,
s_008um_00606_00208-1,
s_008um_00444_00383-1,
s_008um_00493_00392-1,
s_008um_00617_00206-1,
s_008um_00434_00203-1,
s_008um_00119_00226-1,
s_008um_00449_00206-1,
s_008um_00367_00613-1,
s_008um_00583_00209-1,
s_008um_00549_00214-1,
s_008um_00532_00608-1,
s_008um_00576_00209-1,
s_008um_00349_00376-1,
s_008um_00414_00215-1,
s_008um_00327_00214-1,
s_008um_00466_00381-1,
s_008um_00583_00614-1,
s_008um_00667_00419-1,
s_008um_00199_00218-1,
s_008um_00648_00396-1,
s_008um_00326_00599-1,
s_008um_00347_00388-1,
s_008um_00183_00223-1,
s_008um_00406_00612-1,
s_008um_00618_00229-1,
s_008um_00614_00202-1,
s_008um_00538_00596-1,
s_008um_00693_00613-1,
s_008um_00631_00616-1,
s_008um_00422_00605-1,
s_008um_00312_00606-1,
s_008um_00529_00598-1,
s_008um_00403_00212-1,
s_008um_00236_00596-1,
s_008um_00645_00612-1,
s_008um_00504_00205-1,
s_008um_00160_00237-1,
s_008um_00524_00592-1,
s_008um_00615_00218-1,
s_008um_00599_00601-1,
s_008um_00260_00369-1,
s_008um_00520_00609-1,
s_008um_00613_00621-1,
s_008um_00579_00221-1,
s_008um_00369_00216-1,
s_008um_00523_00596-1,
s_008um_00507_00214-1,
s_008um_00423_00383-1,
s_008um_00325_00608-1,
s_008um_00256_00378-1,
s_008um_00415_00390-1,
s_008um_00423_00206-1,CS2
s_008um_00420_00381-1,
s_008um_00411_00602-1,
s_008um_00579_00414-1,
s_008um_00542_00194-1,
s_008um_00371_00391-1,
s_008um_00543_00595-1,
s_008um_00620_00216-1,
s_008um_00629_00410-1,
s_008um_00639_00412-1,
s_008um_00230_00386-1,
s_008um_00628_00624-1,
s_008um_00404_00389-1,
s_008um_00353_00206-1,
s_008um_00324_00368-1,
s_008um_00648_00400-1,
s_008um_00547_00601-1,
s_008um_00400_00380-1,
s_008um_00222_00225-1,
s_008um_00459_00208-1,
s_008um_00402_00392-1,
s_008um_00305_00371-1,
s_008um_00585_00203-1,
s_008um_00340_00373-1,
s_008um_00555_00203-1,
s_008um_00296_00390-1,
s_008um_00397_00389-1,
s_008um_00705_00615-1,
s_008um_00395_00377-1,
s_008um_00645_00208-1,
s_008um_00168_00227-1,
s_008um_00268_00606-1,
s_008um_00511_00590-1,
s_008um_00213_00214-1,
s_008um_00487_00390-1,
s_008um_00567_00222-1,
s_008um_00121_00225-1,
s_008um_00376_00217-1,
s_008um_00451_00214-1,CS2
s_008um_00611_00613-1,
s_008um_00459_00213-1,CS2
s_008um_00636_00404-1,
s_008um_00517_00597-1,
s_008um_00706_00210-1,
s_008um_00521_00388-1,
s_008um_00550_00203-1,
s_008um_00638_00400-1,
s_008um_00599_00383-1,
s_008um_00610_00404-1,
s_008um_00556_00602-1,
s_008um_00243_00372-1,
s_008um_00180_00231-1,
s_008um_00227_00600-1,
s_008um_00446_00380-1,
s_008um_00385_00371-1,
s_008um_00621_00390-1,
s_008um_00622_00619-1,
s_008um_00617_00216-1,
s_008um_00631_00229-1,
s_008um_00542_00390-1,
s_008um_00529_00372-1,
s_008um_00554_00384-1,
s_008um_00630_00607-1,
s_008um_00582_00204-1,
s_008um_00532_00210-1,
s_008um_00613_00229-1,
s_008um_00569_00618-1,
s_008um_00679_00415-1,
s_008um_00575_00217-1,
s_008um_00171_00230-1,
s_008um_00622_00601-1,
s_008um_00432_00602-1,
s_008um_00469_00386-1,
s_008um_00701_00614-1,
s_008um_00175_00407-1,
s_008um_00396_00369-1,
s_008um_00635_00397-1,
s_008um_00615_00403-1,
s_008um_00659_00420-1,
s_008um_00398_00607-1,
s_008um_00180_00232-1,
s_008um_00387_00213-1,
s_008um_00698_00205-1,
s_008um_00526_00382-1,
s_008um_00589_00608-1,
s_008um_00636_00408-1,
s_008um_00340_00608-1,
s_008um_00264_00602-1,
s_008um_00302_00213-1,
s_008um_00694_00419-1,
s_008um_00519_00392-1,
s_008um_00148_00243-1,
s_008um_00573_00379-1,
s_008um_00288_00369-1,
s_008um_00679_00414-1,
s_008um_00119_00246-1,
s_008um_00336_00606-1,
s_008um_00326_00611-1,
s_008um_00288_00210-1,
s_008um_00601_00223-1,
s_008um_00438_00220-1,CS2
s_008um_00588_00415-1,
s_008um_00272_00376-1,
s_008um_00575_00417-1,
s_008um_00339_00383-1,
s_008um_00303_00610-1,
s_008um_00271_00372-1,
s_008um_00547_00193-1,
s_008um_00568_00378-1,
s_008um_00632_00404-1,
s_008um_00681_00607-1,
s_008um_00671_00605-1,
s_008um_00320_00613-1,
s_008um_00543_00593-1,
s_008um_00162_00407-1,
s_008um_00637_00215-1,
s_008um_00594_00224-1,
s_008um_00536_00199-1,
s_008um_00262_00598-1,
s_008um_00569_00212-1,
s_008um_00381_00613-1,
s_008um_00515_00206-1,
s_008um_00630_00406-1,
s_008um_00185_00401-1,
s_008um_00328_00611-1,
s_008um_00636_00605-1,
s_008um_00402_00390-1,
s_008um_00595_00606-1,
s_008um_00579_00616-1,
s_008um_00297_00214-1,
s_008um_00205_00219-1,
s_008um_00553_00603-1,
s_008um_00683_00203-1,
s_008um_00593_00195-1,
s_008um_00510_00600-1,
s_008um_00611_00201-1,
s_008um_00374_00371-1,
s_008um_00301_00388-1,
s_008um_00318_00214-1,
s_008um_00183_00235-1,
s_008um_00380_00390-1,
s_008um_00329_00386-1,
s_008um_00551_00206-1,
s_008um_00659_00409-1,
s_008um_00619_00618-1,
s_008um_00676_00419-1,
s_008um_00629_00208-1,
s_008um_00269_00386-1,
s_008um_00208_00387-1,
s_008um_00372_00379-1,
s_008um_00568_00218-1,
s_008um_00169_00242-1,
s_008um_00626_00611-1,
s_008um_00385_00391-1,
s_008um_00163_00407-1,
s_008um_00515_00372-1,
s_008um_00702_00611-1,
s_008um_00373_00610-1,
s_008um_00652_00210-1,
s_008um_00535_00204-1,
s_008um_00588_00220-1,
s_008um_00500_00380-1,
s_008um_00449_00220-1,CS2
s_008um_00515_00384-1,
s_008um_00123_00231-1,
s_008um_00289_00612-1,
s_008um_00521_00216-1,
s_008um_00447_00388-1,
s_008um_00651_00421-1,
s_008um_00378_00607-1,
s_008um_00505_00378-1,
s_008um_00174_00239-1,
s_008um_00432_00596-1,
s_008um_00232_00387-1,
s_008um_00371_00380-1,
s_008um_00377_00612-1,
s_008um_00341_00599-1,
s_008um_00615_00227-1,
s_008um_00672_00603-1,
s_008um_00684_00421-1,
s_008um_00427_00603-1,
s_008um_00241_00599-1,
s_008um_00320_00391-1,
s_008um_00543_00395-1,
s_008um_00503_00209-1,
s_008um_00572_00610-1,
s_008um_00503_00591-1,
s_008um_00313_00605-1,
s_008um_00564_00617-1,
s_008um_00127_00242-1,
s_008um_00455_00390-1,
s_008um_00542_00610-1,
s_008um_00592_00213-1,
s_008um_00456_00595-1,
s_008um_00341_00608-1,
s_008um_00438_00211-1,CS2
s_008um_00594_00618-1,
s_008um_00627_00596-1,
s_008um_00471_00392-1,
s_008um_00594_00194-1,
s_008um_00631_00216-1,
s_008um_00499_00389-1,
s_008um_00182_00235-1,
s_008um_00594_00211-1,
s_008um_00381_00373-1,
s_008um_00660_00230-1,
s_008um_00523_00607-1,
s_008um_00595_00221-1,
s_008um_00547_00198-1,
s_008um_00681_00603-1,
s_008um_00570_00387-1,
s_008um_00340_00388-1,
s_008um_00377_00374-1,
s_008um_00659_00210-1,
s_008um_00354_00371-1,
s_008um_00434_00205-1,CS2
s_008um_00635_00618-1,
s_008um_00632_00397-1,
s_008um_00270_00604-1,
s_008um_00411_00597-1,
s_008um_00596_00202-1,
s_008um_00327_00209-1,
s_008um_00519_00211-1,
s_008um_00111_00230-1,
s_008um_00567_00196-1,
s_008um_00557_00604-1,
s_008um_00309_00599-1,
s_008um_00183_00230-1,
s_008um_00637_00216-1,
s_008um_00461_00604-1,
s_008um_00376_00603-1,
s_008um_00424_00596-1,
s_008um_00237_00221-1,
s_008um_00262_00603-1,
s_008um_00240_00604-1,
s_008um_00646_00208-1,
s_008um_00354_00205-1,
s_008um_00563_00616-1,
s_008um_00327_00383-1,
s_008um_00447_00593-1,
s_008um_00642_00226-1,
s_008um_00323_00372-1,
s_008um_00588_00612-1,
s_008um_00589_00198-1,
s_008um_00288_00219-1,
s_008um_00276_00214-1,
s_008um_00386_00213-1,
s_008um_00624_00393-1,
s_008um_00441_00204-1,CS2
s_008um_00546_00368-1,
s_008um_00582_00393-1,
s_008um_00610_00606-1,
s_008um_00502_00204-1,
s_008um_00642_00598-1,
s_008um_00645_00403-1,
s_008um_00606_00230-1,
s_008um_00299_00214-1,
s_008um_00419_00605-1,
s_008um_00279_00389-1,
s_008um_00526_00210-1,
s_008um_00256_00595-1,
s_008um_00462_00211-1,CS2
s_008um_00421_00598-1,
s_008um_00434_00380-1,
s_008um_00268_00370-1,
s_008um_00203_00391-1,
s_008um_00591_00197-1,
s_008um_00350_00615-1,
s_008um_00516_00393-1,
s_008um_00215_00387-1,
s_008um_00239_00597-1,
s_008um_00513_00197-1,
s_008um_00628_00194-1,
s_008um_00642_00213-1,
s_008um_00676_00411-1,
s_008um_00533_00612-1,
s_008um_00680_00598-1,
s_008um_00491_00383-1,
s_008um_00407_00389-1,
s_008um_00653_00218-1,
s_008um_00609_00196-1,
s_008um_00420_00211-1,CS2
s_008um_00213_00213-1,
s_008um_00561_00211-1,
s_008um_00585_00616-1,
s_008um_00296_00374-1,
s_008um_00501_00595-1,
s_008um_00184_00397-1,
s_008um_00686_00203-1,
s_008um_00307_00388-1,
s_008um_00407_00217-1,
s_008um_00240_00220-1,
s_008um_00412_00208-1,
s_008um_00301_00607-1,
s_008um_00523_00195-1,
s_008um_00138_00232-1,
s_008um_00459_00385-1,
s_008um_00677_00617-1,
s_008um_00188_00231-1,
s_008um_00444_00593-1,
s_008um_00645_00210-1,
s_008um_00242_00223-1,
s_008um_00163_00233-1,
s_008um_00502_00604-1,
s_008um_00345_00606-1,
s_008um_00556_00373-1,
s_008um_00672_00213-1,
s_008um_00635_00611-1,
s_008um_00452_00210-1,
s_008um_00351_00369-1,
s_008um_00267_00369-1,
s_008um_00297_00209-1,
s_008um_00680_00212-1,
s_008um_00432_00214-1,CS2
s_008um_00445_00203-1,
s_008um_00503_00202-1,
s_008um_00442_00376-1,
s_008um_00136_00243-1,
s_008um_00239_00386-1,
s_008um_00586_00204-1,
s_008um_00438_00219-1,CS2
s_008um_00349_00381-1,
s_008um_00342_00211-1,
s_008um_00490_00589-1,
s_008um_00164_00409-1,
s_008um_00212_00215-1,
s_008um_00464_00388-1,
s_008um_00460_00209-1,
s_008um_00524_00393-1,
s_008um_00384_00603-1,
s_008um_00498_00391-1,
s_008um_00266_00608-1,
s_008um_00376_00374-1,
s_008um_00470_00206-1,
s_008um_00212_00398-1,
s_008um_00661_00403-1,
s_008um_00324_00383-1,
s_008um_00457_00214-1,CS2
s_008um_00518_00374-1,
s_008um_00548_00387-1,
s_008um_00541_00592-1,
s_008um_00159_00245-1,
s_008um_00488_00215-1,
s_008um_00588_00377-1,
s_008um_00569_00382-1,
s_008um_00687_00419-1,
s_008um_00468_00207-1,
s_008um_00328_00598-1,
s_008um_00709_00616-1,
s_008um_00440_00606-1,
s_008um_00697_00206-1,
s_008um_00541_00375-1,
s_008um_00581_00385-1,
s_008um_00649_00396-1,
s_008um_00570_00376-1,
s_008um_00466_00208-1,
s_008um_00604_00214-1,
s_008um_00600_00407-1,
s_008um_00562_00609-1,
s_008um_00664_00616-1,
s_008um_00647_00417-1,
s_008um_00551_00608-1,
s_008um_00402_00374-1,
s_008um_00310_00210-1,
s_008um_00362_00609-1,
s_008um_00502_00603-1,
s_008um_00449_00217-1,CS2
s_008um_00620_00595-1,
s_008um_00643_00206-1,
s_008um_00550_00391-1,
s_008um_00203_00401-1,
s_008um_00608_00600-1,
s_008um_00616_00411-1,
s_008um_00423_00596-1,
s_008um_00536_00600-1,
s_008um_00520_00199-1,
s_008um_00443_00600-1,
s_008um_00251_00606-1,
s_008um_00321_00205-1,
s_008um_00669_00609-1,
s_008um_00326_00605-1,
s_008um_00631_00402-1,
s_008um_00606_00221-1,
s_008um_00633_00605-1,
s_008um_00160_00229-1,
s_008um_00387_00378-1,
s_008um_00368_00614-1,
s_008um_00635_00416-1,
s_008um_00479_00587-1,
s_008um_00433_00391-1,
s_008um_00629_00200-1,
s_008um_00503_00376-1,
s_008um_00439_00216-1,CS2
s_008um_00521_00393-1,
s_008um_00330_00210-1,
s_008um_00688_00607-1,
s_008um_00289_00217-1,
s_008um_00413_00209-1,
s_008um_00598_00619-1,
s_008um_00490_00375-1,
s_008um_00218_00218-1,
s_008um_00435_00204-1,CS2
s_008um_00163_00226-1,
s_008um_00389_00214-1,
s_008um_00598_00227-1,
s_008um_00588_00199-1,
s_008um_00438_00391-1,
s_008um_00401_00605-1,
s_008um_00186_00401-1,
s_008um_00399_00218-1,
s_008um_00539_00207-1,
s_008um_00319_00607-1,
s_008um_00610_00225-1,
s_008um_00656_00230-1,
s_008um_00344_00373-1,
s_008um_00597_00193-1,
s_008um_00577_00416-1,
s_008um_00617_00412-1,
s_008um_00684_00420-1,
s_008um_00497_00605-1,
s_008um_00697_00419-1,
s_008um_00375_00390-1,
s_008um_00253_00387-1,
s_008um_00528_00591-1,
s_008um_00699_00209-1,
s_008um_00184_00227-1,
s_008um_00666_00217-1,
s_008um_00132_00243-1,
s_008um_00698_00419-1,
s_008um_00688_00414-1,
s_008um_00383_00615-1,
s_008um_00658_00413-1,
s_008um_00321_00381-1,
s_008um_00689_00598-1,
s_008um_00590_00207-1,
s_008um_00578_00225-1,
s_008um_00314_00375-1,
s_008um_00335_00609-1,
s_008um_00698_00597-1,
s_008um_00656_00410-1,
s_008um_00303_00211-1,
s_008um_00590_00196-1,
s_008um_00598_00611-1,
s_008um_00513_00602-1,
s_008um_00630_00193-1,
s_008um_00583_00207-1,
s_008um_00260_00607-1,
s_008um_00169_00232-1,
s_008um_00632_00188-1,
s_008um_00336_00387-1,
s_008um_00582_00602-1,
s_008um_00394_00218-1,
s_008um_00246_00605-1,
s_008um_00543_00370-1,
s_008um_00212_00216-1,
s_008um_00154_00234-1,
s_008um_00651_00416-1,
s_008um_00534_00376-1,
s_008um_00603_00619-1,
s_008um_00638_00409-1,
s_008um_00355_00209-1,
s_008um_00618_00407-1,
s_008um_00593_00413-1,
s_008um_00118_00237-1,
s_008um_00614_00219-1,
s_008um_00492_00213-1,
s_008um_00189_00405-1,
s_008um_00502_00602-1,
s_008um_00466_00386-1,
s_008um_00447_00220-1,CS2
s_008um_00254_00382-1,
s_008um_00446_00395-1,
s_008um_00557_00389-1,
s_008um_00681_00209-1,
s_008um_00626_00397-1,
s_008um_00176_00409-1,
s_008um_00316_00213-1,
s_008um_00209_00213-1,
s_008um_00670_00598-1,
s_008um_00581_00202-1,
s_008um_00625_00602-1,
s_008um_00620_00624-1,
s_008um_00469_00218-1,
s_008um_00499_00211-1,
s_008um_00490_00392-1,
s_008um_00600_00411-1,
s_008um_00360_00376-1,
s_008um_00390_00606-1,
s_008um_00441_00220-1,CS2
s_008um_00660_00227-1,
s_008um_00510_00596-1,
s_008um_00241_00593-1,
s_008um_00208_00398-1,
s_008um_00507_00195-1,
s_008um_00209_00398-1,
s_008um_00594_00383-1,
s_008um_00386_00214-1,
s_008um_00294_00210-1,
s_008um_00356_00371-1,
s_008um_00337_00369-1,
s_008um_00641_00417-1,
s_008um_00456_00210-1,
s_008um_00617_00404-1,
s_008um_00629_00409-1,
s_008um_00620_00623-1,
s_008um_00603_00217-1,
s_008um_00323_00373-1,
s_008um_00463_00386-1,
s_008um_00664_00601-1,
s_008um_00596_00413-1,
s_008um_00589_00394-1,
s_008um_00339_00207-1,
s_008um_00473_00588-1,
s_008um_00704_00609-1,
s_008um_00443_00594-1,
s_008um_00241_00600-1,
s_008um_00581_00387-1,
s_008um_00555_00218-1,
s_008um_00319_00613-1,
s_008um_00554_00203-1,
s_008um_00569_00220-1,
s_008um_00584_00382-1,
s_008um_00639_00399-1,
s_008um_00673_00618-1,
s_008um_00164_00407-1,
s_008um_00419_00383-1,
s_008um_00278_00382-1,
s_008um_00296_00607-1,
s_008um_00537_00383-1,
s_008um_00384_00370-1,
s_008um_00310_00211-1,
s_008um_00246_00376-1,
s_008um_00579_00380-1,
s_008um_00611_00602-1,
s_008um_00393_00378-1,
s_008um_00311_00375-1,
s_008um_00482_00596-1,
s_008um_00636_00614-1,
s_008um_00226_00220-1,
s_008um_00393_00374-1,
s_008um_00228_00221-1,
s_008um_00275_00382-1,
s_008um_00410_00386-1,
s_008um_00520_00392-1,
s_008um_00340_00610-1,
s_008um_00528_00391-1,
s_008um_00251_00596-1,
s_008um_00295_00605-1,
s_008um_00576_00377-1,
s_008um_00649_00221-1,
s_008um_00365_00602-1,
s_008um_00586_00620-1,
s_008um_00267_00600-1,
s_008um_00557_00599-1,
s_008um_00303_00608-1,
s_008um_00633_00410-1,
s_008um_00187_00222-1,
s_008um_00398_00217-1,
s_008um_00658_00205-1,
s_008um_00212_00226-1,
s_008um_00218_00226-1,
s_008um_00242_00373-1,
s_008um_00330_00388-1,
s_008um_00310_00374-1,
s_008um_00422_00210-1,CS2
s_008um_00474_00597-1,
s_008um_00683_00418-1,
s_008um_00235_00382-1,
s_008um_00638_00395-1,
s_008um_00566_00614-1,
s_008um_00587_00394-1,
s_008um_00494_00603-1,
s_008um_00520_00387-1,
s_008um_00133_00238-1,
s_008um_00271_00607-1,
s_008um_00319_00390-1,
s_008um_00154_00411-1,
s_008um_00310_00601-1,
s_008um_00551_00390-1,
s_008um_00523_00371-1,
s_008um_00431_00597-1,
s_008um_00262_00378-1,
s_008um_00639_00402-1,
s_008um_00272_00221-1,
s_008um_00578_00211-1,
s_008um_00565_00388-1,
s_008um_00270_00600-1,
s_008um_00407_00381-1,
s_008um_00658_00201-1,
s_008um_00240_00595-1,
s_008um_00542_00612-1,
s_008um_00354_00393-1,
s_008um_00699_00207-1,
s_008um_00492_00393-1,
s_008um_00635_00405-1,
s_008um_00685_00215-1,
s_008um_00413_00604-1,
s_008um_00667_00207-1,
s_008um_00619_00208-1,
s_008um_00483_00386-1,
s_008um_00307_00213-1,
s_008um_00276_00222-1,
s_008um_00641_00219-1,
s_008um_00530_00212-1,
s_008um_00313_00599-1,
s_008um_00440_00210-1,CS2
s_008um_00496_00591-1,
s_008um_00525_00388-1,
s_008um_00618_00404-1,
s_008um_00449_00218-1,CS2
s_008um_00666_00409-1,
s_008um_00520_00376-1,
s_008um_00406_00390-1,
s_008um_00271_00386-1,
s_008um_00684_00618-1,
s_008um_00597_00194-1,
s_008um_00632_00215-1,
s_008um_00627_00230-1,
s_008um_00638_00602-1,
s_008um_00589_00411-1,
s_008um_00192_00403-1,
s_008um_00257_00606-1,
s_008um_00157_00250-1,
s_008um_00463_00378-1,
s_008um_00695_00206-1,
s_008um_00340_00386-1,
s_008um_00448_00373-1,
s_008um_00308_00207-1,
s_008um_00652_00211-1,
s_008um_00321_00385-1,
s_008um_00222_00223-1,
s_008um_00163_00238-1,
s_008um_00375_00392-1,
s_008um_00166_00407-1,
s_008um_00389_00378-1,
s_008um_00577_00216-1,
s_008um_00508_00391-1,
s_008um_00173_00405-1,
s_008um_00468_00386-1,
s_008um_00707_00412-1,
s_008um_00394_00601-1,
s_008um_00631_00228-1,
s_008um_00546_00603-1,
s_008um_00580_00381-1,
s_008um_00436_00598-1,
s_008um_00581_00378-1,
s_008um_00354_00392-1,
s_008um_00468_00591-1,
s_008um_00559_00605-1,
s_008um_00549_00599-1,
s_008um_00656_00227-1,
s_008um_00363_00371-1,
s_008um_00280_00381-1,
s_008um_00546_00381-1,
s_008um_00191_00223-1,
s_008um_00680_00411-1,
s_008um_00631_00405-1,
s_008um_00249_00384-1,
s_008um_00571_00211-1,
s_008um_00325_00214-1,
s_008um_00645_00597-1,
s_008um_00418_00212-1,CS2
s_008um_00409_00383-1,
s_008um_00637_00400-1,
s_008um_00381_00389-1,
s_008um_00605_00612-1,
s_008um_00118_00248-1,
s_008um_00639_00227-1,
s_008um_00340_00205-1,
s_008um_00576_00613-1,
s_008um_00358_00214-1,
s_008um_00581_00220-1,
s_008um_00320_00209-1,
s_008um_00661_00609-1,
s_008um_00266_00219-1,
s_008um_00606_00216-1,
s_008um_00551_00388-1,
s_008um_00229_00216-1,
s_008um_00349_00207-1,
s_008um_00681_00421-1,
s_008um_00333_00206-1,
s_008um_00561_00374-1,
s_008um_00622_00211-1,
s_008um_00664_00599-1,
s_008um_00658_00219-1,
s_008um_00240_00391-1,
s_008um_00316_00608-1,
s_008um_00207_00219-1,
s_008um_00212_00388-1,
s_008um_00672_00220-1,
s_008um_00447_00213-1,CS2
s_008um_00573_00201-1,
s_008um_00483_00389-1,
s_008um_00308_00598-1,
s_008um_00557_00605-1,
s_008um_00619_00228-1,
s_008um_00610_00599-1,
s_008um_00582_00605-1,
s_008um_00310_00373-1,
s_008um_00631_00404-1,
s_008um_00612_00622-1,
s_008um_00612_00226-1,
s_008um_00390_00217-1,
s_008um_00564_00218-1,
s_008um_00414_00210-1,
s_008um_00538_00382-1,
s_008um_00279_00602-1,
s_008um_00684_00612-1,
s_008um_00521_00196-1,
s_008um_00276_00601-1,
s_008um_00231_00593-1,
s_008um_00437_00382-1,
s_008um_00623_00403-1,
s_008um_00639_00609-1,
s_008um_00129_00238-1,
s_008um_00545_00386-1,
s_008um_00217_00380-1,
s_008um_00613_00205-1,
s_008um_00582_00195-1,
s_008um_00472_00212-1,
s_008um_00142_00231-1,
s_008um_00287_00383-1,
s_008um_00178_00231-1,
s_008um_00234_00394-1,
s_008um_00543_00388-1,
s_008um_00229_00221-1,
s_008um_00506_00602-1,
s_008um_00583_00213-1,
s_008um_00672_00215-1,
s_008um_00613_00606-1,
s_008um_00340_00603-1,
s_008um_00454_00377-1,
s_008um_00510_00390-1,
s_008um_00666_00215-1,
s_008um_00222_00217-1,
s_008um_00255_00373-1,
s_008um_00579_00219-1,
s_008um_00707_00419-1,
s_008um_00344_00377-1,
s_008um_00461_00593-1,
s_008um_00297_00388-1,
s_008um_00602_00412-1,
s_008um_00706_00209-1,
s_008um_00323_00374-1,
s_008um_00669_00415-1,
s_008um_00336_00207-1,
s_008um_00688_00612-1,
s_008um_00613_00217-1,
s_008um_00571_00598-1,
s_008um_00666_00209-1,
s_008um_00447_00599-1,
s_008um_00656_00202-1,
s_008um_00630_00188-1,
s_008um_00668_00207-1,
s_008um_00583_00391-1,
s_008um_00425_00396-1,
s_008um_00608_00404-1,
s_008um_00347_00374-1,
s_008um_00622_00416-1,
s_008um_00418_00596-1,
s_008um_00640_00224-1,
s_008um_00673_00212-1,
s_008um_00232_00392-1,
s_008um_00192_00225-1,
s_008um_00646_00594-1,
s_008um_00183_00227-1,
s_008um_00471_00214-1,
s_008um_00324_00370-1,
s_008um_00448_00202-1,
s_008um_00509_00391-1,
s_008um_00575_00379-1,
s_008um_00628_00192-1,
s_008um_00264_00383-1,
s_008um_00587_00376-1,
s_008um_00211_00400-1,
s_008um_00288_00390-1,
s_008um_00440_00594-1,
s_008um_00668_00221-1,
s_008um_00696_00616-1,
s_008um_00225_00384-1,
s_008um_00453_00386-1,
s_008um_00509_00372-1,
s_008um_00569_00393-1,
s_008um_00321_00378-1,
s_008um_00692_00412-1,
s_008um_00632_00597-1,
s_008um_00638_00406-1,
s_008um_00536_00214-1,
s_008um_00194_00399-1,
s_008um_00354_00379-1,
s_008um_00534_00386-1,
s_008um_00421_00393-1,
s_008um_00619_00231-1,
s_008um_00664_00202-1,
s_008um_00212_00384-1,
s_008um_00367_00370-1,
s_008um_00592_00617-1,
s_008um_00371_00215-1,
s_008um_00339_00614-1,
s_008um_00351_00212-1,
s_008um_00571_00213-1,
s_008um_00647_00408-1,
s_008um_00506_00393-1,
s_008um_00287_00381-1,
s_008um_00170_00404-1,
s_008um_00612_00230-1,
s_008um_00346_00605-1,
s_008um_00235_00603-1,
s_008um_00309_00389-1,
s_008um_00531_00209-1,
s_008um_00252_00386-1,
s_008um_00503_00206-1,
s_008um_00579_00607-1,
s_008um_00279_00379-1,
s_008um_00424_00391-1,
s_008um_00596_00382-1,
s_008um_00369_00601-1,
s_008um_00430_00391-1,
s_008um_00661_00225-1,
s_008um_00188_00400-1,
s_008um_00281_00221-1,
s_008um_00554_00605-1,
s_008um_00438_00602-1,
s_008um_00219_00393-1,
s_008um_00275_00212-1,
s_008um_00597_00212-1,
s_008um_00277_00222-1,
s_008um_00318_00609-1,
s_008um_00613_00220-1,
s_008um_00553_00383-1,
s_008um_00589_00414-1,
s_008um_00467_00590-1,
s_008um_00443_00389-1,
s_008um_00382_00375-1,
s_008um_00302_00385-1,
s_008um_00594_00380-1,
s_008um_00455_00606-1,
s_008um_00502_00381-1,
s_008um_00658_00203-1,
s_008um_00569_00194-1,
s_008um_00323_00390-1,
s_008um_00362_00375-1,
s_008um_00502_00587-1,
s_008um_00293_00209-1,
s_008um_00337_00382-1,
s_008um_00414_00212-1,
s_008um_00377_00615-1,
s_008um_00611_00415-1,
s_008um_00453_00604-1,
s_008um_00713_00415-1,
s_008um_00472_00389-1,
s_008um_00283_00605-1,
s_008um_00205_00389-1,
s_008um_00240_00380-1,
s_008um_00652_00615-1,
s_008um_00591_00196-1,
s_008um_00352_00606-1,
s_008um_00527_00208-1,
s_008um_00642_00396-1,
s_008um_00642_00620-1,
s_008um_00222_00220-1,
s_008um_00609_00597-1,
s_008um_00450_00606-1,
s_008um_00671_00606-1,
s_008um_00677_00609-1,
s_008um_00161_00249-1,
s_008um_00473_00593-1,
s_008um_00601_00226-1,
s_008um_00480_00213-1,
s_008um_00511_00377-1,
s_008um_00451_00599-1,
s_008um_00541_00212-1,
s_008um_00221_00220-1,
s_008um_00544_00392-1,
s_008um_00304_00610-1,
s_008um_00442_00222-1,CS2
s_008um_00501_00198-1,
s_008um_00559_00384-1,
s_008um_00585_00217-1,
s_008um_00200_00223-1,
s_008um_00563_00388-1,
s_008um_00622_00220-1,
s_008um_00637_00414-1,
s_008um_00501_00604-1,
s_008um_00702_00419-1,
s_008um_00216_00216-1,
s_008um_00275_00368-1,
s_008um_00566_00599-1,
s_008um_00369_00392-1,
s_008um_00439_00594-1,
s_008um_00538_00210-1,
s_008um_00158_00248-1,
s_008um_00319_00369-1,
s_008um_00513_00374-1,
s_008um_00239_00222-1,
s_008um_00543_00390-1,
s_008um_00568_00202-1,
s_008um_00122_00246-1,
s_008um_00507_00589-1,
s_008um_00494_00205-1,
s_008um_00522_00595-1,
s_008um_00542_00201-1,
s_008um_00549_00610-1,
s_008um_00542_00394-1,
s_008um_00371_00375-1,
s_008um_00490_00374-1,
s_008um_00639_00594-1,
s_008um_00361_00375-1,
s_008um_00518_00598-1,
s_008um_00330_00386-1,
s_008um_00589_00618-1,
s_008um_00182_00399-1,
s_008um_00545_00207-1,
s_008um_00467_00392-1,
s_008um_00278_00389-1,
s_008um_00629_00613-1,
s_008um_00281_00381-1,
s_008um_00166_00231-1,
s_008um_00255_00597-1,
s_008um_00647_00415-1,
s_008um_00257_00607-1,
s_008um_00687_00423-1,
s_008um_00378_00380-1,
s_008um_00161_00244-1,
s_008um_00539_00592-1,
s_008um_00324_00599-1,
s_008um_00305_00205-1,
s_008um_00457_00388-1,
s_008um_00292_00210-1,
s_008um_00324_00608-1,
s_008um_00608_00217-1,
s_008um_00440_00203-1,CS2
s_008um_00484_00214-1,
s_008um_00212_00224-1,
s_008um_00139_00236-1,
s_008um_00466_00215-1,
s_008um_00279_00371-1,
s_008um_00665_00227-1,
s_008um_00233_00588-1,
s_008um_00263_00378-1,
s_008um_00429_00215-1,CS2
s_008um_00304_00371-1,
s_008um_00501_00606-1,
s_008um_00669_00215-1,
s_008um_00233_00395-1,
s_008um_00451_00383-1,
s_008um_00522_00370-1,
s_008um_00309_00206-1,
s_008um_00134_00232-1,
s_008um_00605_00416-1,
s_008um_00383_00604-1,
s_008um_00609_00216-1,
s_008um_00511_00209-1,
s_008um_00571_00607-1,
s_008um_00199_00217-1,
s_008um_00545_00388-1,
s_008um_00410_00213-1,
s_008um_00510_00589-1,
s_008um_00560_00218-1,
s_008um_00257_00387-1,
s_008um_00406_00378-1,
s_008um_00213_00394-1,
s_008um_00591_00392-1,
s_008um_00558_00600-1,
s_008um_00431_00395-1,
s_008um_00160_00244-1,
s_008um_00370_00391-1,
s_008um_00297_00380-1,
s_008um_00598_00219-1,
s_008um_00280_00609-1,
s_008um_00596_00380-1,
s_008um_00476_00388-1,
s_008um_00198_00403-1,
s_008um_00533_00383-1,
s_008um_00554_00391-1,
s_008um_00618_00415-1,
s_008um_00494_00391-1,
s_008um_00239_00590-1,
s_008um_00519_00371-1,
s_008um_00277_00387-1,
s_008um_00239_00595-1,
s_008um_00524_00217-1,
s_008um_00386_00610-1,
s_008um_00497_00377-1,
s_008um_00557_00202-1,
s_008um_00346_00383-1,
s_008um_00361_00370-1,
s_008um_00322_00209-1,
s_008um_00418_00385-1,
s_008um_00195_00391-1,
s_008um_00586_00208-1,
s_008um_00641_00411-1,
s_008um_00690_00208-1,
s_008um_00513_00606-1,
s_008um_00128_00228-1,
s_008um_00680_00412-1,
s_008um_00458_00214-1,CS2
s_008um_00548_00377-1,
s_008um_00373_00369-1,
s_008um_00269_00371-1,
s_008um_00361_00372-1,
s_008um_00119_00231-1,
s_008um_00648_00217-1,
s_008um_00505_00591-1,
s_008um_00320_00598-1,
s_008um_00237_00376-1,
s_008um_00594_00202-1,
s_008um_00487_00373-1,
s_008um_00467_00212-1,
s_008um_00303_00366-1,
s_008um_00469_00381-1,
s_008um_00361_00374-1,
s_008um_00346_00205-1,
s_008um_00372_00614-1,
s_008um_00526_00594-1,
s_008um_00617_00403-1,
s_008um_00614_00614-1,
s_008um_00209_00392-1,
s_008um_00652_00603-1,
s_008um_00449_00202-1,
s_008um_00231_00215-1,
s_008um_00179_00404-1,
s_008um_00602_00229-1,
s_008um_00193_00236-1,
s_008um_00545_00383-1,
s_008um_00531_00374-1,
s_008um_00447_00390-1,
s_008um_00599_00611-1,
s_008um_00636_00409-1,
s_008um_00194_00234-1,
s_008um_00567_00604-1,
s_008um_00595_00204-1,
s_008um_00254_00215-1,
s_008um_00550_00608-1,
s_008um_00634_00396-1,
s_008um_00256_00215-1,
s_008um_00648_00413-1,
s_008um_00657_00599-1,
s_008um_00330_00608-1,
s_008um_00692_00419-1,
s_008um_00475_00218-1,
s_008um_00647_00233-1,
s_008um_00633_00200-1,
s_008um_00594_00417-1,
s_008um_00535_00607-1,
s_008um_00209_00226-1,
s_008um_00339_00381-1,
s_008um_00402_00371-1,
s_008um_00528_00195-1,
s_008um_00286_00378-1,
s_008um_00258_00379-1,
s_008um_00650_00402-1,
s_008um_00336_00206-1,
s_008um_00267_00385-1,
s_008um_00264_00382-1,
s_008um_00352_00212-1,
s_008um_00398_00380-1,
s_008um_00312_00205-1,
s_008um_00151_00405-1,
s_008um_00611_00609-1,
s_008um_00674_00214-1,
s_008um_00465_00380-1,
s_008um_00626_00412-1,
s_008um_00483_00601-1,
s_008um_00629_00232-1,
s_008um_00353_00615-1,
s_008um_00673_00204-1,
s_008um_00632_00200-1,
s_008um_00649_00208-1,
s_008um_00576_00380-1,
s_008um_00270_00388-1,
s_008um_00268_00379-1,
s_008um_00135_00237-1,
s_008um_00623_00601-1,
s_008um_00599_00614-1,
s_008um_00701_00205-1,
s_008um_00533_00204-1,
s_008um_00607_00200-1,
s_008um_00706_00617-1,
s_008um_00425_00601-1,
s_008um_00690_00422-1,
s_008um_00291_00370-1,
s_008um_00616_00416-1,
s_008um_00588_00204-1,
s_008um_00315_00212-1,
s_008um_00664_00212-1,
s_008um_00431_00383-1,
s_008um_00427_00393-1,
s_008um_00367_00373-1,
s_008um_00557_00614-1,
s_008um_00206_00219-1,
s_008um_00620_00207-1,
s_008um_00660_00418-1,
s_008um_00334_00211-1,
s_008um_00492_00374-1,
s_008um_00635_00417-1,
s_008um_00409_00380-1,
s_008um_00432_00380-1,
s_008um_00512_00206-1,
s_008um_00555_00210-1,
s_008um_00368_00215-1,
s_008um_00484_00587-1,
s_008um_00194_00396-1,
s_008um_00516_00608-1,
s_008um_00524_00602-1,
s_008um_00111_00235-1,
s_008um_00282_00375-1,
s_008um_00638_00416-1,
s_008um_00245_00225-1,
s_008um_00231_00225-1,
s_008um_00572_00376-1,
s_008um_00533_00381-1,
s_008um_00539_00373-1,
s_008um_00520_00214-1,
s_008um_00236_00383-1,
s_008um_00696_00422-1,
s_008um_00346_00611-1,
s_008um_00216_00212-1,
s_008um_00257_00223-1,
s_008um_00317_00214-1,
s_008um_00646_00396-1,
s_008um_00617_00614-1,
s_008um_00565_00374-1,
s_008um_00290_00214-1,
s_008um_00183_00397-1,
s_008um_00161_00236-1,
s_008um_00501_00384-1,
s_008um_00180_00399-1,
s_008um_00235_00384-1,
s_008um_00311_00599-1,
s_008um_00512_00374-1,
s_008um_00683_00598-1,
s_008um_00259_00370-1,
s_008um_00355_00207-1,
s_008um_00665_00222-1,
s_008um_00663_00617-1,
s_008um_00582_00222-1,
s_008um_00296_00365-1,
s_008um_00374_00610-1,
s_008um_00374_00376-1,
s_008um_00665_00614-1,
s_008um_00543_00394-1,
s_008um_00620_00609-1,
s_008um_00447_00385-1,
s_008um_00379_00599-1,
s_008um_00314_00601-1,
s_008um_00675_00421-1,
s_008um_00324_00207-1,
s_008um_00549_00389-1,
s_008um_00597_00597-1,
s_008um_00198_00392-1,
s_008um_00514_00394-1,
s_008um_00236_00384-1,
s_008um_00484_00208-1,
s_008um_00594_00619-1,
s_008um_00236_00587-1,
s_008um_00522_00374-1,
s_008um_00532_00598-1,
s_008um_00446_00213-1,CS2
s_008um_00619_00595-1,
s_008um_00608_00415-1,
s_008um_00671_00614-1,
s_008um_00450_00599-1,
s_008um_00682_00421-1,
s_008um_00166_00232-1,
s_008um_00224_00594-1,
s_008um_00527_00201-1,
s_008um_00640_00404-1,
s_008um_00654_00597-1,
s_008um_00132_00242-1,
s_008um_00650_00230-1,
s_008um_00537_00208-1,
s_008um_00301_00382-1,
s_008um_00658_00218-1,
s_008um_00677_00417-1,
s_008um_00640_00233-1,
s_008um_00592_00219-1,
s_008um_00536_00197-1,
s_008um_00462_00590-1,
s_008um_00374_00379-1,
s_008um_00701_00611-1,
s_008um_00458_00385-1,
s_008um_00463_00215-1,CS2
s_008um_00209_00220-1,
s_008um_00356_00387-1,
s_008um_00533_00368-1,
s_008um_00269_00376-1,
s_008um_00673_00211-1,
s_008um_00584_00202-1,
s_008um_00331_00376-1,
s_008um_00455_00376-1,
s_008um_00593_00392-1,
s_008um_00352_00614-1,
s_008um_00187_00228-1,
s_008um_00657_00604-1,
s_008um_00616_00218-1,
s_008um_00342_00384-1,
s_008um_00613_00228-1,
s_008um_00581_00386-1,
s_008um_00551_00597-1,
s_008um_00693_00419-1,
s_008um_00621_00598-1,
s_008um_00705_00609-1,
s_008um_00631_00210-1,
s_008um_00412_00211-1,
s_008um_00286_00369-1,
s_008um_00642_00616-1,
s_008um_00570_00603-1,
s_008um_00501_00378-1,
s_008um_00498_00382-1,
s_008um_00472_00590-1,
s_008um_00676_00612-1,
s_008um_00634_00216-1,
s_008um_00265_00379-1,
s_008um_00263_00224-1,
s_008um_00507_00606-1,
s_008um_00531_00211-1,
s_008um_00307_00212-1,
s_008um_00565_00195-1,
s_008um_00580_00384-1,
s_008um_00361_00393-1,
s_008um_00415_00214-1,
s_008um_00400_00606-1,
s_008um_00456_00600-1,
s_008um_00433_00374-1,
s_008um_00423_00391-1,
s_008um_00196_00391-1,
s_008um_00425_00207-1,CS2
s_008um_00522_00195-1,
s_008um_00435_00381-1,
s_008um_00247_00220-1,
s_008um_00306_00390-1,
s_008um_00525_00377-1,
s_008um_00347_00380-1,
s_008um_00320_00603-1,
s_008um_00637_00207-1,
s_008um_00322_00381-1,
s_008um_00604_00215-1,
s_008um_00333_00612-1,
s_008um_00509_00214-1,
s_008um_00366_00391-1,
s_008um_00566_00616-1,
s_008um_00666_00223-1,
s_008um_00233_00589-1,
s_008um_00316_00383-1,
s_008um_00139_00235-1,
s_008um_00222_00382-1,
s_008um_00469_00601-1,
s_008um_00672_00218-1,
s_008um_00554_00601-1,
s_008um_00452_00374-1,
s_008um_00505_00388-1,
s_008um_00606_00200-1,
s_008um_00206_00398-1,
s_008um_00479_00210-1,
s_008um_00591_00390-1,
s_008um_00345_00603-1,
s_008um_00128_00246-1,
s_008um_00574_00215-1,
s_008um_00333_00208-1,
s_008um_00321_00375-1,
s_008um_00117_00231-1,
s_008um_00632_00595-1,
s_008um_00652_00411-1,
s_008um_00658_00202-1,
s_008um_00326_00379-1,
s_008um_00219_00396-1,
s_008um_00269_00215-1,
s_008um_00472_00203-1,
s_008um_00503_00388-1,
s_008um_00672_00619-1,
s_008um_00308_00372-1,
s_008um_00379_00208-1,
s_008um_00418_00377-1,
s_008um_00659_00617-1,
s_008um_00412_00610-1,
s_008um_00150_00241-1,
s_008um_00418_00217-1,CS2
s_008um_00667_00409-1,
s_008um_00498_00207-1,
s_008um_00127_00247-1,
s_008um_00550_00598-1,
s_008um_00485_00392-1,
s_008um_00592_00613-1,
s_008um_00204_00222-1,
s_008um_00167_00405-1,
s_008um_00239_00391-1,
s_008um_00680_00422-1,
s_008um_00599_00216-1,
s_008um_00656_00611-1,
s_008um_00411_00210-1,
s_008um_00640_00407-1,
s_008um_00611_00411-1,
s_008um_00122_00245-1,
s_008um_00643_00612-1,
s_008um_00615_00620-1,
s_008um_00424_00388-1,
s_008um_00669_00408-1,
s_008um_00499_00371-1,
s_008um_00663_00225-1,
s_008um_00657_00221-1,
s_008um_00583_00600-1,
s_008um_00595_00610-1,
s_008um_00604_00605-1,
s_008um_00480_00599-1,
s_008um_00196_00400-1,
s_008um_00702_00208-1,
s_008um_00467_00210-1,
s_008um_00352_00207-1,
s_008um_00227_00597-1,
s_008um_00662_00619-1,
s_008um_00356_00610-1,
s_008um_00595_00415-1,
s_008um_00152_00234-1,
s_008um_00715_00207-1,
s_008um_00516_00589-1,
s_008um_00373_00211-1,
s_008um_00217_00222-1,
s_008um_00441_00221-1,CS2
s_008um_00214_00397-1,
s_008um_00535_00606-1,
s_008um_00620_00612-1,
s_008um_00585_00385-1,
s_008um_00214_00390-1,
s_008um_00322_00599-1,
s_008um_00236_00395-1,
s_008um_00309_00367-1,
s_008um_00547_00196-1,
s_008um_00524_00212-1,
s_008um_00258_00377-1,
s_008um_00334_00376-1,
s_008um_00706_00416-1,
s_008um_00409_00609-1,
s_008um_00338_00388-1,
s_008um_00562_00378-1,
s_008um_00650_00213-1,
s_008um_00556_00604-1,
s_008um_00598_00620-1,
s_008um_00677_00604-1,
s_008um_00363_00368-1,
s_008um_00630_00208-1,
s_008um_00648_00233-1,
s_008um_00224_00216-1,
s_008um_00488_00204-1,
s_008um_00527_00375-1,
s_008um_00293_00214-1,
s_008um_00342_00212-1,
s_008um_00212_00223-1,
s_008um_00112_00237-1,
s_008um_00579_00612-1,
s_008um_00485_00205-1,
s_008um_00717_00415-1,
s_008um_00653_00615-1,
s_008um_00528_00592-1,
s_008um_00534_00214-1,
s_008um_00309_00381-1,
s_008um_00495_00214-1,
s_008um_00292_00212-1,
s_008um_00610_00405-1,
s_008um_00508_00390-1,
s_008um_00593_00609-1,
s_008um_00335_00380-1,
s_008um_00467_00604-1,
s_008um_00600_00607-1,
s_008um_00315_00608-1,
s_008um_00465_00376-1,
s_008um_00393_00219-1,
s_008um_00111_00231-1,
s_008um_00504_00377-1,
s_008um_00231_00399-1,
s_008um_00672_00616-1,
s_008um_00392_00608-1,
s_008um_00224_00595-1,
s_008um_00453_00218-1,CS2
s_008um_00534_00208-1,
s_008um_00579_00392-1,
s_008um_00242_00379-1,
s_008um_00602_00609-1,
s_008um_00588_00376-1,
s_008um_00612_00206-1,
s_008um_00392_00212-1,
s_008um_00463_00377-1,
s_008um_00542_00604-1,
s_008um_00504_00386-1,
s_008um_00680_00607-1,
s_008um_00685_00202-1,
s_008um_00318_00374-1,
s_008um_00540_00216-1,
s_008um_00312_00600-1,
s_008um_00676_00607-1,
s_008um_00507_00371-1,
s_008um_00598_00603-1,
s_008um_00651_00618-1,
s_008um_00374_00211-1,
s_008um_00646_00223-1,
s_008um_00533_00377-1,
s_008um_00628_00400-1,
s_008um_00717_00419-1,
s_008um_00519_00381-1,
s_008um_00460_00381-1,
s_008um_00162_00411-1,
s_008um_00584_00412-1,
s_008um_00684_00422-1,
s_008um_00585_00204-1,
s_008um_00554_00194-1,
s_008um_00264_00597-1,
s_008um_00426_00396-1,
s_008um_00606_00393-1,
s_008um_00507_00592-1,
s_008um_00672_00223-1,
s_008um_00714_00420-1,
s_008um_00492_00392-1,
s_008um_00393_00372-1,
s_008um_00454_00379-1,
s_008um_00554_00372-1,
s_008um_00281_00603-1,
s_008um_00649_00611-1,
s_008um_00521_00205-1,
s_008um_00224_00380-1,
s_008um_00664_00604-1,
s_008um_00233_00600-1,
s_008um_00341_00602-1,
s_008um_00713_00612-1,
s_008um_00598_00613-1,
s_008um_00497_00375-1,
s_008um_00159_00239-1,
s_008um_00691_00202-1,
s_008um_00464_00394-1,
s_008um_00591_00198-1,
s_008um_00315_00385-1,
s_008um_00710_00203-1,
s_008um_00649_00232-1,
s_008um_00163_00245-1,
s_008um_00652_00205-1,
s_008um_00323_00366-1,
s_008um_00366_00611-1,
s_008um_00602_00616-1,
s_008um_00439_00214-1,CS2
s_008um_00212_00386-1,
s_008um_00341_00601-1,
s_008um_00685_00613-1,
s_008um_00310_00598-1,
s_008um_00337_00607-1,
s_008um_00459_00214-1,CS2
s_008um_00503_00392-1,
s_008um_00435_00375-1,
s_008um_00395_00598-1,
s_008um_00650_00594-1,
s_008um_00246_00224-1,
s_008um_00140_00235-1,
s_008um_00240_00218-1,
s_008um_00432_00599-1,
s_008um_00601_00197-1,
s_008um_00599_00390-1,
s_008um_00261_00388-1,
s_008um_00568_00613-1,
s_008um_00586_00412-1,
s_008um_00634_00206-1,
s_008um_00545_00201-1,
s_008um_00678_00602-1,
s_008um_00690_00414-1,
s_008um_00197_00394-1,
s_008um_00291_00368-1,
s_008um_00269_00367-1,
s_008um_00597_00410-1,
s_008um_00464_00390-1,
s_008um_00613_00605-1,
s_008um_00292_00602-1,
s_008um_00590_00210-1,
s_008um_00558_00609-1,
s_008um_00423_00393-1,
s_008um_00635_00400-1,
s_008um_00296_00603-1,
s_008um_00594_00220-1,
s_008um_00319_00383-1,
s_008um_00524_00386-1,
s_008um_00235_00223-1,
s_008um_00279_00219-1,
s_008um_00596_00204-1,
s_008um_00642_00422-1,
s_008um_00440_00599-1,
s_008um_00541_00218-1,
s_008um_00357_00600-1,
s_008um_00570_00208-1,
s_008um_00617_00609-1,
s_008um_00627_00623-1,
s_008um_00542_00597-1,
s_008um_00607_00617-1,
s_008um_00225_00389-1,
s_008um_00224_00383-1,
s_008um_00654_00600-1,
s_008um_00393_00388-1,
s_008um_00705_00604-1,
s_008um_00650_00223-1,
s_008um_00231_00395-1,
s_008um_00298_00390-1,
s_008um_00343_00376-1,
s_008um_00185_00229-1,
s_008um_00595_00616-1,
s_008um_00190_00394-1,
s_008um_00121_00242-1,
s_008um_00414_00385-1,
s_008um_00636_00394-1,
s_008um_00249_00596-1,
s_008um_00657_00226-1,
s_008um_00228_00384-1,
s_008um_00292_00600-1,
s_008um_00641_00624-1,
s_008um_00476_00393-1,
s_008um_00678_00212-1,
s_008um_00559_00218-1,
s_008um_00666_00224-1,
s_008um_00233_00381-1,
s_008um_00481_00391-1,
s_008um_00342_00602-1,
s_008um_00567_00193-1,
s_008um_00291_00218-1,
s_008um_00572_00202-1,
s_008um_00535_00385-1,
s_008um_00575_00602-1,
s_008um_00679_00603-1,
s_008um_00691_00617-1,
s_008um_00494_00378-1,
s_008um_00506_00378-1,
s_008um_00258_00374-1,
s_008um_00189_00399-1,
s_008um_00595_00409-1,
s_008um_00595_00192-1,
s_008um_00253_00390-1,
s_008um_00629_00594-1,
s_008um_00352_00208-1,
s_008um_00438_00214-1,CS2
s_008um_00648_00603-1,
s_008um_00204_00227-1,
s_008um_00484_00590-1,
s_008um_00256_00377-1,
s_008um_00623_00393-1,
s_008um_00359_00601-1,
s_008um_00602_00598-1,
s_008um_00444_00222-1,CS2
s_008um_00570_00192-1,
s_008um_00334_00609-1,
s_008um_00130_00232-1,
s_008um_00585_00221-1,
s_008um_00595_00212-1,
s_008um_00524_00216-1,
s_008um_00311_00389-1,
s_008um_00616_00391-1,
s_008um_00631_00605-1,
s_008um_00255_00601-1,
s_008um_00669_00226-1,
s_008um_00507_00607-1,
s_008um_00631_00188-1,
s_008um_00280_00214-1,
s_008um_00656_00208-1,
s_008um_00672_00208-1,
s_008um_00590_00418-1,
s_008um_00460_00603-1,
s_008um_00650_00211-1,
s_008um_00555_00380-1,
s_008um_00583_00379-1,
s_008um_00490_00385-1,
s_008um_00656_00223-1,
s_008um_00466_00605-1,
s_008um_00570_00617-1,
s_008um_00308_00605-1,
s_008um_00562_00196-1,
s_008um_00608_00622-1,
s_008um_00612_00414-1,
s_008um_00624_00397-1,
s_008um_00370_00608-1,
s_008um_00494_00588-1,
s_008um_00511_00378-1,
s_008um_00348_00603-1,
s_008um_00362_00608-1,
s_008um_00444_00204-1,CS2
s_008um_00343_00375-1,
s_008um_00621_00594-1,
s_008um_00524_00387-1,
s_008um_00304_00367-1,
s_008um_00213_00219-1,
s_008um_00565_00385-1,
s_008um_00660_00214-1,
s_008um_00674_00413-1,
s_008um_00595_00393-1,
s_008um_00391_00602-1,
s_008um_00653_00209-1,
s_008um_00119_00247-1,
s_008um_00644_00223-1,
s_008um_00292_00211-1,
s_008um_00439_00204-1,CS2
s_008um_00707_00608-1,
s_008um_00565_00379-1,
s_008um_00260_00606-1,
s_008um_00626_00410-1,
s_008um_00248_00602-1,
s_008um_00258_00373-1,
s_008um_00221_00395-1,
s_008um_00618_00595-1,
s_008um_00524_00382-1,
s_008um_00198_00236-1,
s_008um_00229_00388-1,
s_008um_00594_00395-1,
s_008um_00656_00413-1,
s_008um_00520_00391-1,
s_008um_00331_00388-1,
s_008um_00443_00373-1,
s_008um_00449_00604-1,
s_008um_00298_00607-1,
s_008um_00545_00199-1,
s_008um_00454_00373-1,
s_008um_00642_00610-1,
s_008um_00640_00623-1,
s_008um_00515_00208-1,
s_008um_00349_00599-1,
s_008um_00182_00228-1,
s_008um_00287_00390-1,
s_008um_00652_00602-1,
s_008um_00637_00610-1,
s_008um_00384_00600-1,
s_008um_00688_00606-1,
s_008um_00678_00619-1,
s_008um_00464_00213-1,
s_008um_00319_00365-1,
s_008um_00713_00609-1,
s_008um_00180_00223-1,
s_008um_00658_00404-1,
s_008um_00630_00187-1,
s_008um_00123_00234-1,
s_008um_00638_00399-1,
s_008um_00615_00203-1,
s_008um_00335_00386-1,
s_008um_00329_00204-1,
s_008um_00619_00224-1,
s_008um_00378_00600-1,
s_008um_00679_00208-1,
s_008um_00390_00213-1,
s_008um_00668_00617-1,
s_008um_00279_00385-1,
s_008um_00189_00230-1,
s_008um_00399_00382-1,
s_008um_00215_00384-1,
s_008um_00634_00618-1,
s_008um_00348_00213-1,
s_008um_00491_00390-1,
s_008um_00207_00396-1,
s_008um_00363_00373-1,
s_008um_00244_00604-1,
s_008um_00405_00599-1,
s_008um_00285_00378-1,
s_008um_00123_00241-1,
s_008um_00437_00393-1,
s_008um_00292_00378-1,
s_008um_00545_00613-1,
s_008um_00223_00214-1,
s_008um_00334_00386-1,
s_008um_00226_00596-1,
s_008um_00252_00594-1,
s_008um_00551_00604-1,
s_008um_00378_00208-1,
s_008um_00527_00392-1,
s_008um_00324_00602-1,
s_008um_00374_00607-1,
s_008um_00581_00209-1,
s_008um_00698_00420-1,
s_008um_00595_00605-1,
s_008um_00328_00384-1,
s_008um_00584_00201-1,
s_008um_00666_00410-1,
s_008um_00540_00204-1,
s_008um_00515_00379-1,
s_008um_00321_00212-1,
s_008um_00631_00597-1,
s_008um_00371_00378-1,
s_008um_00576_00603-1,
s_008um_00581_00383-1,
s_008um_00634_00617-1,
s_008um_00497_00602-1,
s_008um_00222_00377-1,
s_008um_00385_00380-1,
s_008um_00506_00598-1,
s_008um_00596_00604-1,
s_008um_00599_00597-1,
s_008um_00514_00593-1,
s_008um_00297_00601-1,
s_008um_00702_00411-1,
s_008um_00403_00213-1,
s_008um_00298_00606-1,
s_008um_00428_00391-1,
s_008um_00181_00397-1,
s_008um_00659_00597-1,
s_008um_00412_00212-1,
s_008um_00578_00600-1,
s_008um_00682_00204-1,
s_008um_00362_00212-1,
s_008um_00410_00375-1,
s_008um_00373_00209-1,
s_008um_00323_00212-1,
s_008um_00468_00596-1,
s_008um_00498_00392-1,
s_008um_00503_00593-1,
s_008um_00648_00405-1,
s_008um_00487_00199-1,
s_008um_00386_00373-1,
s_008um_00482_00600-1,
s_008um_00267_00214-1,
s_008um_00673_00218-1,
s_008um_00392_00217-1,
s_008um_00596_00599-1,
s_008um_00366_00214-1,
s_008um_00650_00608-1,
s_008um_00698_00613-1,
s_008um_00671_00420-1,
s_008um_00626_00222-1,
s_008um_00414_00379-1,
s_008um_00623_00392-1,
s_008um_00372_00604-1,
s_008um_00340_00375-1,
s_008um_00545_00372-1,
s_008um_00226_00382-1,
s_008um_00587_00611-1,
s_008um_00398_00387-1,
s_008um_00565_00616-1,
s_008um_00237_00603-1,
s_008um_00232_00395-1,
s_008um_00633_00620-1,
s_008um_00610_00607-1,
s_008um_00708_00413-1,
s_008um_00125_00229-1,
s_008um_00492_00210-1,
s_008um_00365_00374-1,
s_008um_00281_00387-1,
s_008um_00692_00614-1,
s_008um_00503_00588-1,
s_008um_00384_00607-1,
s_008um_00374_00214-1,
s_008um_00561_00602-1,
s_008um_00252_00607-1,
s_008um_00691_00209-1,
s_008um_00276_00217-1,
s_008um_00653_00616-1,
s_008um_00427_00392-1,
s_008um_00696_00610-1,
s_008um_00554_00218-1,
s_008um_00274_00369-1,
s_008um_00668_00605-1,
s_008um_00362_00599-1,
s_008um_00372_00387-1,
s_008um_00634_00599-1,
s_008um_00609_00230-1,
s_008um_00609_00599-1,
s_008um_00321_00606-1,
s_008um_00184_00398-1,
s_008um_00194_00232-1,
s_008um_00633_00619-1,
s_008um_00334_00204-1,
s_008um_00691_00613-1,
s_008um_00615_00597-1,
s_008um_00652_00601-1,
s_008um_00311_00388-1,
s_008um_00309_00215-1,
s_008um_00681_00418-1,
s_008um_00459_00601-1,
s_008um_00626_00202-1,
s_008um_00506_00383-1,
s_008um_00449_00377-1,
s_008um_00407_00220-1,
s_008um_00501_00587-1,
s_008um_00108_00241-1,
s_008um_00666_00415-1,
s_008um_00644_00421-1,
s_008um_00630_00198-1,
s_008um_00173_00408-1,
s_008um_00403_00599-1,
s_008um_00289_00370-1,
s_008um_00540_00377-1,
s_008um_00393_00389-1,
s_008um_00619_00206-1,
s_008um_00367_00208-1,
s_008um_00555_00615-1,
s_008um_00279_00220-1,
s_008um_00336_00376-1,
s_008um_00315_00374-1,
s_008um_00162_00236-1,
s_008um_00597_00603-1,
s_008um_00638_00215-1,
s_008um_00276_00383-1,
s_008um_00232_00599-1,
s_008um_00531_00207-1,
s_008um_00537_00606-1,
s_008um_00525_00215-1,
s_008um_00678_00598-1,
s_008um_00583_00385-1,
s_008um_00576_00204-1,
s_008um_00646_00617-1,
s_008um_00356_00205-1,
s_008um_00669_00621-1,
s_008um_00434_00206-1,CS2
s_008um_00620_00213-1,
s_008um_00454_00376-1,
s_008um_00190_00392-1,
s_008um_00508_00196-1,
s_008um_00622_00404-1,
s_008um_00438_00596-1,
s_008um_00594_00206-1,
s_008um_00616_00392-1,
s_008um_00515_00375-1,
s_008um_00629_00401-1,
s_008um_00264_00373-1,
s_008um_00641_00228-1,
s_008um_00682_00610-1,
s_008um_00316_00370-1,
s_008um_00329_00608-1,
s_008um_00321_00390-1,
s_008um_00442_00202-1,
s_008um_00230_00377-1,
s_008um_00120_00228-1,
s_008um_00171_00409-1,
s_008um_00702_00615-1,
s_008um_00273_00604-1,
s_008um_00441_00386-1,
s_008um_00432_00209-1,CS2
s_008um_00472_00602-1,
s_008um_00285_00217-1,
s_008um_00485_00394-1,
s_008um_00239_00602-1,
s_008um_00688_00209-1,
s_008um_00616_00412-1,
s_008um_00643_00598-1,
s_008um_00662_00414-1,
s_008um_00487_00389-1,
s_008um_00507_00388-1,
s_008um_00715_00621-1,
s_008um_00681_00599-1,
s_008um_00515_00374-1,
s_008um_00459_00390-1,
s_008um_00466_00594-1,
s_008um_00374_00611-1,
s_008um_00281_00371-1,
s_008um_00316_00613-1,
s_008um_00601_00215-1,
s_008um_00642_00603-1,
s_008um_00461_00384-1,
s_008um_00329_00208-1,
s_008um_00553_00390-1,
s_008um_00536_00381-1,
s_008um_00476_00377-1,
s_008um_00451_00594-1,
s_008um_00613_00405-1,
s_008um_00639_00419-1,
s_008um_00693_00410-1,
s_008um_00664_00412-1,
s_008um_00593_00211-1,
s_008um_00580_00194-1,
s_008um_00624_00208-1,
s_008um_00475_00394-1,
s_008um_00358_00389-1,
s_008um_00505_00381-1,
s_008um_00636_00234-1,
s_008um_00388_00607-1,
s_008um_00621_00407-1,
s_008um_00484_00594-1,
s_008um_00497_00587-1,
s_008um_00188_00220-1,
s_008um_00584_00605-1,
s_008um_00373_00391-1,
s_008um_00568_00195-1,
s_008um_00369_00373-1,
s_008um_00276_00387-1,
s_008um_00120_00239-1,
s_008um_00351_00606-1,
s_008um_00433_00203-1,
s_008um_00247_00224-1,
s_008um_00367_00380-1,
s_008um_00237_00219-1,
s_008um_00500_00597-1,
s_008um_00266_00374-1,
s_008um_00270_00221-1,
s_008um_00634_00201-1,
s_008um_00292_00601-1,
s_008um_00481_00600-1,
s_008um_00259_00607-1,
s_008um_00448_00600-1,
s_008um_00411_00608-1,
s_008um_00711_00613-1,
s_008um_00531_00394-1,
s_008um_00497_00386-1,
s_008um_00483_00215-1,
s_008um_00585_00219-1,
s_008um_00231_00597-1,
s_008um_00586_00415-1,
s_008um_00640_00406-1,
s_008um_00307_00376-1,
s_008um_00251_00378-1,
s_008um_00602_00413-1,
s_008um_00374_00606-1,
s_008um_00450_00221-1,CS2
s_008um_00354_00611-1,
s_008um_00219_00216-1,
s_008um_00339_00389-1,
s_008um_00161_00228-1,
s_008um_00390_00608-1,
s_008um_00702_00203-1,
s_008um_00203_00223-1,
s_008um_00694_00612-1,
s_008um_00154_00412-1,
s_008um_00610_00414-1,
s_008um_00247_00601-1,
s_008um_00621_00408-1,
s_008um_00483_00213-1,
s_008um_00350_00378-1,
s_008um_00640_00605-1,
s_008um_00243_00224-1,
s_008um_00548_00383-1,
s_008um_00311_00380-1,
s_008um_00681_00411-1,
s_008um_00548_00594-1,
s_008um_00557_00380-1,
s_008um_00277_00375-1,
s_008um_00118_00239-1,
s_008um_00300_00215-1,
s_008um_00633_00202-1,
s_008um_00653_00228-1,
s_008um_00407_00380-1,
s_008um_00587_00617-1,
s_008um_00585_00412-1,
s_008um_00188_00221-1,
s_008um_00564_00373-1,
s_008um_00285_00599-1,
s_008um_00399_00608-1,
s_008um_00232_00219-1,
s_008um_00452_00598-1,
s_008um_00455_00598-1,
s_008um_00605_00610-1,
s_008um_00308_00368-1,
s_008um_00318_00210-1,
s_008um_00344_00376-1,
s_008um_00601_00619-1,
s_008um_00648_00412-1,
s_008um_00259_00380-1,
s_008um_00380_00391-1,
s_008um_00163_00402-1,
s_008um_00591_00600-1,
s_008um_00542_00608-1,
s_008um_00346_00369-1,
s_008um_00567_00207-1,
s_008um_00388_00373-1,
s_008um_00331_00389-1,
s_008um_00667_00221-1,
s_008um_00390_00602-1,
s_008um_00216_00397-1,
s_008um_00316_00369-1,
s_008um_00375_00614-1,
s_008um_00467_00595-1,
s_008um_00582_00616-1,
s_008um_00274_00605-1,
s_008um_00305_00209-1,
s_008um_00498_00605-1,
s_008um_00642_00404-1,
s_008um_00644_00420-1,
s_008um_00301_00366-1,
s_008um_00677_00421-1,
s_008um_00702_00209-1,
s_008um_00674_00600-1,
s_008um_00556_00612-1,
s_008um_00621_00616-1,
s_008um_00702_00414-1,
s_008um_00274_00387-1,
s_008um_00700_00619-1,
s_008um_00196_00227-1,
s_008um_00320_00206-1,
s_008um_00572_00217-1,
s_008um_00224_00599-1,
s_008um_00637_00226-1,
s_008um_00228_00598-1,
s_008um_00625_00197-1,
s_008um_00252_00602-1,
s_008um_00490_00376-1,
s_008um_00567_00218-1,
s_008um_00599_00612-1,
s_008um_00469_00208-1,
s_008um_00314_00373-1,
s_008um_00305_00369-1,
s_008um_00573_00616-1,
s_008um_00418_00381-1,
s_008um_00591_00614-1,
s_008um_00521_00383-1,
s_008um_00512_00605-1,
s_008um_00622_00609-1,
s_008um_00537_00216-1,
s_008um_00244_00595-1,
s_008um_00507_00587-1,
s_008um_00243_00604-1,
s_008um_00348_00205-1,
s_008um_00191_00230-1,
s_008um_00164_00404-1,
s_008um_00644_00415-1,
s_008um_00493_00592-1,
s_008um_00380_00378-1,
s_008um_00195_00404-1,
s_008um_00493_00588-1,
s_008um_00134_00251-1,
s_008um_00344_00212-1,
s_008um_00695_00611-1,
s_008um_00358_00379-1,
s_008um_00543_00610-1,
s_008um_00701_00416-1,
s_008um_00571_00375-1,
s_008um_00650_00219-1,
s_008um_00268_00384-1,
s_008um_00542_00607-1,
s_008um_00663_00618-1,
s_008um_00587_00612-1,
s_008um_00598_00614-1,
s_008um_00418_00379-1,
s_008um_00593_00390-1,
s_008um_00568_00376-1,
s_008um_00326_00214-1,
s_008um_00256_00387-1,
s_008um_00455_00221-1,CS2
s_008um_00156_00404-1,
s_008um_00403_00379-1,
s_008um_00116_00245-1,
s_008um_00323_00368-1,
s_008um_00530_00597-1,
s_008um_00507_00204-1,
s_008um_00361_00602-1,
s_008um_00413_00598-1,
s_008um_00132_00237-1,
s_008um_00151_00240-1,
s_008um_00682_00600-1,
s_008um_00692_00599-1,
s_008um_00177_00406-1,
s_008um_00476_00385-1,
s_008um_00225_00215-1,
s_008um_00469_00588-1,
s_008um_00609_00198-1,
s_008um_00330_00613-1,
s_008um_00646_00624-1,
s_008um_00398_00211-1,
s_008um_00432_00378-1,
s_008um_00483_00594-1,
s_008um_00280_00604-1,
s_008um_00390_00373-1,
s_008um_00246_00598-1,
s_008um_00329_00597-1,
s_008um_00505_00593-1,
s_008um_00680_00410-1,
s_008um_00370_00377-1,
s_008um_00518_00597-1,
s_008um_00602_00619-1,
s_008um_00348_00208-1,
s_008um_00214_00226-1,
s_008um_00201_00227-1,
s_008um_00459_00219-1,CS2
s_008um_00657_00601-1,
s_008um_00615_00221-1,
s_008um_00277_00216-1,
s_008um_00287_00375-1,
s_008um_00216_00396-1,
s_008um_00385_00389-1,
s_008um_00577_00225-1,
s_008um_00399_00210-1,
s_008um_00599_00192-1,
s_008um_00278_00605-1,
s_008um_00688_00210-1,
s_008um_00587_00196-1,
s_008um_00656_00216-1,
s_008um_00122_00228-1,
s_008um_00305_00385-1,
s_008um_00318_00391-1,
s_008um_00502_00592-1,
s_008um_00302_00599-1,
s_008um_00525_00206-1,
s_008um_00623_00208-1,
s_008um_00539_00204-1,
s_008um_00364_00609-1,
s_008um_00368_00393-1,
s_008um_00631_00227-1,
s_008um_00107_00232-1,
s_008um_00552_00217-1,
s_008um_00550_00373-1,
s_008um_00268_00376-1,
s_008um_00586_00611-1,
s_008um_00532_00392-1,
s_008um_00481_00216-1,
s_008um_00381_00604-1,
s_008um_00285_00213-1,
s_008um_00520_00378-1,
s_008um_00189_00229-1,
s_008um_00433_00389-1,
s_008um_00673_00615-1,
s_008um_00388_00383-1,
s_008um_00575_00195-1,
s_008um_00542_00596-1,
s_008um_00622_00616-1,
s_008um_00115_00230-1,
s_008um_00426_00600-1,
s_008um_00155_00237-1,
s_008um_00516_00591-1,
s_008um_00453_00597-1,
s_008um_00642_00398-1,
s_008um_00678_00614-1,
s_008um_00626_00612-1,
s_008um_00310_00207-1,
s_008um_00353_00368-1,
s_008um_00714_00611-1,
s_008um_00493_00200-1,
s_008um_00229_00217-1,
s_008um_00335_00387-1,
s_008um_00398_00388-1,
s_008um_00516_00592-1,
s_008um_00384_00385-1,
s_008um_00382_00371-1,
s_008um_00636_00405-1,
s_008um_00366_00382-1,
s_008um_00151_00236-1,
s_008um_00385_00375-1,
s_008um_00695_00609-1,
s_008um_00451_00218-1,CS2
s_008um_00649_00406-1,
s_008um_00342_00213-1,
s_008um_00653_00618-1,
s_008um_00635_00211-1,
s_008um_00362_00604-1,
s_008um_00235_00395-1,
s_008um_00512_00598-1,
s_008um_00264_00384-1,
s_008um_00342_00387-1,
s_008um_00404_00379-1,
s_008um_00372_00385-1,
s_008um_00189_00220-1,
s_008um_00331_00613-1,
s_008um_00508_00199-1,
s_008um_00587_00615-1,
s_008um_00476_00216-1,
s_008um_00556_00195-1,
s_008um_00404_00388-1,
s_008um_00120_00232-1,
s_008um_00652_00412-1,
s_008um_00276_00369-1,
s_008um_00620_00208-1,
s_008um_00672_00408-1,
s_008um_00458_00379-1,
s_008um_00262_00377-1,
s_008um_00477_00213-1,
s_008um_00226_00378-1,
s_008um_00573_00209-1,
s_008um_00445_00221-1,CS2
s_008um_00352_00371-1,
s_008um_00223_00388-1,
s_008um_00390_00611-1,
s_008um_00609_00232-1,
s_008um_00550_00610-1,
s_008um_00279_00372-1,
s_008um_00253_00374-1,
s_008um_00571_00383-1,
s_008um_00461_00387-1,
s_008um_00656_00405-1,
s_008um_00630_00619-1,
s_008um_00476_00208-1,
s_008um_00419_00390-1,
s_008um_00272_00375-1,
s_008um_00335_00611-1,
s_008um_00636_00225-1,
s_008um_00417_00394-1,
s_008um_00418_00380-1,
s_008um_00395_00603-1,
s_008um_00629_00195-1,
s_008um_00239_00219-1,
s_008um_00207_00399-1,
s_008um_00277_00384-1,
s_008um_00652_00225-1,
s_008um_00525_00213-1,
s_008um_00229_00385-1,
s_008um_00282_00601-1,
s_008um_00597_00221-1,
s_008um_00708_00206-1,
s_008um_00294_00601-1,
s_008um_00419_00609-1,
s_008um_00420_00392-1,
s_008um_00112_00229-1,
s_008um_00610_00600-1,
s_008um_00474_00383-1,
s_008um_00540_00206-1,
s_008um_00586_00214-1,
s_008um_00333_00205-1,
s_008um_00637_00211-1,
s_008um_00326_00386-1,
s_008um_00438_00215-1,CS2
s_008um_00650_00398-1,
s_008um_00438_00595-1,
s_008um_00636_00400-1,
s_008um_00462_00379-1,
s_008um_00629_00412-1,
s_008um_00226_00214-1,
s_008um_00647_00219-1,
s_008um_00416_00393-1,
s_008um_00335_00375-1,
s_008um_00452_00221-1,CS2
s_008um_00489_00209-1,
s_008um_00278_00388-1,
s_008um_00632_00603-1,
s_008um_00402_00383-1,
s_008um_00557_00608-1,
s_008um_00618_00208-1,
s_008um_00318_00378-1,
s_008um_00238_00395-1,
s_008um_00535_00368-1,
s_008um_00272_00223-1,
s_008um_00379_00385-1,
s_008um_00471_00589-1,
s_008um_00539_00370-1,
s_008um_00694_00422-1,
s_008um_00444_00381-1,
s_008um_00707_00601-1,
s_008um_00391_00378-1,
s_008um_00701_00211-1,
s_008um_00133_00226-1,
s_008um_00614_00207-1,
s_008um_00453_00373-1,
s_008um_00445_00375-1,
s_008um_00458_00211-1,CS2
s_008um_00595_00391-1,
s_008um_00203_00395-1,
s_008um_00426_00387-1,
s_008um_00689_00602-1,
s_008um_00432_00598-1,
s_008um_00342_00389-1,
s_008um_00593_00613-1,
s_008um_00493_00214-1,
s_008um_00675_00216-1,
s_008um_00333_00605-1,
s_008um_00383_00390-1,
s_008um_00714_00607-1,
s_008um_00390_00216-1,
s_008um_00552_00611-1,
s_008um_00458_00378-1,
s_008um_00397_00215-1,
s_008um_00635_00221-1,
s_008um_00360_00392-1,
s_008um_00566_00221-1,
s_008um_00527_00391-1,
s_008um_00598_00597-1,
s_008um_00610_00408-1,
s_008um_00267_00387-1,
s_008um_00367_00368-1,
s_008um_00580_00210-1,
s_008um_00594_00615-1,
s_008um_00355_00386-1,
s_008um_00569_00202-1,
s_008um_00477_00387-1,
s_008um_00642_00595-1,
s_008um_00326_00377-1,
s_008um_00495_00379-1,
s_008um_00258_00372-1,
s_008um_00284_00385-1,
s_008um_00531_00599-1,
s_008um_00553_00196-1,
s_008um_00622_00394-1,
s_008um_00368_00213-1,
s_008um_00632_00199-1,
s_008um_00207_00213-1,
s_008um_00132_00232-1,
s_008um_00565_00214-1,
s_008um_00424_00599-1,
s_008um_00660_00417-1,
s_008um_00375_00617-1,
s_008um_00599_00395-1,
s_008um_00329_00603-1,
s_008um_00154_00405-1,
s_008um_00419_00209-1,CS2
s_008um_00514_00212-1,
s_008um_00365_00606-1,
s_008um_00114_00241-1,
s_008um_00624_00219-1,
s_008um_00234_00393-1,
s_008um_00277_00219-1,
s_008um_00678_00414-1,
s_008um_00197_00401-1,
s_008um_00267_00373-1,
s_008um_00443_00382-1,
s_008um_00585_00608-1,
s_008um_00373_00380-1,
s_008um_00187_00395-1,
s_008um_00632_00402-1,
s_008um_00559_00212-1,
s_008um_00244_00590-1,
s_008um_00522_00381-1,
s_008um_00581_00416-1,
s_008um_00459_00592-1,
s_008um_00480_00203-1,
s_008um_00655_00419-1,
s_008um_00336_00600-1,
s_008um_00197_00223-1,
s_008um_00424_00208-1,CS2
s_008um_00119_00243-1,
s_008um_00562_00204-1,
s_008um_00441_00380-1,
s_008um_00312_00389-1,
s_008um_00375_00611-1,
s_008um_00224_00391-1,
s_008um_00248_00393-1,
s_008um_00153_00233-1,
s_008um_00325_00210-1,
s_008um_00577_00615-1,
s_008um_00707_00612-1,
s_008um_00344_00380-1,
s_008um_00649_00214-1,
s_008um_00543_00203-1,
s_008um_00235_00399-1,
s_008um_00577_00205-1,
s_008um_00652_00406-1,
s_008um_00129_00251-1,
s_008um_00396_00382-1,
s_008um_00488_00601-1,
s_008um_00131_00243-1,
s_008um_00267_00386-1,
s_008um_00211_00396-1,
s_008um_00707_00614-1,
s_008um_00347_00386-1,
s_008um_00380_00612-1,
s_008um_00635_00401-1,
s_008um_00629_00602-1,
s_008um_00257_00597-1,
s_008um_00662_00214-1,
s_008um_00594_00609-1,
s_008um_00676_00212-1,
s_008um_00262_00214-1,
s_008um_00252_00382-1,
s_008um_00417_00606-1,
s_008um_00650_00603-1,
s_008um_00538_00377-1,
s_008um_00609_00224-1,
s_008um_00590_00218-1,
s_008um_00509_00210-1,
s_008um_00497_00599-1,
s_008um_00390_00599-1,
s_008um_00429_00205-1,CS2
s_008um_00653_00211-1,
s_008um_00631_00600-1,
s_008um_00570_00604-1,
s_008um_00618_00393-1,
s_008um_00537_00200-1,
s_008um_00281_00220-1,
s_008um_00450_00389-1,
s_008um_00514_00390-1,
s_008um_00398_00379-1,
s_008um_00508_00198-1,
s_008um_00681_00203-1,
s_008um_00622_00406-1,
s_008um_00610_00212-1,
s_008um_00636_00198-1,
s_008um_00526_00214-1,
s_008um_00363_00382-1,
s_008um_00519_00386-1,
s_008um_00220_00377-1,
s_008um_00409_00390-1,
s_008um_00519_00203-1,
s_008um_00599_00384-1,
s_008um_00637_00605-1,
s_008um_00181_00224-1,
s_008um_00536_00394-1,
s_008um_00458_00387-1,
s_008um_00629_00217-1,
s_008um_00579_00197-1,
s_008um_00439_00598-1,
s_008um_00582_00413-1,
s_008um_00342_00373-1,
s_008um_00357_00382-1,
s_008um_00125_00246-1,
s_008um_00628_00416-1,
s_008um_00272_00217-1,
s_008um_00343_00368-1,
s_008um_00366_00386-1,
s_008um_00581_00601-1,
s_008um_00611_00405-1,
s_008um_00549_00391-1,
s_008um_00530_00608-1,
s_008um_00704_00602-1,
s_008um_00621_00201-1,
s_008um_00345_00382-1,
s_008um_00541_00368-1,
s_008um_00636_00608-1,
s_008um_00575_00614-1,
s_008um_00633_00598-1,
s_008um_00320_00602-1,
s_008um_00364_00371-1,
s_008um_00311_00381-1,
s_008um_00361_00376-1,
s_008um_00383_00210-1,
s_008um_00423_00599-1,
s_008um_00279_00388-1,
s_008um_00700_00596-1,
s_008um_00681_00416-1,
s_008um_00677_00205-1,
s_008um_00392_00390-1,
s_008um_00626_00414-1,
s_008um_00622_00389-1,
s_008um_00605_00404-1,
s_008um_00336_00379-1,
s_008um_00152_00242-1,
s_008um_00128_00234-1,
s_008um_00422_00381-1,
s_008um_00340_00383-1,
s_008um_00350_00379-1,
s_008um_00290_00219-1,
s_008um_00663_00596-1,
s_008um_00188_00222-1,
s_008um_00504_00375-1,
s_008um_00632_00211-1,
s_008um_00667_00615-1,
s_008um_00557_00201-1,
s_008um_00600_00196-1,
s_008um_00306_00208-1,
s_008um_00628_00411-1,
s_008um_00648_00410-1,
s_008um_00296_00608-1,
s_008um_00568_00216-1,
s_008um_00531_00597-1,
s_008um_00155_00231-1,
s_008um_00546_00196-1,
s_008um_00600_00226-1,
s_008um_00125_00248-1,
s_008um_00370_00394-1,
s_008um_00310_00605-1,
s_008um_00367_00608-1,
s_008um_00152_00404-1,
s_008um_00438_00598-1,
s_008um_00608_00602-1,
s_008um_00656_00615-1,
s_008um_00125_00242-1,
s_008um_00396_00392-1,
s_008um_00442_00597-1,
s_008um_00407_00611-1,
s_008um_00352_00384-1,
s_008um_00286_00220-1,
s_008um_00667_00605-1,
s_008um_00162_00405-1,
s_008um_00184_00221-1,
s_008um_00691_00418-1,
s_008um_00217_00386-1,
s_008um_00691_00411-1,
s_008um_00558_00212-1,
s_008um_00477_00380-1,
s_008um_00360_00379-1,
s_008um_00117_00247-1,
s_008um_00265_00369-1,
s_008um_00535_00203-1,
s_008um_00395_00604-1,
s_008um_00502_00388-1,
s_008um_00296_00375-1,
s_008um_00518_00388-1,
s_008um_00194_00225-1,
s_008um_00550_00198-1,
s_008um_00662_00420-1,
s_008um_00442_00593-1,
s_008um_00321_00372-1,
s_008um_00657_00608-1,
s_008um_00643_00213-1,
s_008um_00640_00403-1,
s_008um_00619_00200-1,
s_008um_00130_00237-1,
s_008um_00263_00386-1,
s_008um_00150_00238-1,
s_008um_00581_00226-1,
s_008um_00649_00604-1,
s_008um_00341_00376-1,
s_008um_00244_00390-1,
s_008um_00337_00205-1,
s_008um_00517_00370-1,
s_008um_00199_00228-1,
s_008um_00229_00224-1,
s_008um_00654_00212-1,
s_008um_00657_00413-1,
s_008um_00356_00368-1,
s_008um_00611_00222-1,
s_008um_00284_00218-1,
s_008um_00324_00386-1,
s_008um_00372_00214-1,
s_008um_00230_00601-1,
s_008um_00611_00226-1,
s_008um_00512_00384-1,
s_008um_00437_00604-1,
s_008um_00611_00623-1,
s_008um_00455_00208-1,
s_008um_00539_00217-1,
s_008um_00687_00203-1,
s_008um_00255_00223-1,
s_008um_00663_00608-1,
s_008um_00587_00414-1,
s_008um_00592_00385-1,
s_008um_00561_00383-1,
s_008um_00161_00245-1,
s_008um_00358_00208-1,
s_008um_00347_00208-1,
s_008um_00593_00199-1,
s_008um_00275_00601-1,
s_008um_00570_00385-1,
s_008um_00584_00210-1,
s_008um_00252_00601-1,
s_008um_00575_00615-1,
s_008um_00627_00620-1,
s_008um_00429_00212-1,CS2
s_008um_00666_00606-1,
s_008um_00648_00409-1,
s_008um_00375_00385-1,
s_008um_00586_00599-1,
s_008um_00675_00208-1,
s_008um_00373_00216-1,
s_008um_00492_00201-1,
s_008um_00308_00374-1,
s_008um_00329_00367-1,
s_008um_00599_00191-1,
s_008um_00441_00211-1,CS2
s_008um_00318_00373-1,
s_008um_00603_00612-1,
s_008um_00483_00376-1,
s_008um_00493_00391-1,
s_008um_00430_00605-1,
s_008um_00201_00392-1,
s_008um_00280_00611-1,
s_008um_00227_00392-1,
s_008um_00680_00419-1,
s_008um_00274_00221-1,
s_008um_00596_00200-1,
s_008um_00351_00372-1,
s_008um_00283_00213-1,
s_008um_00233_00397-1,
s_008um_00321_00367-1,
s_008um_00306_00601-1,
s_008um_00635_00603-1,
s_008um_00396_00598-1,
s_008um_00468_00395-1,
s_008um_00457_00387-1,
s_008um_00540_00384-1,
s_008um_00294_00377-1,
s_008um_00608_00405-1,
s_008um_00524_00370-1,
s_008um_00502_00371-1,
s_008um_00244_00600-1,
s_008um_00576_00418-1,
s_008um_00636_00615-1,
s_008um_00509_00196-1,
s_008um_00584_00196-1,
s_008um_00485_00390-1,
s_008um_00615_00396-1,
s_008um_00447_00605-1,
s_008um_00404_00375-1,
s_008um_00155_00251-1,
s_008um_00244_00220-1,
s_008um_00686_00616-1,
s_008um_00117_00244-1,
s_008um_00518_00211-1,
s_008um_00248_00596-1,
s_008um_00557_00199-1,
s_008um_00640_00410-1,
s_008um_00428_00387-1,
s_008um_00592_00211-1,
s_008um_00671_00608-1,
s_008um_00625_00207-1,
s_008um_00204_00223-1,
s_008um_00260_00383-1,
s_008um_00332_00388-1,
s_008um_00259_00600-1,
s_008um_00434_00211-1,CS2
s_008um_00239_00603-1,
s_008um_00283_00602-1,
s_008um_00350_00372-1,
s_008um_00382_00388-1,
s_008um_00267_00213-1,
s_008um_00616_00206-1,
s_008um_00689_00415-1,
s_008um_00650_00604-1,
s_008um_00516_00595-1,
s_008um_00649_00605-1,
s_008um_00574_00199-1,
s_008um_00542_00599-1,
s_008um_00627_00408-1,
s_008um_00576_00392-1,
s_008um_00659_00415-1,
s_008um_00161_00246-1,
s_008um_00326_00391-1,
s_008um_00602_00194-1,
s_008um_00620_00221-1,
s_008um_00657_00616-1,
s_008um_00544_00595-1,
s_008um_00601_00392-1,
s_008um_00502_00383-1,
s_008um_00540_00218-1,
s_008um_00597_00198-1,
s_008um_00263_00215-1,
s_008um_00644_00408-1,
s_008um_00649_00212-1,
s_008um_00560_00206-1,
s_008um_00130_00240-1,
s_008um_00508_00382-1,
s_008um_00707_00609-1,
s_008um_00686_00207-1,
s_008um_00450_00377-1,
s_008um_00540_00386-1,
s_008um_00565_00202-1,
s_008um_00332_00213-1,
s_008um_00383_00375-1,
s_008um_00477_00212-1,
s_008um_00595_00410-1,
s_008um_00662_00601-1,
s_008um_00387_00219-1,
s_008um_00276_00213-1,
s_008um_00234_00378-1,
s_008um_00118_00242-1,
s_008um_00648_00619-1,
s_008um_00441_00216-1,CS2
s_008um_00493_00388-1,
s_008um_00579_00207-1,
s_008um_00161_00235-1,
s_008um_00248_00376-1,
s_008um_00572_00604-1,
s_008um_00264_00220-1,
s_008um_00582_00386-1,
s_008um_00494_00202-1,
s_008um_00355_00368-1,
s_008um_00692_00611-1,
s_008um_00284_00379-1,
s_008um_00393_00215-1,
s_008um_00617_00408-1,
s_008um_00400_00216-1,
s_008um_00434_00374-1,
s_008um_00625_00596-1,
s_008um_00656_00408-1,
s_008um_00547_00201-1,
s_008um_00657_00618-1,
s_008um_00501_00206-1,
s_008um_00196_00399-1,
s_008um_00550_00614-1,
s_008um_00406_00371-1,
s_008um_00360_00205-1,
s_008um_00425_00215-1,CS2
s_008um_00460_00375-1,
s_008um_00567_00619-1,
s_008um_00365_00383-1,
s_008um_00506_00603-1,
s_008um_00621_00220-1,
s_008um_00176_00402-1,
s_008um_00677_00202-1,
s_008um_00379_00376-1,
s_008um_00445_00599-1,
s_008um_00650_00400-1,
s_008um_00571_00220-1,
s_008um_00348_00606-1,
s_008um_00580_00379-1,
s_008um_00559_00609-1,
s_008um_00399_00600-1,
s_008um_00687_00413-1,
s_008um_00574_00222-1,
s_008um_00410_00374-1,
s_008um_00336_00598-1,
s_008um_00684_00410-1,
s_008um_00335_00610-1,
s_008um_00621_00624-1,
s_008um_00283_00215-1,
s_008um_00694_00606-1,
s_008um_00337_00376-1,
s_008um_00562_00610-1,
s_008um_00246_00389-1,
s_008um_00637_00613-1,
s_008um_00193_00235-1,
s_008um_00513_00204-1,
s_008um_00592_00376-1,
s_008um_00624_00398-1,
s_008um_00708_00612-1,
s_008um_00556_00389-1,
s_008um_00319_00384-1,
s_008um_00551_00218-1,
s_008um_00448_00376-1,
s_008um_00553_00605-1,
s_008um_00510_00376-1,
s_008um_00593_00619-1,
s_008um_00593_00412-1,
s_008um_00432_00208-1,CS2
s_008um_00271_00371-1,
s_008um_00331_00385-1,
s_008um_00561_00380-1,
s_008um_00612_00597-1,
s_008um_00247_00386-1,
s_008um_00565_00377-1,
s_008um_00606_00614-1,
s_008um_00704_00605-1,
s_008um_00312_00379-1,
s_008um_00284_00370-1,
s_008um_00303_00598-1,
s_008um_00508_00386-1,
s_008um_00374_00609-1,
s_008um_00602_00230-1,
s_008um_00509_00204-1,
s_008um_00581_00210-1,
s_008um_00117_00229-1,
s_008um_00428_00600-1,
s_008um_00483_00587-1,
s_008um_00439_00389-1,
s_008um_00326_00385-1,
s_008um_00282_00602-1,
s_008um_00574_00392-1,
s_008um_00409_00392-1,
s_008um_00303_00215-1,
s_008um_00249_00220-1,
s_008um_00316_00379-1,
s_008um_00210_00390-1,
s_008um_00522_00592-1,
s_008um_00269_00382-1,
s_008um_00631_00201-1,
s_008um_00614_00221-1,
s_008um_00181_00237-1,
s_008um_00487_00375-1,
s_008um_00690_00618-1,
s_008um_00663_00407-1,
s_008um_00474_00212-1,
s_008um_00198_00217-1,
s_008um_00622_00611-1,
s_008um_00288_00386-1,
s_008um_00365_00212-1,
s_008um_00673_00415-1,
s_008um_00432_00377-1,
s_008um_00501_00380-1,
s_008um_00270_00366-1,
s_008um_00317_00378-1,
s_008um_00710_00610-1,
s_008um_00293_00603-1,
s_008um_00636_00223-1,
s_008um_00299_00385-1,
s_008um_00637_00619-1,
s_008um_00499_00391-1,
s_008um_00250_00592-1,
s_008um_00553_00608-1,
s_008um_00704_00207-1,
s_008um_00692_00417-1,
s_008um_00275_00223-1,
s_008um_00642_00418-1,
s_008um_00670_00616-1,
s_008um_00378_00371-1,
s_008um_00439_00213-1,CS2
s_008um_00566_00607-1,
s_008um_00613_00598-1,
s_008um_00641_00402-1,
s_008um_00548_00605-1,
s_008um_00609_00212-1,
s_008um_00703_00605-1,
s_008um_00547_00204-1,
s_008um_00312_00607-1,
s_008um_00383_00378-1,
s_008um_00696_00205-1,
s_008um_00438_00374-1,
s_008um_00480_00202-1,
s_008um_00582_00214-1,
s_008um_00665_00220-1,
s_008um_00665_00622-1,
s_008um_00335_00389-1,
s_008um_00621_00215-1,
s_008um_00314_00214-1,
s_008um_00320_00599-1,
s_008um_00371_00370-1,
s_008um_00598_00191-1,
s_008um_00448_00386-1,
s_008um_00192_00396-1,
s_008um_00613_00607-1,
s_008um_00303_00386-1,
s_008um_00641_00598-1,
s_008um_00448_00382-1,
s_008um_00467_00605-1,
s_008um_00442_00209-1,CS2
s_008um_00275_00217-1,
s_008um_00561_00599-1,
s_008um_00382_00217-1,
s_008um_00634_00600-1,
s_008um_00232_00592-1,
s_008um_00502_00391-1,
s_008um_00465_00599-1,
s_008um_00504_00595-1,
s_008um_00462_00600-1,
s_008um_00515_00592-1,
s_008um_00320_00389-1,
s_008um_00296_00212-1,
s_008um_00621_00600-1,
s_008um_00663_00206-1,
s_008um_00530_00199-1,
s_008um_00137_00233-1,
s_008um_00685_00604-1,
s_008um_00654_00601-1,
s_008um_00237_00380-1,
s_008um_00357_00381-1,
s_008um_00650_00401-1,
s_008um_00651_00232-1,
s_008um_00380_00609-1,
s_008um_00308_00382-1,
s_008um_00358_00210-1,
s_008um_00121_00243-1,
s_008um_00127_00229-1,
s_008um_00713_00601-1,
s_008um_00534_00595-1,
s_008um_00234_00387-1,
s_008um_00248_00378-1,
s_008um_00683_00612-1,
s_008um_00319_00376-1,
s_008um_00651_00593-1,
s_008um_00251_00371-1,
s_008um_00626_00398-1,
s_008um_00608_00402-1,
s_008um_00354_00207-1,
s_008um_00483_00598-1,
s_008um_00132_00234-1,
s_008um_00478_00208-1,
s_008um_00299_00208-1,
s_008um_00651_00600-1,
s_008um_00654_00208-1,
s_008um_00529_00202-1,
s_008um_00537_00385-1,
s_008um_00611_00606-1,
s_008um_00446_00391-1,
s_008um_00174_00401-1,
s_008um_00460_00377-1,
s_008um_00174_00228-1,
s_008um_00355_00211-1,
s_008um_00142_00230-1,
s_008um_00415_00606-1,
s_008um_00567_00381-1,
s_008um_00539_00194-1,
s_008um_00318_00613-1,
s_008um_00511_00387-1,
s_008um_00402_00605-1,
s_008um_00247_00382-1,
s_008um_00520_00606-1,
s_008um_00116_00238-1,
s_008um_00511_00215-1,
s_008um_00576_00211-1,
s_008um_00352_00604-1,
s_008um_00661_00613-1,
s_008um_00244_00378-1,
s_008um_00512_00381-1,
s_008um_00428_00601-1,
s_008um_00203_00403-1,
s_008um_00711_00617-1,
s_008um_00661_00618-1,
s_008um_00332_00212-1,
s_008um_00590_00202-1,
s_008um_00283_00604-1,
s_008um_00667_00412-1,
s_008um_00665_00203-1,
s_008um_00515_00370-1,
s_008um_00503_00587-1,
s_008um_00533_00598-1,
s_008um_00295_00372-1,
s_008um_00563_00603-1,
s_008um_00392_00388-1,
s_008um_00651_00215-1,
s_008um_00298_00211-1,
s_008um_00275_00381-1,
s_008um_00605_00226-1,
s_008um_00636_00222-1,
s_008um_00679_00618-1,
s_008um_00720_00604-1,
s_008um_00433_00395-1,
s_008um_00221_00225-1,
s_008um_00654_00599-1,
s_008um_00329_00381-1,
s_008um_00505_00375-1,
s_008um_00473_00204-1,
s_008um_00423_00600-1,
s_008um_00434_00208-1,CS2
s_008um_00663_00414-1,
s_008um_00489_00375-1,
s_008um_00634_00394-1,
s_008um_00485_00373-1,
s_008um_00531_00391-1,
s_008um_00145_00235-1,
s_008um_00660_00609-1,
s_008um_00329_00369-1,
s_008um_00598_00414-1,
s_008um_00342_00598-1,
s_008um_00695_00619-1,
s_008um_00535_00199-1,
s_008um_00413_00607-1,
s_008um_00632_00596-1,
s_008um_00529_00199-1,
s_008um_00471_00381-1,
s_008um_00118_00232-1,
s_008um_00716_00600-1,
s_008um_00259_00220-1,
s_008um_00609_00210-1,
s_008um_00355_00610-1,
s_008um_00630_00216-1,
s_008um_00455_00216-1,CS2
s_008um_00346_00211-1,
s_008um_00532_00379-1,
s_008um_00476_00390-1,
s_008um_00498_00587-1,
s_008um_00640_00402-1,
s_008um_00637_00403-1,
s_008um_00209_00216-1,
s_008um_00253_00220-1,
s_008um_00492_00372-1,
s_008um_00689_00210-1,
s_008um_00469_00217-1,
s_008um_00394_00613-1,
s_008um_00143_00238-1,
s_008um_00621_00623-1,
s_008um_00357_00207-1,
s_008um_00552_00214-1,
s_008um_00630_00209-1,
s_008um_00441_00602-1,
s_008um_00626_00226-1,
s_008um_00289_00603-1,
s_008um_00175_00228-1,
s_008um_00694_00603-1,
s_008um_00659_00413-1,
s_008um_00307_00209-1,
s_008um_00680_00204-1,
s_008um_00189_00234-1,
s_008um_00679_00417-1,
s_008um_00377_00209-1,
s_008um_00500_00374-1,
s_008um_00663_00213-1,
s_008um_00363_00607-1,
s_008um_00634_00597-1,
s_008um_00426_00607-1,
s_008um_00584_00610-1,
s_008um_00595_00223-1,
s_008um_00515_00600-1,
s_008um_00534_00603-1,
s_008um_00607_00603-1,
s_008um_00260_00368-1,
s_008um_00661_00213-1,
s_008um_00715_00602-1,
s_008um_00593_00600-1,
s_008um_00589_00211-1,
s_008um_00537_00394-1,
s_008um_00545_00384-1,
s_008um_00611_00404-1,
s_008um_00612_00412-1,
s_008um_00720_00601-1,
s_008um_00194_00238-1,
s_008um_00369_00378-1,
s_008um_00494_00198-1,
s_008um_00461_00605-1,
s_008um_00474_00596-1,
s_008um_00227_00377-1,
s_008um_00663_00597-1,
s_008um_00684_00413-1,
s_008um_00447_00603-1,
s_008um_00531_00386-1,
s_008um_00551_00386-1,
s_008um_00482_00381-1,
s_008um_00561_00218-1,
s_008um_00562_00391-1,
s_008um_00600_00603-1,
s_008um_00373_00612-1,
s_008um_00658_00603-1,
s_008um_00448_00394-1,
s_008um_00345_00609-1,
s_008um_00432_00386-1,
s_008um_00636_00397-1,
s_008um_00504_00210-1,
s_008um_00476_00382-1,
s_008um_00347_00375-1,
s_008um_00433_00594-1,
s_008um_00711_00602-1,
s_008um_00547_00382-1,
s_008um_00449_00386-1,
s_008um_00456_00374-1,
s_008um_00390_00219-1,
s_008um_00650_00221-1,
s_008um_00114_00244-1,
s_008um_00299_00598-1,
s_008um_00379_00605-1,
s_008um_00469_00593-1,
s_008um_00128_00236-1,
s_008um_00315_00388-1,
s_008um_00668_00406-1,
s_008um_00450_00220-1,CS2
s_008um_00509_00380-1,
s_008um_00552_00199-1,
s_008um_00330_00387-1,
s_008um_00652_00614-1,
s_008um_00625_00610-1,
s_008um_00409_00374-1,
s_008um_00338_00208-1,
s_008um_00317_00600-1,
s_008um_00452_00391-1,
s_008um_00366_00388-1,
s_008um_00268_00382-1,
s_008um_00312_00382-1,
s_008um_00611_00618-1,
s_008um_00567_00606-1,
s_008um_00449_00374-1,
s_008um_00510_00383-1,
s_008um_00636_00204-1,
s_008um_00669_00417-1,
s_008um_00334_00614-1,
s_008um_00542_00211-1,
s_008um_00368_00606-1,
s_008um_00660_00221-1,
s_008um_00368_00604-1,
s_008um_00616_00214-1,
s_008um_00365_00394-1,
s_008um_00537_00601-1,
s_008um_00348_00602-1,
s_008um_00485_00591-1,
s_008um_00207_00221-1,
s_008um_00618_00606-1,
s_008um_00485_00593-1,
s_008um_00204_00231-1,
s_008um_00656_00602-1,
s_008um_00613_00196-1,
s_008um_00489_00597-1,
s_008um_00510_00215-1,
s_008um_00512_00391-1,
s_008um_00224_00221-1,
s_008um_00691_00206-1,
s_008um_00494_00589-1,
s_008um_00159_00405-1,
s_008um_00397_00373-1,
s_008um_00393_00381-1,
s_008um_00176_00234-1,
s_008um_00696_00410-1,
s_008um_00634_00200-1,
s_008um_00305_00376-1,
s_008um_00609_00621-1,
s_008um_00620_00228-1,
s_008um_00123_00233-1,
s_008um_00520_00610-1,
s_008um_00229_00598-1,
s_008um_00591_00380-1,
s_008um_00599_00212-1,
s_008um_00262_00373-1,
s_008um_00507_00210-1,
s_008um_00227_00216-1,
s_008um_00503_00197-1,
s_008um_00675_00416-1,
s_008um_00375_00210-1,
s_008um_00577_00605-1,
s_008um_00299_00216-1,
s_008um_00549_00375-1,
s_008um_00250_00388-1,
s_008um_00226_00223-1,
s_008um_00470_00602-1,
s_008um_00118_00243-1,
s_008um_00611_00412-1,
s_008um_00626_00600-1,
s_008um_00211_00223-1,
s_008um_00457_00392-1,
s_008um_00593_00408-1,
s_008um_00175_00225-1,
s_008um_00166_00403-1,
s_008um_00447_00212-1,CS2
s_008um_00489_00603-1,
s_008um_00436_00375-1,
s_008um_00615_00201-1,
s_008um_00195_00224-1,
s_008um_00616_00226-1,
s_008um_00364_00209-1,
s_008um_00561_00205-1,
s_008um_00180_00224-1,
s_008um_00506_00375-1,
s_008um_00586_00194-1,
s_008um_00302_00379-1,
s_008um_00710_00605-1,
s_008um_00544_00369-1,
s_008um_00586_00220-1,
s_008um_00633_00215-1,
s_008um_00658_00415-1,
s_008um_00555_00211-1,
s_008um_00655_00620-1,
s_008um_00647_00405-1,
s_008um_00660_00200-1,
s_008um_00533_00213-1,
s_008um_00125_00247-1,
s_008um_00636_00215-1,
s_008um_00172_00407-1,
s_008um_00640_00416-1,
s_008um_00416_00390-1,
s_008um_00387_00613-1,
s_008um_00570_00211-1,
s_008um_00367_00606-1,
s_008um_00390_00613-1,
s_008um_00468_00389-1,
s_008um_00290_00379-1,
s_008um_00454_00386-1,
s_008um_00545_00376-1,
s_008um_00523_00373-1,
s_008um_00287_00389-1,
s_008um_00586_00206-1,
s_008um_00658_00220-1,
s_008um_00158_00403-1,
s_008um_00266_00606-1,
s_008um_00666_00599-1,
s_008um_00593_00376-1,
s_008um_00535_00594-1,
s_008um_00641_00222-1,
s_008um_00216_00218-1,
s_008um_00590_00616-1,
s_008um_00400_00609-1,
s_008um_00439_00385-1,
s_008um_00555_00599-1,
s_008um_00603_00615-1,
s_008um_00327_00391-1,
s_008um_00619_00616-1,
s_008um_00513_00208-1,
s_008um_00574_00388-1,
s_008um_00436_00203-1,CS2
s_008um_00604_00390-1,
s_008um_00398_00378-1,
s_008um_00432_00201-1,
s_008um_00597_00228-1,
s_008um_00245_00593-1,
s_008um_00462_00593-1,
s_008um_00400_00601-1,
s_008um_00534_00206-1,
s_008um_00582_00212-1,
s_008um_00393_00380-1,
s_008um_00564_00382-1,
s_008um_00581_00610-1,
s_008um_00365_00215-1,
s_008um_00442_00206-1,CS2
s_008um_00122_00235-1,
s_008um_00376_00210-1,
s_008um_00244_00375-1,
s_008um_00232_00390-1,
s_008um_00690_00601-1,
s_008um_00447_00210-1,CS2
s_008um_00374_00212-1,
s_008um_00467_00378-1,
s_008um_00420_00596-1,
s_008um_00182_00236-1,
s_008um_00334_00207-1,
s_008um_00514_00377-1,
s_008um_00187_00225-1,
s_008um_00265_00222-1,
s_008um_00666_00598-1,
s_008um_00594_00200-1,
s_008um_00613_00206-1,
s_008um_00155_00409-1,
s_008um_00631_00602-1,
s_008um_00193_00398-1,
s_008um_00629_00398-1,
s_008um_00614_00597-1,
s_008um_00367_00376-1,
s_008um_00387_00387-1,
s_008um_00592_00224-1,
s_008um_00645_00605-1,
s_008um_00504_00371-1,
s_008um_00625_00216-1,
s_008um_00432_00600-1,
s_008um_00131_00234-1,
s_008um_00186_00227-1,
s_008um_00351_00603-1,
s_008um_00560_00211-1,
s_008um_00120_00246-1,
s_008um_00643_00618-1,
s_008um_00647_00222-1,
s_008um_00581_00204-1,
s_008um_00574_00200-1,
s_008um_00327_00597-1,
s_008um_00392_00376-1,
s_008um_00409_00215-1,
s_008um_00315_00387-1,
s_008um_00247_00599-1,
s_008um_00266_00607-1,
s_008um_00335_00373-1,
s_008um_00643_00227-1,
s_008um_00325_00612-1,
s_008um_00483_00202-1,
s_008um_00544_00389-1,
s_008um_00667_00203-1,
s_008um_00119_00244-1,
s_008um_00642_00216-1,
s_008um_00598_00612-1,
s_008um_00343_00389-1,
s_008um_00329_00370-1,
s_008um_00450_00214-1,CS2
s_008um_00523_00392-1,
s_008um_00525_00606-1,
s_008um_00610_00224-1,
s_008um_00490_00211-1,
s_008um_00656_00205-1,
s_008um_00266_00598-1,
s_008um_00609_00412-1,
s_008um_00220_00212-1,
s_008um_00395_00383-1,
s_008um_00544_00380-1,
s_008um_00664_00607-1,
s_008um_00555_00603-1,
s_008um_00314_00207-1,
s_008um_00398_00213-1,
s_008um_00665_00208-1,
s_008um_00294_00374-1,
s_008um_00339_00214-1,
s_008um_00706_00423-1,
s_008um_00461_00376-1,
s_008um_00543_00369-1,
s_008um_00661_00214-1,
s_008um_00630_00598-1,
s_008um_00564_00196-1,
s_008um_00232_00591-1,
s_008um_00599_00616-1,
s_008um_00209_00387-1,
s_008um_00630_00210-1,
s_008um_00460_00216-1,CS2
s_008um_00320_00612-1,
s_008um_00575_00378-1,
s_008um_00562_00194-1,
s_008um_00412_00217-1,
s_008um_00673_00617-1,
s_008um_00362_00392-1,
s_008um_00669_00412-1,
s_008um_00317_00613-1,
s_008um_00708_00599-1,
s_008um_00644_00422-1,
s_008um_00534_00217-1,
s_008um_00394_00380-1,
s_008um_00474_00588-1,
s_008um_00257_00373-1,
s_008um_00498_00386-1,
s_008um_00554_00204-1,
s_008um_00659_00217-1,
s_008um_00683_00610-1,
s_008um_00373_00616-1,
s_008um_00468_00599-1,
s_008um_00218_00213-1,
s_008um_00621_00209-1,
s_008um_00185_00232-1,
s_008um_00514_00204-1,
s_008um_00524_00607-1,
s_008um_00215_00396-1,
s_008um_00605_00221-1,
s_008um_00236_00387-1,
s_008um_00679_00600-1,
s_008um_00491_00206-1,
s_008um_00509_00200-1,
s_008um_00417_00219-1,CS2
s_008um_00295_00609-1,
s_008um_00458_00390-1,
s_008um_00625_00398-1,
s_008um_00522_00197-1,
s_008um_00432_00601-1,
s_008um_00540_00198-1,
s_008um_00121_00233-1,
s_008um_00566_00199-1,
s_008um_00316_00208-1,
s_008um_00157_00404-1,
s_008um_00357_00208-1,
s_008um_00427_00374-1,
s_008um_00436_00391-1,
s_008um_00544_00599-1,
s_008um_00347_00389-1,
s_008um_00677_00215-1,
s_008um_00365_00376-1,
s_008um_00439_00595-1,
s_008um_00360_00378-1,
s_008um_00141_00239-1,
s_008um_00289_00374-1,
s_008um_00162_00233-1,
s_008um_00642_00234-1,
s_008um_00300_00608-1,
s_008um_00562_00616-1,
s_008um_00572_00599-1,
s_008um_00580_00198-1,
s_008um_00465_00377-1,
s_008um_00638_00402-1,
s_008um_00198_00393-1,
s_008um_00161_00227-1,
s_008um_00341_00380-1,
s_008um_00455_00381-1,
s_008um_00282_00370-1,
s_008um_00480_00587-1,
s_008um_00640_00599-1,
s_008um_00624_00399-1,
s_008um_00367_00598-1,
s_008um_00295_00370-1,
s_008um_00641_00596-1,
s_008um_00351_00378-1,
s_008um_00522_00609-1,
s_008um_00394_00600-1,
s_008um_00171_00408-1,
s_008um_00621_00393-1,
s_008um_00525_00374-1,
s_008um_00402_00384-1,
s_008um_00627_00398-1,
s_008um_00639_00209-1,
s_008um_00427_00606-1,
s_008um_00594_00193-1,
s_008um_00290_00212-1,
s_008um_00313_00386-1,
s_008um_00682_00413-1,
s_008um_00406_00600-1,
s_008um_00538_00370-1,
s_008um_00637_00616-1,
s_008um_00531_00216-1,
s_008um_00447_00203-1,
s_008um_00669_00598-1,
s_008um_00585_00413-1,
s_008um_00385_00381-1,
s_008um_00418_00208-1,CS2
s_008um_00612_00613-1,
s_008um_00564_00194-1,
s_008um_00373_00212-1,
s_008um_00601_00204-1,
s_008um_00570_00194-1,
s_008um_00258_00605-1,
s_008um_00539_00380-1,
s_008um_00427_00214-1,CS2
s_008um_00410_00602-1,
s_008um_00430_00210-1,CS2
s_008um_00215_00386-1,
s_008um_00273_00368-1,
s_008um_00606_00416-1,
s_008um_00629_00218-1,
s_008um_00292_00609-1,
s_008um_00651_00616-1,
s_008um_00223_00381-1,
s_008um_00282_00605-1,
s_008um_00246_00380-1,
s_008um_00217_00224-1,
s_008um_00626_00606-1,
s_008um_00645_00232-1,
s_008um_00268_00385-1,
s_008um_00135_00230-1,
s_008um_00654_00406-1,
s_008um_00114_00232-1,
s_008um_00595_00211-1,
s_008um_00304_00385-1,
s_008um_00570_00599-1,
s_008um_00669_00596-1,
s_008um_00280_00607-1,
s_008um_00305_00598-1,
s_008um_00588_00614-1,
s_008um_00698_00410-1,
s_008um_00630_00230-1,
s_008um_00422_00392-1,
s_008um_00711_00610-1,
s_008um_00188_00392-1,
s_008um_00571_00615-1,
s_008um_00292_00603-1,
s_008um_00535_00380-1,
s_008um_00541_00199-1,
s_008um_00444_00395-1,
s_008um_00370_00600-1,
s_008um_00490_00593-1,
s_008um_00542_00391-1,
s_008um_00266_00377-1,
s_008um_00628_00216-1,
s_008um_00400_00381-1,
s_008um_00510_00591-1,
s_008um_00437_00601-1,
s_008um_00636_00412-1,
s_008um_00577_00222-1,
s_008um_00464_00595-1,
s_008um_00707_00413-1,
s_008um_00634_00610-1,
s_008um_00711_00618-1,
s_008um_00630_00601-1,
s_008um_00497_00381-1,
s_008um_00546_00383-1,
s_008um_00649_00603-1,
s_008um_00717_00617-1,
s_008um_00628_00618-1,
s_008um_00140_00232-1,
s_008um_00602_00224-1,
s_008um_00596_00620-1,
s_008um_00639_00615-1,
s_008um_00524_00197-1,
s_008um_00675_00602-1,
s_008um_00626_00224-1,
s_008um_00699_00204-1,
s_008um_00614_00224-1,
s_008um_00536_00606-1,
s_008um_00618_00395-1,
s_008um_00592_00621-1,
s_008um_00197_00395-1,
s_008um_00646_00406-1,
s_008um_00234_00392-1,
s_008um_00551_00376-1,
s_008um_00394_00612-1,
s_008um_00708_00618-1,
s_008um_00232_00225-1,
s_008um_00376_00372-1,
s_008um_00629_00597-1,
s_008um_00179_00401-1,
s_008um_00512_00389-1,
s_008um_00107_00231-1,
s_008um_00333_00207-1,
s_008um_00323_00602-1,
s_008um_00295_00207-1,
s_008um_00517_00216-1,
s_008um_00629_00213-1,
s_008um_00144_00228-1,
s_008um_00386_00383-1,
s_008um_00419_00395-1,
s_008um_00261_00383-1,
s_008um_00230_00383-1,
s_008um_00545_00382-1,
s_008um_00263_00375-1,
s_008um_00123_00239-1,
s_008um_00425_00216-1,CS2
s_008um_00323_00383-1,
s_008um_00693_00421-1,
s_008um_00539_00390-1,
s_008um_00356_00598-1,
s_008um_00376_00601-1,
s_008um_00698_00618-1,
s_008um_00357_00601-1,
s_008um_00593_00418-1,
s_008um_00293_00386-1,
s_008um_00596_00608-1,
s_008um_00339_00384-1,
s_008um_00604_00220-1,
s_008um_00422_00395-1,
s_008um_00609_00231-1,
s_008um_00565_00384-1,
s_008um_00694_00601-1,
s_008um_00592_00622-1,
s_008um_00238_00392-1,
s_008um_00180_00402-1,
s_008um_00452_00382-1,
s_008um_00554_00196-1,
s_008um_00415_00374-1,
s_008um_00280_00366-1,
s_008um_00117_00240-1,
s_008um_00547_00209-1,
s_008um_00239_00223-1,
s_008um_00484_00387-1,
s_008um_00111_00233-1,
s_008um_00626_00220-1,
s_008um_00243_00592-1,
s_008um_00608_00410-1,
s_008um_00590_00615-1,
s_008um_00167_00233-1,
s_008um_00461_00596-1,
s_008um_00379_00611-1,
s_008um_00677_00408-1,
s_008um_00552_00384-1,
s_008um_00513_00375-1,
s_008um_00576_00198-1,
s_008um_00243_00589-1,
s_008um_00363_00381-1,
s_008um_00360_00598-1,
s_008um_00158_00408-1,
s_008um_00376_00383-1,
s_008um_00700_00611-1,
s_008um_00551_00594-1,
s_008um_00630_00206-1,
s_008um_00597_00393-1,
s_008um_00337_00614-1,
s_008um_00312_00384-1,
s_008um_00602_00205-1,
s_008um_00593_00205-1,
s_008um_00405_00387-1,
s_008um_00595_00210-1,
s_008um_00615_00391-1,
s_008um_00579_00223-1,
s_008um_00386_00603-1,
s_008um_00237_00391-1,
s_008um_00506_00199-1,
s_008um_00635_00396-1,
s_008um_00604_00405-1,
s_008um_00315_00380-1,
s_008um_00286_00389-1,
s_008um_00654_00612-1,
s_008um_00360_00604-1,
s_008um_00172_00239-1,
s_008um_00373_00602-1,
s_008um_00119_00234-1,
s_008um_00394_00381-1,
s_008um_00619_00197-1,
s_008um_00598_00415-1,
s_008um_00226_00219-1,
s_008um_00169_00234-1,
s_008um_00616_00597-1,
s_008um_00201_00403-1,
s_008um_00247_00225-1,
s_008um_00493_00597-1,
s_008um_00325_00379-1,
s_008um_00348_00607-1,
s_008um_00266_00380-1,
s_008um_00677_00208-1,
s_008um_00614_00229-1,
s_008um_00307_00210-1,
s_008um_00687_00617-1,
s_008um_00358_00378-1,
s_008um_00313_00601-1,
s_008um_00629_00404-1,
s_008um_00610_00200-1,
s_008um_00435_00597-1,
s_008um_00417_00218-1,CS2
s_008um_00549_00382-1,
s_008um_00399_00380-1,
s_008um_00585_00605-1,
s_008um_00635_00210-1,
s_008um_00640_00616-1,
s_008um_00692_00214-1,
s_008um_00228_00213-1,
s_008um_00285_00609-1,
s_008um_00576_00388-1,
s_008um_00704_00423-1,
s_008um_00149_00233-1,
s_008um_00478_00384-1,
s_008um_00686_00421-1,
s_008um_00628_00600-1,
s_008um_00264_00217-1,
s_008um_00495_00391-1,
s_008um_00384_00381-1,
s_008um_00143_00237-1,
s_008um_00620_00607-1,
s_008um_00479_00596-1,
s_008um_00533_00605-1,
s_008um_00562_00606-1,
s_008um_00268_00605-1,
s_008um_00565_00378-1,
s_008um_00587_00614-1,
s_008um_00517_00593-1,
s_008um_00491_00384-1,
s_008um_00229_00213-1,
s_008um_00325_00368-1,
s_008um_00475_00387-1,
s_008um_00493_00595-1,
s_008um_00338_00610-1,
s_008um_00350_00390-1,
s_008um_00162_00247-1,
s_008um_00688_00422-1,
s_008um_00120_00225-1,
s_008um_00394_00369-1,
s_008um_00704_00412-1,
s_008um_00366_00603-1,
s_008um_00414_00603-1,
s_008um_00320_00208-1,
s_008um_00499_00588-1,
s_008um_00416_00383-1,
s_008um_00527_00387-1,
s_008um_00629_00595-1,
s_008um_00501_00386-1,
s_008um_00672_00418-1,
s_008um_00625_00397-1,
s_008um_00337_00379-1,
s_008um_00405_00382-1,
s_008um_00614_00407-1,
s_008um_00555_00600-1,
s_008um_00605_00198-1,
s_008um_00601_00602-1,
s_008um_00646_00232-1,
s_008um_00594_00603-1,
s_008um_00631_00410-1,
s_008um_00448_00209-1,CS2
s_008um_00322_00602-1,
s_008um_00512_00197-1,
s_008um_00564_00213-1,
s_008um_00708_00600-1,
s_008um_00633_00397-1,
s_008um_00168_00234-1,
s_008um_00307_00378-1,
s_008um_00649_00233-1,
s_008um_00334_00600-1,
s_008um_00400_00379-1,
s_008um_00622_00393-1,
s_008um_00680_00620-1,
s_008um_00689_00207-1,
s_008um_00414_00217-1,
s_008um_00230_00394-1,
s_008um_00407_00375-1,
s_008um_00282_00219-1,
s_008um_00493_00379-1,
s_008um_00612_00417-1,
s_008um_00678_00209-1,
s_008um_00633_00608-1,
s_008um_00202_00215-1,
s_008um_00534_00612-1,
s_008um_00676_00210-1,
s_008um_00279_00367-1,
s_008um_00660_00595-1,
s_008um_00647_00611-1,
s_008um_00499_00212-1,
s_008um_00674_00605-1,
s_008um_00646_00399-1,
s_008um_00468_00214-1,
s_008um_00468_00380-1,
s_008um_00282_00607-1,
s_008um_00404_00211-1,
s_008um_00314_00386-1,
s_008um_00151_00230-1,
s_008um_00542_00205-1,
s_008um_00385_00390-1,
s_008um_00203_00388-1,
s_008um_00588_00206-1,
s_008um_00688_00619-1,
s_008um_00156_00252-1,
s_008um_00292_00390-1,
s_008um_00626_00608-1,
s_008um_00228_00385-1,
s_008um_00402_00612-1,
s_008um_00613_00209-1,
s_008um_00699_00423-1,
s_008um_00283_00383-1,
s_008um_00220_00398-1,
s_008um_00687_00210-1,
s_008um_00550_00595-1,
s_008um_00538_00198-1,
s_008um_00488_00390-1,
s_008um_00549_00381-1,
s_008um_00543_00383-1,
s_008um_00273_00380-1,
s_008um_00462_00598-1,
s_008um_00588_00608-1,
s_008um_00606_00195-1,
s_008um_00323_00378-1,
s_008um_00281_00391-1,
s_008um_00569_00203-1,
s_008um_00567_00374-1,
s_008um_00582_00412-1,
s_008um_00621_00231-1,
s_008um_00397_00382-1,
s_008um_00686_00601-1,
s_008um_00705_00613-1,
s_008um_00392_00384-1,
s_008um_00291_00373-1,
s_008um_00447_00216-1,CS2
s_008um_00559_00612-1,
s_008um_00704_00421-1,
s_008um_00645_00611-1,
s_008um_00233_00217-1,
s_008um_00352_00605-1,
s_008um_00222_00378-1,
s_008um_00259_00214-1,
s_008um_00348_00212-1,
s_008um_00218_00386-1,
s_008um_00298_00374-1,
s_008um_00338_00384-1,
s_008um_00361_00204-1,
s_008um_00183_00400-1,
s_008um_00287_00215-1,
s_008um_00271_00377-1,
s_008um_00401_00213-1,
s_008um_00611_00206-1,
s_008um_00324_00366-1,
s_008um_00223_00385-1,
s_008um_00594_00613-1,
s_008um_00577_00602-1,
s_008um_00377_00385-1,
s_008um_00227_00594-1,
s_008um_00207_00214-1,
s_008um_00525_00384-1,
s_008um_00668_00609-1,
s_008um_00654_00595-1,
s_008um_00228_00595-1,
s_008um_00303_00208-1,
s_008um_00306_00207-1,
s_008um_00707_00205-1,
s_008um_00155_00234-1,
s_008um_00519_00201-1,
s_008um_00447_00389-1,
s_008um_00328_00612-1,
s_008um_00706_00420-1,
s_008um_00663_00216-1,
s_008um_00593_00197-1,
s_008um_00483_00207-1,
s_008um_00568_00598-1,
s_008um_00110_00232-1,
s_008um_00358_00599-1,
s_008um_00335_00388-1,
s_008um_00469_00602-1,
s_008um_00475_00206-1,
s_008um_00572_00389-1,
s_008um_00604_00619-1,
s_008um_00197_00398-1,
s_008um_00558_00608-1,
s_008um_00531_00612-1,
s_008um_00175_00226-1,
s_008um_00652_00402-1,
s_008um_00602_00601-1,
s_008um_00326_00368-1,
s_008um_00257_00221-1,
s_008um_00512_00392-1,
s_008um_00568_00602-1,
s_008um_00644_00395-1,
s_008um_00338_00375-1,
s_008um_00553_00594-1,
s_008um_00426_00395-1,
s_008um_00633_00214-1,
s_008um_00610_00197-1,
s_008um_00712_00601-1,
s_008um_00165_00407-1,
s_008um_00594_00377-1,
s_008um_00106_00235-1,
s_008um_00391_00375-1,
s_008um_00325_00603-1,
s_008um_00690_00412-1,
s_008um_00552_00612-1,
s_008um_00178_00236-1,
s_008um_00628_00415-1,
s_008um_00624_00624-1,
s_008um_00703_00415-1,
s_008um_00625_00618-1,
s_008um_00512_00382-1,
s_008um_00378_00212-1,
s_008um_00569_00205-1,
s_008um_00676_00207-1,
s_008um_00529_00383-1,
s_008um_00645_00229-1,
s_008um_00537_00373-1,
s_008um_00267_00219-1,
s_008um_00329_00368-1,
s_008um_00230_00589-1,
s_008um_00260_00370-1,
s_008um_00637_00419-1,
s_008um_00234_00386-1,
s_008um_00613_00414-1,
s_008um_00247_00218-1,
s_008um_00325_00382-1,
s_008um_00517_00391-1,
s_008um_00224_00224-1,
s_008um_00516_00210-1,
s_008um_00687_00606-1,
s_008um_00233_00377-1,
s_008um_00254_00372-1,
s_008um_00347_00385-1,
s_008um_00478_00203-1,
s_008um_00475_00210-1,
s_008um_00620_00597-1,
s_008um_00513_00604-1,
s_008um_00704_00618-1,
s_008um_00337_00611-1,
s_008um_00391_00219-1,
s_008um_00628_00207-1,
s_008um_00249_00600-1,
s_008um_00649_00617-1,
s_008um_00623_00609-1,
s_008um_00587_00213-1,
s_008um_00657_00606-1,
s_008um_00589_00217-1,
s_008um_00396_00370-1,
s_008um_00665_00412-1,
s_008um_00315_00214-1,
s_008um_00529_00204-1,
s_008um_00628_00201-1,
s_008um_00613_00230-1,
s_008um_00439_00391-1,
s_008um_00620_00205-1,
s_008um_00491_00393-1,
s_008um_00638_00620-1,
s_008um_00454_00600-1,
s_008um_00366_00387-1,
s_008um_00521_00596-1,
s_008um_00508_00600-1,
s_008um_00455_00213-1,CS2
s_008um_00665_00620-1,
s_008um_00422_00607-1,
s_008um_00440_00214-1,CS2
s_008um_00467_00387-1,
s_008um_00611_00225-1,
s_008um_00365_00373-1,
s_008um_00286_00604-1,
s_008um_00656_00417-1,
s_008um_00709_00204-1,
s_008um_00680_00604-1,
s_008um_00553_00391-1,
s_008um_00393_00603-1,
s_008um_00497_00593-1,
s_008um_00283_00373-1,
s_008um_00574_00619-1,
s_008um_00714_00602-1,
s_008um_00318_00367-1,
s_008um_00651_00213-1,
s_008um_00342_00606-1,
s_008um_00702_00598-1,
s_008um_00584_00194-1,
s_008um_00643_00613-1,
s_008um_00611_00615-1,
s_008um_00630_00603-1,
s_008um_00300_00387-1,
s_008um_00311_00600-1,
s_008um_00232_00386-1,
s_008um_00367_00377-1,
s_008um_00249_00597-1,
s_008um_00227_00214-1,
s_008um_00419_00597-1,
s_008um_00501_00203-1,
s_008um_00627_00594-1,
s_008um_00649_00216-1,
s_008um_00718_00618-1,
s_008um_00573_00375-1,
s_008um_00443_00376-1,
s_008um_00403_00612-1,
s_008um_00209_00396-1,
s_008um_00504_00214-1,
s_008um_00507_00382-1,
s_008um_00383_00380-1,
s_008um_00627_00612-1,
s_008um_00615_00618-1,
s_008um_00574_00213-1,
s_008um_00694_00208-1,
s_008um_00550_00370-1,
s_008um_00502_00392-1,
s_008um_00416_00376-1,
s_008um_00522_00378-1,
s_008um_00165_00236-1,
s_008um_00698_00204-1,
s_008um_00251_00217-1,
s_008um_00440_00209-1,CS2
s_008um_00337_00372-1,
s_008um_00258_00376-1,
s_008um_00502_00378-1,
s_008um_00349_00385-1,
s_008um_00332_00385-1,
s_008um_00423_00392-1,
s_008um_00313_00377-1,
s_008um_00266_00601-1,
s_008um_00275_00374-1,
s_008um_00386_00375-1,
s_008um_00337_00606-1,
s_008um_00619_00597-1,
s_008um_00134_00243-1,
s_008um_00677_00216-1,
s_008um_00467_00217-1,
s_008um_00694_00613-1,
s_008um_00576_00225-1,
s_008um_00347_00212-1,
s_008um_00232_00590-1,
s_008um_00196_00398-1,
s_008um_00403_00214-1,
s_008um_00504_00603-1,
s_008um_00597_00196-1,
s_008um_00409_00607-1,
s_008um_00481_00210-1,
s_008um_00612_00205-1,
s_008um_00292_00380-1,
s_008um_00510_00200-1,
s_008um_00418_00599-1,
s_008um_00158_00232-1,
s_008um_00302_00210-1,
s_008um_00536_00380-1,
s_008um_00518_00392-1,
s_008um_00568_00199-1,
s_008um_00594_00385-1,
s_008um_00532_00389-1,
s_008um_00619_00598-1,
s_008um_00659_00407-1,
s_008um_00462_00383-1,
s_008um_00623_00205-1,
s_008um_00530_00393-1,
s_008um_00633_00206-1,
s_008um_00654_00203-1,
s_008um_00222_00394-1,
s_008um_00517_00208-1,
s_008um_00371_00386-1,
s_008um_00466_00213-1,
s_008um_00545_00387-1,
s_008um_00357_00388-1,
s_008um_00266_00225-1,
s_008um_00392_00373-1,
s_008um_00489_00596-1,
s_008um_00587_00212-1,
s_008um_00273_00600-1,
s_008um_00545_00605-1,
s_008um_00698_00422-1,
s_008um_00600_00388-1,
s_008um_00563_00389-1,
s_008um_00620_00406-1,
s_008um_00313_00374-1,
s_008um_00659_00200-1,
s_008um_00234_00221-1,
s_008um_00230_00397-1,
s_008um_00324_00384-1,
s_008um_00648_00607-1,
s_008um_00126_00241-1,
s_008um_00603_00222-1,
s_008um_00358_00212-1,
s_008um_00232_00396-1,
s_008um_00521_00197-1,
s_008um_00611_00213-1,
s_008um_00565_00600-1,
s_008um_00669_00224-1,
s_008um_00604_00223-1,
s_008um_00284_00215-1,
s_008um_00563_00375-1,
s_008um_00250_00380-1,
s_008um_00539_00611-1,
s_008um_00577_00611-1,
s_008um_00429_00207-1,CS2
s_008um_00497_00594-1,
s_008um_00280_00212-1,
s_008um_00524_00372-1,
s_008um_00695_00411-1,
s_008um_00236_00380-1,
s_008um_00708_00208-1,
s_008um_00200_00219-1,
s_008um_00159_00232-1,
s_008um_00295_00602-1,
s_008um_00664_00205-1,
s_008um_00253_00605-1,
s_008um_00228_00399-1,
s_008um_00172_00227-1,
s_008um_00523_00385-1,
s_008um_00235_00224-1,
s_008um_00611_00616-1,
s_008um_00202_00225-1,
s_008um_00599_00200-1,
s_008um_00330_00212-1,
s_008um_00418_00382-1,
s_008um_00706_00207-1,
s_008um_00655_00215-1,
s_008um_00617_00410-1,
s_008um_00334_00606-1,
s_008um_00680_00211-1,
s_008um_00194_00402-1,
s_008um_00674_00609-1,
s_008um_00373_00607-1,
s_008um_00618_00413-1,
s_008um_00622_00615-1,
s_008um_00397_00369-1,
s_008um_00320_00365-1,
s_008um_00122_00243-1,
s_008um_00381_00386-1,
s_008um_00614_00604-1,
s_008um_00239_00591-1,
s_008um_00480_00391-1,
s_008um_00519_00602-1,
s_008um_00511_00206-1,
s_008um_00196_00394-1,
s_008um_00222_00389-1,
s_008um_00402_00611-1,
s_008um_00313_00373-1,
s_008um_00359_00394-1,
s_008um_00264_00225-1,
s_008um_00390_00388-1,
s_008um_00472_00378-1,
s_008um_00626_00395-1,
s_008um_00612_00227-1,
s_008um_00536_00384-1,
s_008um_00567_00615-1,
s_008um_00657_00209-1,
s_008um_00436_00218-1,CS2
s_008um_00421_00604-1,
s_008um_00584_00599-1,
s_008um_00308_00599-1,
s_008um_00416_00604-1,
s_008um_00393_00210-1,
s_008um_00521_00593-1,
s_008um_00515_00199-1,
s_008um_00368_00602-1,
s_008um_00573_00611-1,
s_008um_00699_00420-1,
s_008um_00619_00610-1,
s_008um_00692_00598-1,
s_008um_00382_00386-1,
s_008um_00358_00388-1,
s_008um_00668_00602-1,
s_008um_00299_00602-1,
s_008um_00617_00390-1,
s_008um_00255_00378-1,
s_008um_00243_00379-1,
s_008um_00557_00375-1,
s_008um_00491_00587-1,
s_008um_00538_00209-1,
s_008um_00470_00389-1,
s_008um_00209_00386-1,
s_008um_00272_00597-1,
s_008um_00633_00415-1,
s_008um_00598_00394-1,
s_008um_00136_00241-1,
s_008um_00445_00387-1,
s_008um_00193_00392-1,
s_008um_00710_00422-1,
s_008um_00257_00222-1,
s_008um_00700_00614-1,
s_008um_00379_00610-1,
s_008um_00344_00206-1,
s_008um_00669_00607-1,
s_008um_00642_00395-1,
s_008um_00436_00213-1,CS2
s_008um_00551_00373-1,
s_008um_00284_00390-1,
s_008um_00245_00388-1,
s_008um_00618_00197-1,
s_008um_00657_00404-1,
s_008um_00532_00611-1,
s_008um_00242_00388-1,
s_008um_00434_00593-1,
s_008um_00255_00384-1,
s_008um_00607_00403-1,
s_008um_00424_00207-1,CS2
s_008um_00538_00376-1,
s_008um_00531_00385-1,
s_008um_00535_00601-1,
s_008um_00553_00374-1,
s_008um_00572_00386-1,
s_008um_00636_00617-1,
s_008um_00551_00217-1,
s_008um_00591_00599-1,
s_008um_00710_00606-1,
s_008um_00537_00196-1,
s_008um_00302_00384-1,
s_008um_00324_00390-1,
s_008um_00275_00606-1,
s_008um_00252_00218-1,
s_008um_00402_00609-1,
s_008um_00603_00203-1,
s_008um_00588_00605-1,
s_008um_00156_00241-1,
s_008um_00173_00407-1,
s_008um_00490_00210-1,
s_008um_00134_00227-1,
s_008um_00637_00405-1,
s_008um_00331_00207-1,
s_008um_00199_00392-1,
s_008um_00351_00388-1,
s_008um_00602_00605-1,
s_008um_00656_00211-1,
s_008um_00317_00371-1,
s_008um_00601_00394-1,
s_008um_00405_00376-1,
s_008um_00359_00600-1,
s_008um_00484_00210-1,
s_008um_00584_00213-1,
s_008um_00711_00207-1,
s_008um_00214_00217-1,
s_008um_00186_00232-1,
s_008um_00305_00210-1,
s_008um_00347_00607-1,
s_008um_00148_00237-1,
s_008um_00650_00412-1,
s_008um_00647_00226-1,
s_008um_00583_00389-1,
s_008um_00274_00609-1,
s_008um_00257_00215-1,
s_008um_00626_00594-1,
s_008um_00351_00602-1,
s_008um_00561_00217-1,
s_008um_00237_00594-1,
s_008um_00629_00406-1,
s_008um_00545_00379-1,
s_008um_00344_00598-1,
s_008um_00355_00213-1,
s_008um_00670_00406-1,
s_008um_00570_00607-1,
s_008um_00476_00375-1,
s_008um_00436_00385-1,
s_008um_00476_00381-1,
s_008um_00256_00389-1,
s_008um_00440_00207-1,CS2
s_008um_00716_00621-1,
s_008um_00378_00384-1,
s_008um_00215_00392-1,
s_008um_00553_00389-1,
s_008um_00542_00377-1,
s_008um_00542_00206-1,
s_008um_00410_00385-1,
s_008um_00291_00600-1,
s_008um_00604_00412-1,
s_008um_00487_00391-1,
s_008um_00337_00601-1,
s_008um_00620_00616-1,
s_008um_00460_00599-1,
s_008um_00421_00603-1,
s_008um_00553_00201-1,
s_008um_00238_00224-1,
s_008um_00635_00201-1,
s_008um_00430_00375-1,
s_008um_00222_00218-1,
s_008um_00231_00392-1,
s_008um_00475_00390-1,
s_008um_00445_00393-1,
s_008um_00654_00228-1,
s_008um_00210_00214-1,
s_008um_00603_00196-1,
s_008um_00461_00389-1,
s_008um_00322_00385-1,
s_008um_00564_00203-1,
s_008um_00122_00237-1,
s_008um_00610_00409-1,
s_008um_00162_00408-1,
s_008um_00490_00592-1,
s_008um_00681_00417-1,
s_008um_00405_00601-1,
s_008um_00489_00601-1,
s_008um_00219_00220-1,
s_008um_00291_00210-1,
s_008um_00234_00391-1,
s_008um_00178_00237-1,
s_008um_00653_00406-1,
s_008um_00382_00613-1,
s_008um_00440_00375-1,
s_008um_00622_00403-1,
s_008um_00571_00381-1,
s_008um_00348_00381-1,
s_008um_00602_00198-1,
s_008um_00573_00598-1,
s_008um_00369_00208-1,
s_008um_00659_00223-1,
s_008um_00405_00383-1,
s_008um_00213_00222-1,
s_008um_00588_00219-1,
s_008um_00550_00385-1,
s_008um_00579_00222-1,
s_008um_00689_00612-1,
s_008um_00320_00214-1,
s_008um_00586_00203-1,
s_008um_00625_00612-1,
s_008um_00668_00420-1,
s_008um_00159_00409-1,
s_008um_00235_00600-1,
s_008um_00191_00224-1,
s_008um_00465_00390-1,
s_008um_00435_00387-1,
s_008um_00338_00207-1,
s_008um_00281_00386-1,
s_008um_00291_00385-1,
s_008um_00509_00195-1,
s_008um_00475_00382-1,
s_008um_00422_00598-1,
s_008um_00460_00601-1,
s_008um_00379_00379-1,
s_008um_00404_00612-1,
s_008um_00516_00205-1,
s_008um_00364_00611-1,
s_008um_00356_00372-1,
s_008um_00647_00216-1,
s_008um_00143_00228-1,
s_008um_00696_00419-1,
s_008um_00636_00594-1,
s_008um_00300_00374-1,
s_008um_00346_00373-1,
s_008um_00207_00220-1,
s_008um_00712_00415-1,
s_008um_00628_00606-1,
s_008um_00587_00599-1,
s_008um_00682_00619-1,
s_008um_00650_00215-1,
s_008um_00598_00379-1,
s_008um_00605_00415-1,
s_008um_00399_00216-1,
s_008um_00577_00618-1,
s_008um_00235_00597-1,
s_008um_00588_00210-1,
s_008um_00317_00386-1,
s_008um_00436_00217-1,CS2
s_008um_00476_00201-1,
s_008um_00596_00417-1,
s_008um_00156_00229-1,
s_008um_00600_00383-1,
s_008um_00331_00211-1,
s_008um_00317_00365-1,
s_008um_00317_00612-1,
s_008um_00488_00596-1,
s_008um_00224_00393-1,
s_008um_00606_00612-1,
s_008um_00352_00379-1,
s_008um_00342_00608-1,
s_008um_00634_00199-1,
s_008um_00430_00378-1,
s_008um_00153_00410-1,
s_008um_00457_00215-1,CS2
s_008um_00323_00613-1,
s_008um_00519_00594-1,
s_008um_00614_00410-1,
s_008um_00583_00226-1,
s_008um_00590_00603-1,
s_008um_00569_00210-1,
s_008um_00338_00603-1,
s_008um_00355_00388-1,
s_008um_00221_00387-1,
s_008um_00290_00373-1,
s_008um_00319_00385-1,
s_008um_00365_00605-1,
s_008um_00519_00380-1,
s_008um_00650_00614-1,
s_008um_00370_00390-1,
s_008um_00640_00619-1,
s_008um_00369_00608-1,
s_008um_00292_00219-1,
s_008um_00290_00390-1,
s_008um_00431_00209-1,CS2
s_008um_00659_00214-1,
s_008um_00630_00594-1,
s_008um_00433_00597-1,
s_008um_00451_00377-1,
s_008um_00637_00598-1,
s_008um_00201_00220-1,
s_008um_00603_00622-1,
s_008um_00360_00387-1,
s_008um_00543_00386-1,
s_008um_00372_00612-1,
s_008um_00376_00216-1,
s_008um_00505_00595-1,
s_008um_00482_00215-1,
s_008um_00711_00423-1,
s_008um_00398_00599-1,
s_008um_00584_00601-1,
s_008um_00510_00391-1,
s_008um_00453_00380-1,
s_008um_00424_00209-1,CS2
s_008um_00468_00206-1,
s_008um_00126_00233-1,
s_008um_00280_00371-1,
s_008um_00235_00604-1,
s_008um_00437_00381-1,
s_008um_00232_00215-1,
s_008um_00496_00381-1,
s_008um_00422_00375-1,
s_008um_00458_00604-1,
s_008um_00542_00383-1,
s_008um_00144_00233-1,
s_008um_00262_00607-1,
s_008um_00573_00376-1,
s_008um_00673_00605-1,
s_008um_00621_00213-1,
s_008um_00267_00376-1,
s_008um_00570_00616-1,
s_008um_00644_00219-1,
s_008um_00465_00216-1,
s_008um_00404_00377-1,
s_008um_00490_00382-1,
s_008um_00283_00385-1,
s_008um_00338_00212-1,
s_008um_00532_00368-1,
s_008um_00204_00214-1,
s_008um_00249_00223-1,
s_008um_00622_00607-1,
s_008um_00536_00597-1,
s_008um_00581_00382-1,
s_008um_00604_00392-1,
s_008um_00412_00608-1,
s_008um_00252_00381-1,
s_008um_00314_00390-1,
s_008um_00429_00598-1,
s_008um_00324_00601-1,
s_008um_00157_00241-1,
s_008um_00124_00236-1,
s_008um_00606_00211-1,
s_008um_00405_00379-1,
s_008um_00476_00205-1,
s_008um_00253_00385-1,
s_008um_00533_00599-1,
s_008um_00354_00369-1,
s_008um_00381_00609-1,
s_008um_00470_00588-1,
s_008um_00170_00408-1,
s_008um_00523_00609-1,
s_008um_00652_00226-1,
s_008um_00415_00600-1,
s_008um_00609_00615-1,
s_008um_00150_00235-1,
s_008um_00646_00229-1,
s_008um_00134_00230-1,
s_008um_00320_00605-1,
s_008um_00455_00603-1,
s_008um_00559_00600-1,
s_008um_00653_00401-1,
s_008um_00675_00408-1,
s_008um_00531_00596-1,
s_008um_00552_00599-1,
s_008um_00603_00616-1,
s_008um_00636_00609-1,
s_008um_00380_00375-1,
s_008um_00650_00410-1,
s_008um_00284_00383-1,
s_008um_00296_00389-1,
s_008um_00541_00613-1,
s_008um_00299_00372-1,
s_008um_00346_00386-1,
s_008um_00241_00217-1,
s_008um_00364_00601-1,
s_008um_00320_00364-1,
s_008um_00568_00206-1,
s_008um_00415_00380-1,
s_008um_00228_00218-1,
s_008um_00117_00227-1,
s_008um_00519_00204-1,
s_008um_00620_00224-1,
s_008um_00377_00611-1,
s_008um_00353_00610-1,
s_008um_00686_00612-1,
s_008um_00509_00371-1,
s_008um_00271_00381-1,
s_008um_00579_00384-1,
s_008um_00588_00216-1,
s_008um_00165_00244-1,
s_008um_00328_00367-1,
s_008um_00507_00598-1,
s_008um_00295_00368-1,
s_008um_00481_00601-1,
s_008um_00351_00380-1,
s_008um_00635_00597-1,
s_008um_00264_00600-1,
s_008um_00248_00391-1,
s_008um_00171_00239-1,
s_008um_00357_00377-1,
s_008um_00159_00250-1,
s_008um_00368_00369-1,
s_008um_00608_00223-1,
s_008um_00516_00213-1,
s_008um_00557_00218-1,
s_008um_00400_00608-1,
s_008um_00539_00206-1,
s_008um_00174_00238-1,
s_008um_00312_00387-1,
s_008um_00509_00389-1,
s_008um_00619_00611-1,
s_008um_00408_00389-1,
s_008um_00533_00373-1,
s_008um_00584_00611-1,
s_008um_00295_00216-1,
s_008um_00627_00621-1,
s_008um_00640_00209-1,
s_008um_00499_00602-1,
s_008um_00191_00232-1,
s_008um_00168_00229-1,
s_008um_00589_00220-1,
s_008um_00706_00608-1,
s_008um_00359_00377-1,
s_008um_00365_00379-1,
s_008um_00229_00391-1,
s_008um_00287_00216-1,
s_008um_00504_00601-1,
s_008um_00685_00423-1,
s_008um_00416_00381-1,
s_008um_00259_00217-1,
s_008um_00545_00368-1,
s_008um_00284_00389-1,
s_008um_00530_00388-1,
s_008um_00320_00380-1,
s_008um_00247_00603-1,
s_008um_00625_00199-1,
s_008um_00450_00218-1,CS2
s_008um_00615_00397-1,
s_008um_00554_00207-1,
s_008um_00162_00248-1,
s_008um_00439_00382-1,
s_008um_00593_00615-1,
s_008um_00429_00208-1,CS2
s_008um_00336_00607-1,
s_008um_00602_00204-1,
s_008um_00489_00589-1,
s_008um_00605_00403-1,
s_008um_00657_00609-1,
s_008um_00633_00622-1,
s_008um_00647_00595-1,
s_008um_00540_00601-1,
s_008um_00500_00209-1,
s_008um_00659_00204-1,
s_008um_00166_00229-1,
s_008um_00641_00595-1,
s_008um_00688_00420-1,
s_008um_00636_00211-1,
s_008um_00606_00229-1,
s_008um_00679_00423-1,
s_008um_00414_00219-1,
s_008um_00646_00408-1,
s_008um_00526_00375-1,
s_008um_00160_00230-1,
s_008um_00445_00598-1,
s_008um_00541_00210-1,
s_008um_00406_00604-1,
s_008um_00335_00599-1,
s_008um_00622_00595-1,
s_008um_00499_00597-1,
s_008um_00548_00205-1,
s_008um_00241_00383-1,
s_008um_00609_00228-1,
s_008um_00440_00598-1,
s_008um_00659_00207-1,
s_008um_00574_00376-1,
s_008um_00137_00226-1,
s_008um_00671_00615-1,
s_008um_00638_00211-1,
s_008um_00592_00605-1,
s_008um_00232_00588-1,
s_008um_00608_00409-1,
s_008um_00547_00216-1,
s_008um_00117_00225-1,
s_008um_00466_00207-1,
s_008um_00663_00409-1,
s_008um_00397_00390-1,
s_008um_00323_00367-1,
s_008um_00692_00607-1,
s_008um_00300_00388-1,
s_008um_00282_00384-1,
s_008um_00486_00596-1,
s_008um_00642_00413-1,
s_008um_00414_00209-1,
s_008um_00609_00411-1,
s_008um_00291_00371-1,
s_008um_00315_00206-1,
s_008um_00592_00382-1,
s_008um_00689_00204-1,
s_008um_00577_00380-1,
s_008um_00333_00380-1,
s_008um_00631_00225-1,
s_008um_00717_00613-1,
s_008um_00635_00406-1,
s_008um_00159_00246-1,
s_008um_00627_00196-1,
s_008um_00551_00391-1,
s_008um_00594_00387-1,
s_008um_00664_00228-1,
s_008um_00619_00605-1,
s_008um_00318_00382-1,
s_008um_00509_00588-1,
s_008um_00533_00197-1,
s_008um_00210_00225-1,
s_008um_00643_00214-1,
s_008um_00372_00373-1,
s_008um_00264_00379-1,
s_008um_00406_00372-1,
s_008um_00274_00216-1,
s_008um_00160_00236-1,
s_008um_00639_00214-1,
s_008um_00649_00615-1,
s_008um_00628_00401-1,
s_008um_00403_00605-1,
s_008um_00668_00213-1,
s_008um_00189_00396-1,
s_008um_00671_00412-1,
s_008um_00530_00606-1,
s_008um_00336_00373-1,
s_008um_00275_00609-1,
s_008um_00408_00383-1,
s_008um_00581_00414-1,
s_008um_00353_00598-1,
s_008um_00477_00392-1,
s_008um_00347_00378-1,
s_008um_00471_00389-1,
s_008um_00461_00215-1,CS2
s_008um_00530_00599-1,
s_008um_00558_00198-1,
s_008um_00636_00398-1,
s_008um_00402_00386-1,
s_008um_00143_00241-1,
s_008um_00349_00614-1,
s_008um_00473_00213-1,
s_008um_00369_00374-1,
s_008um_00320_00606-1,
s_008um_00662_00411-1,
s_008um_00576_00386-1,
s_008um_00622_00204-1,
s_008um_00422_00213-1,CS2
s_008um_00601_00213-1,
s_008um_00465_00603-1,
s_008um_00662_00612-1,
s_008um_00554_00195-1,
s_008um_00201_00391-1,
s_008um_00291_00367-1,
s_008um_00598_00223-1,
s_008um_00602_00610-1,
s_008um_00363_00379-1,
s_008um_00608_00406-1,
s_008um_00429_00595-1,
s_008um_00376_00213-1,
s_008um_00345_00381-1,
s_008um_00585_00224-1,
s_008um_00486_00217-1,
s_008um_00511_00605-1,
s_008um_00422_00601-1,
s_008um_00380_00210-1,
s_008um_00541_00373-1,
s_008um_00687_00205-1,
s_008um_00637_00227-1,
s_008um_00283_00378-1,
s_008um_00634_00414-1,
s_008um_00151_00239-1,
s_008um_00706_00203-1,
s_008um_00641_00213-1,
s_008um_00506_00384-1,
s_008um_00237_00222-1,
s_008um_00570_00609-1,
s_008um_00658_00400-1,
s_008um_00381_00212-1,
s_008um_00446_00204-1,
s_008um_00644_00612-1,
s_008um_00508_00372-1,
s_008um_00389_00603-1,
s_008um_00645_00226-1,
s_008um_00290_00610-1,
s_008um_00581_00225-1,
s_008um_00285_00605-1,
s_008um_00552_00208-1,
s_008um_00304_00206-1,
s_008um_00323_00387-1,
s_008um_00610_00413-1,
s_008um_00490_00378-1,
s_008um_00309_00387-1,
s_008um_00323_00612-1,
s_008um_00477_00390-1,
s_008um_00329_00207-1,
s_008um_00625_00605-1,
s_008um_00479_00207-1,
s_008um_00697_00210-1,
s_008um_00572_00611-1,
s_008um_00483_00595-1,
s_008um_00329_00377-1,
s_008um_00290_00604-1,
s_008um_00459_00384-1,
s_008um_00690_00211-1,
s_008um_00702_00412-1,
s_008um_00248_00385-1,
s_008um_00627_00605-1,
s_008um_00624_00214-1,
s_008um_00593_00410-1,
s_008um_00629_00216-1,
s_008um_00369_00603-1,
s_008um_00181_00226-1,
s_008um_00198_00218-1,
s_008um_00578_00200-1,
s_008um_00627_00410-1,
s_008um_00483_00382-1,
s_008um_00355_00381-1,
s_008um_00564_00375-1,
s_008um_00626_00212-1,
s_008um_00624_00600-1,
s_008um_00673_00610-1,
s_008um_00500_00382-1,
s_008um_00376_00394-1,
s_008um_00115_00239-1,
s_008um_00234_00397-1,
s_008um_00544_00216-1,
s_008um_00533_00382-1,
s_008um_00383_00216-1,
s_008um_00507_00602-1,
s_008um_00609_00195-1,
s_008um_00344_00597-1,
s_008um_00627_00416-1,
s_008um_00635_00404-1,
s_008um_00707_00599-1,
s_008um_00535_00392-1,
s_008um_00278_00367-1,
s_008um_00345_00373-1,
s_008um_00472_00384-1,
s_008um_00505_00377-1,
s_008um_00367_00605-1,
s_008um_00550_00374-1,
s_008um_00691_00213-1,
s_008um_00304_00369-1,
s_008um_00639_00595-1,
s_008um_00623_00396-1,
s_008um_00382_00608-1,
s_008um_00324_00609-1,
s_008um_00600_00618-1,
s_008um_00634_00207-1,
s_008um_00575_00206-1,
s_008um_00497_00378-1,
s_008um_00127_00238-1,
s_008um_00528_00389-1,
s_008um_00697_00421-1,
s_008um_00125_00231-1,
s_008um_00667_00210-1,
s_008um_00582_00209-1,
s_008um_00505_00372-1,
s_008um_00374_00378-1,
s_008um_00265_00602-1,
s_008um_00652_00213-1,
s_008um_00327_00380-1,
s_008um_00520_00373-1,
s_008um_00474_00385-1,
s_008um_00412_00392-1,
s_008um_00421_00606-1,
s_008um_00207_00397-1,
s_008um_00631_00417-1,
s_008um_00566_00204-1,
s_008um_00281_00214-1,
s_008um_00295_00373-1,
s_008um_00676_00414-1,
s_008um_00197_00236-1,
s_008um_00222_00386-1,
s_008um_00232_00393-1,
s_008um_00561_00612-1,
s_008um_00684_00601-1,
s_008um_00236_00224-1,
s_008um_00518_00198-1,
s_008um_00311_00205-1,
s_008um_00110_00227-1,
s_008um_00487_00587-1,
s_008um_00157_00238-1,
s_008um_00522_00596-1,
s_008um_00336_00381-1,
s_008um_00638_00408-1,
s_008um_00352_00609-1,
s_008um_00490_00596-1,
s_008um_00363_00384-1,
s_008um_00600_00408-1,
s_008um_00578_00608-1,
s_008um_00337_00599-1,
s_008um_00503_00200-1,
s_008um_00669_00210-1,
s_008um_00549_00208-1,
s_008um_00503_00597-1,
s_008um_00313_00367-1,
s_008um_00575_00196-1,
s_008um_00458_00218-1,CS2
s_008um_00678_00413-1,
s_008um_00525_00375-1,
s_008um_00407_00372-1,
s_008um_00280_00608-1,
s_008um_00343_00611-1,
s_008um_00513_00195-1,
s_008um_00252_00217-1,
s_008um_00358_00377-1,
s_008um_00272_00389-1,
s_008um_00645_00416-1,
s_008um_00615_00412-1,
s_008um_00247_00371-1,
s_008um_00587_00202-1,
s_008um_00468_00219-1,
s_008um_00552_00213-1,
s_008um_00582_00380-1,
s_008um_00183_00234-1,
s_008um_00531_00383-1,
s_008um_00385_00369-1,
s_008um_00413_00216-1,
s_008um_00691_00598-1,
s_008um_00657_00225-1,
s_008um_00373_00214-1,
s_008um_00587_00396-1,
s_008um_00356_00378-1,
s_008um_00370_00610-1,
s_008um_00261_00380-1,
s_008um_00290_00369-1,
s_008um_00469_00203-1,
s_008um_00223_00218-1,
s_008um_00634_00623-1,
s_008um_00381_00612-1,
s_008um_00526_00197-1,
s_008um_00587_00417-1,
s_008um_00249_00603-1,
s_008um_00593_00207-1,
s_008um_00226_00381-1,
s_008um_00626_00404-1,
s_008um_00574_00221-1,
s_008um_00164_00238-1,
s_008um_00396_00600-1,
s_008um_00591_00610-1,
s_008um_00372_00389-1,
s_008um_00187_00393-1,
s_008um_00458_00392-1,
s_008um_00107_00238-1,
s_008um_00328_00607-1,
s_008um_00218_00214-1,
s_008um_00243_00222-1,
s_008um_00517_00590-1,
s_008um_00187_00223-1,
s_008um_00441_00222-1,CS2
s_008um_00479_00590-1,
s_008um_00380_00606-1,
s_008um_00125_00245-1,
s_008um_00552_00600-1,
s_008um_00586_00221-1,
s_008um_00388_00211-1,
s_008um_00628_00215-1,
s_008um_00607_00411-1,
s_008um_00650_00419-1,
s_008um_00231_00388-1,
s_008um_00540_00388-1,
s_008um_00444_00378-1,
s_008um_00682_00607-1,
s_008um_00657_00417-1,
s_008um_00443_00219-1,CS2
s_008um_00577_00212-1,
s_008um_00396_00217-1,
s_008um_00231_00384-1,
s_008um_00554_00208-1,
s_008um_00347_00612-1,
s_008um_00375_00383-1,
s_008um_00353_00384-1,
s_008um_00531_00377-1,
s_008um_00199_00401-1,
s_008um_00528_00377-1,
s_008um_00325_00613-1,
s_008um_00565_00604-1,
s_008um_00605_00598-1,
s_008um_00602_00206-1,
s_008um_00406_00385-1,
s_008um_00217_00387-1,
s_008um_00545_00374-1,
s_008um_00317_00602-1,
s_008um_00590_00382-1,
s_008um_00484_00601-1,
s_008um_00555_00613-1,
s_008um_00286_00216-1,
s_008um_00113_00239-1,
s_008um_00585_00395-1,
s_008um_00318_00213-1,
s_008um_00259_00388-1,
s_008um_00532_00386-1,
s_008um_00527_00369-1,
s_008um_00660_00620-1,
s_008um_00315_00601-1,
s_008um_00512_00380-1,
s_008um_00433_00379-1,
s_008um_00244_00596-1,
s_008um_00693_00616-1,
s_008um_00238_00380-1,
s_008um_00610_00228-1,
s_008um_00169_00404-1,
s_008um_00493_00384-1,
s_008um_00287_00609-1,
s_008um_00373_00395-1,
s_008um_00643_00594-1,
s_008um_00599_00211-1,
s_008um_00488_00598-1,
s_008um_00527_00206-1,
s_008um_00496_00594-1,
s_008um_00614_00203-1,
s_008um_00304_00215-1,
s_008um_00415_00393-1,
s_008um_00162_00251-1,
s_008um_00570_00209-1,
s_008um_00347_00382-1,
s_008um_00476_00212-1,
s_008um_00482_00210-1,
s_008um_00489_00200-1,
s_008um_00604_00210-1,
s_008um_00442_00221-1,CS2
s_008um_00538_00202-1,
s_008um_00420_00603-1,
s_008um_00231_00380-1,
s_008um_00550_00219-1,
s_008um_00585_00615-1,
s_008um_00300_00600-1,
s_008um_00634_00417-1,
s_008um_00361_00381-1,
s_008um_00436_00384-1,
s_008um_00568_00382-1,
s_008um_00637_00394-1,
s_008um_00536_00370-1,
s_008um_00608_00612-1,
s_008um_00567_00219-1,
s_008um_00707_00607-1,
s_008um_00683_00608-1,
s_008um_00549_00205-1,
s_008um_00310_00608-1,
s_008um_00188_00405-1,
s_008um_00601_00615-1,
s_008um_00288_00377-1,
s_008um_00230_00398-1,
s_008um_00642_00596-1,
s_008um_00176_00232-1,
s_008um_00555_00384-1,
s_008um_00368_00391-1,
s_008um_00514_00205-1,
s_008um_00617_00226-1,
s_008um_00498_00199-1,
s_008um_00552_00215-1,
s_008um_00695_00413-1,
s_008um_00421_00384-1,
s_008um_00329_00612-1,
s_008um_00245_00373-1,
s_008um_00332_00211-1,
s_008um_00339_00382-1,
s_008um_00436_00380-1,
s_008um_00666_00419-1,
s_008um_00280_00603-1,
s_008um_00581_00620-1,
s_008um_00300_00370-1,
s_008um_00625_00624-1,
s_008um_00190_00395-1,
s_008um_00648_00614-1,
s_008um_00606_00418-1,
s_008um_00216_00380-1,
s_008um_00252_00372-1,
s_008um_00587_00203-1,
s_008um_00679_00605-1,
s_008um_00265_00605-1,
s_008um_00538_00595-1,
s_008um_00563_00213-1,
s_008um_00517_00609-1,
s_008um_00674_00603-1,
s_008um_00548_00199-1,
s_008um_00569_00392-1,
s_008um_00203_00216-1,
s_008um_00693_00597-1,
s_008um_00625_00615-1,
s_008um_00640_00600-1,
s_008um_00261_00602-1,
s_008um_00504_00593-1,
s_008um_00189_00221-1,
s_008um_00614_00617-1,
s_008um_00508_00208-1,
s_008um_00681_00609-1,
s_008um_00391_00217-1,
s_008um_00651_00228-1,
s_008um_00410_00215-1,
s_008um_00631_00619-1,
s_008um_00159_00234-1,
s_008um_00588_00602-1,
s_008um_00377_00217-1,
s_008um_00136_00236-1,
s_008um_00493_00205-1,
s_008um_00560_00614-1,
s_008um_00315_00365-1,
s_008um_00469_00589-1,
s_008um_00284_00382-1,
s_008um_00555_00614-1,
s_008um_00574_00603-1,
s_008um_00251_00374-1,
s_008um_00570_00390-1,
s_008um_00163_00236-1,
s_008um_00602_00193-1,
s_008um_00609_00209-1,
s_008um_00385_00601-1,
s_008um_00323_00213-1,
s_008um_00270_00370-1,
s_008um_00358_00392-1,
s_008um_00463_00597-1,
s_008um_00633_00600-1,
s_008um_00127_00244-1,
s_008um_00228_00215-1,
s_008um_00612_00203-1,
s_008um_00636_00620-1,
s_008um_00654_00606-1,
s_008um_00297_00373-1,
s_008um_00424_00375-1,
s_008um_00514_00202-1,
s_008um_00687_00600-1,
s_008um_00181_00222-1,
s_008um_00443_00603-1,
s_008um_00523_00598-1,
s_008um_00402_00608-1,
s_008um_00624_00620-1,
s_008um_00420_00212-1,CS2
s_008um_00626_00621-1,
s_008um_00662_00600-1,
s_008um_00413_00392-1,
s_008um_00539_00385-1,
s_008um_00538_00378-1,
s_008um_00582_00197-1,
s_008um_00321_00365-1,
s_008um_00574_00618-1,
s_008um_00361_00206-1,
s_008um_00637_00614-1,
s_008um_00348_00389-1,
s_008um_00569_00216-1,
s_008um_00544_00368-1,
s_008um_00448_00381-1,
s_008um_00381_00387-1,
s_008um_00198_00220-1,
s_008um_00270_00382-1,
s_008um_00294_00213-1,
s_008um_00108_00240-1,
s_008um_00623_00221-1,
s_008um_00600_00217-1,
s_008um_00648_00214-1,
s_008um_00439_00605-1,
s_008um_00652_00398-1,
s_008um_00290_00378-1,
s_008um_00266_00213-1,
s_008um_00426_00383-1,
s_008um_00610_00598-1,
s_008um_00556_00595-1,
s_008um_00447_00380-1,
s_008um_00641_00615-1,
s_008um_00621_00212-1,
s_008um_00648_00602-1,
s_008um_00530_00201-1,
s_008um_00192_00227-1,
s_008um_00499_00392-1,
s_008um_00162_00229-1,
s_008um_00574_00391-1,
s_008um_00479_00203-1,
s_008um_00652_00616-1,
s_008um_00508_00387-1,
s_008um_00662_00609-1,
s_008um_00110_00242-1,
s_008um_00223_00399-1,
s_008um_00691_00423-1,
s_008um_00255_00605-1,
s_008um_00230_00218-1,
s_008um_00289_00378-1,
s_008um_00340_00613-1,
s_008um_00159_00230-1,
s_008um_00547_00605-1,
s_008um_00478_00217-1,
s_008um_00506_00592-1,
s_008um_00384_00371-1,
s_008um_00297_00610-1,
s_008um_00322_00606-1,
s_008um_00680_00409-1,
s_008um_00287_00211-1,
s_008um_00264_00385-1,
s_008um_00589_00614-1,
s_008um_00507_00372-1,
s_008um_00595_00604-1,
s_008um_00628_00610-1,
s_008um_00634_00229-1,
s_008um_00267_00597-1,
s_008um_00701_00204-1,
s_008um_00435_00598-1,
s_008um_00561_00610-1,
s_008um_00316_00390-1,
s_008um_00584_00603-1,
s_008um_00352_00610-1,
s_008um_00415_00392-1,
s_008um_00439_00220-1,CS2
s_008um_00666_00404-1,
s_008um_00659_00218-1,
s_008um_00510_00602-1,
s_008um_00551_00387-1,
s_008um_00244_00221-1,
s_008um_00655_00409-1,
s_008um_00615_00605-1,
s_008um_00648_00624-1,
s_008um_00440_00378-1,
s_008um_00169_00409-1,
s_008um_00613_00204-1,
s_008um_00654_00594-1,
s_008um_00582_00378-1,
s_008um_00630_00196-1,
s_008um_00675_00221-1,
s_008um_00427_00205-1,CS2
s_008um_00519_00207-1,
s_008um_00462_00208-1,
s_008um_00663_00610-1,
s_008um_00241_00386-1,
s_008um_00405_00384-1,
s_008um_00530_00373-1,
s_008um_00158_00227-1,
s_008um_00691_00203-1,
s_008um_00195_00226-1,
s_008um_00476_00202-1,
s_008um_00324_00605-1,
s_008um_00367_00210-1,
s_008um_00586_00609-1,
s_008um_00640_00234-1,
s_008um_00653_00203-1,
s_008um_00697_00603-1,
s_008um_00596_00606-1,
s_008um_00538_00607-1,
s_008um_00119_00242-1,
s_008um_00575_00391-1,
s_008um_00413_00219-1,
s_008um_00523_00374-1,
s_008um_00172_00402-1,
s_008um_00580_00216-1,
s_008um_00515_00608-1,
s_008um_00262_00374-1,
s_008um_00432_00597-1,
s_008um_00224_00220-1,
s_008um_00516_00379-1,
s_008um_00714_00598-1,
s_008um_00642_00403-1,
s_008um_00595_00214-1,
s_008um_00215_00225-1,
s_008um_00317_00377-1,
s_008um_00429_00388-1,
s_008um_00359_00615-1,
s_008um_00147_00236-1,
s_008um_00533_00196-1,
s_008um_00573_00204-1,
s_008um_00549_00386-1,
s_008um_00623_00197-1,
s_008um_00487_00205-1,
s_008um_00255_00388-1,
s_008um_00620_00212-1,
s_008um_00329_00210-1,
s_008um_00550_00208-1,
s_008um_00374_00612-1,
s_008um_00609_00402-1,
s_008um_00322_00204-1,
s_008um_00468_00604-1,
s_008um_00373_00605-1,
s_008um_00524_00599-1,
s_008um_00658_00209-1,
s_008um_00201_00395-1,
s_008um_00483_00203-1,
s_008um_00552_00197-1,
s_008um_00344_00611-1,
s_008um_00306_00379-1,
s_008um_00402_00216-1,
s_008um_00439_00205-1,CS2
s_008um_00333_00388-1,
s_008um_00246_00383-1,
s_008um_00218_00216-1,
s_008um_00578_00609-1,
s_008um_00702_00204-1,
s_008um_00173_00240-1,
s_008um_00387_00379-1,
s_008um_00625_00406-1,
s_008um_00609_00226-1,
s_008um_00668_00412-1,
s_008um_00603_00389-1,
s_008um_00300_00369-1,
s_008um_00554_00389-1,
s_008um_00704_00603-1,
s_008um_00609_00220-1,
s_008um_00668_00615-1,
s_008um_00442_00377-1,
s_008um_00630_00620-1,
s_008um_00643_00611-1,
s_008um_00329_00387-1,
s_008um_00232_00399-1,
s_008um_00225_00382-1,
s_008um_00300_00377-1,
s_008um_00675_00212-1,
s_008um_00254_00223-1,
s_008um_00616_00610-1,
s_008um_00533_00202-1,
s_008um_00665_00409-1,
s_008um_00204_00394-1,
s_008um_00505_00380-1,
s_008um_00618_00206-1,
s_008um_00351_00614-1,
s_008um_00481_00207-1,
s_008um_00279_00601-1,
s_008um_00563_00604-1,
s_008um_00620_00199-1,
s_008um_00380_00615-1,
s_008um_00380_00387-1,
s_008um_00536_00198-1,
s_008um_00581_00224-1,
s_008um_00383_00386-1,
s_008um_00609_00605-1,
s_008um_00270_00368-1,
s_008um_00543_00217-1,
s_008um_00215_00216-1,
s_008um_00534_00212-1,
s_008um_00153_00232-1,
s_008um_00263_00604-1,
s_008um_00543_00391-1,
s_008um_00684_00604-1,
s_008um_00683_00211-1,
s_008um_00295_00365-1,
s_008um_00689_00606-1,
s_008um_00305_00611-1,
s_008um_00304_00389-1,
s_008um_00647_00615-1,
s_008um_00358_00368-1,
s_008um_00553_00209-1,
s_008um_00620_00620-1,
s_008um_00665_00207-1,
s_008um_00384_00383-1,
s_008um_00518_00377-1,
s_008um_00596_00196-1,
s_008um_00562_00388-1,
s_008um_00402_00610-1,
s_008um_00344_00389-1,
s_008um_00462_00392-1,
s_008um_00507_00379-1,
s_008um_00538_00371-1,
s_008um_00476_00210-1,
s_008um_00695_00610-1,
s_008um_00513_00390-1,
s_008um_00656_00613-1,
s_008um_00388_00216-1,
s_008um_00609_00610-1,
s_008um_00643_00405-1,
s_008um_00634_00208-1,
s_008um_00310_00371-1,
s_008um_00524_00596-1,
s_008um_00401_00598-1,
s_008um_00524_00202-1,
s_008um_00514_00195-1,
s_008um_00672_00407-1,
s_008um_00238_00599-1,
s_008um_00496_00388-1,
s_008um_00294_00609-1,
s_008um_00492_00208-1,
s_008um_00503_00201-1,
s_008um_00514_00389-1,
s_008um_00696_00415-1,
s_008um_00583_00599-1,
s_008um_00341_00383-1,
s_008um_00524_00211-1,
s_008um_00257_00369-1,
s_008um_00645_00621-1,
s_008um_00240_00392-1,
s_008um_00177_00229-1,
s_008um_00468_00203-1,
s_008um_00588_00619-1,
s_008um_00589_00617-1,
s_008um_00647_00212-1,
s_008um_00463_00605-1,
s_008um_00219_00387-1,
s_008um_00600_00609-1,
s_008um_00455_00391-1,
s_008um_00658_00229-1,
s_008um_00399_00219-1,
s_008um_00250_00594-1,
s_008um_00690_00605-1,
s_008um_00278_00600-1,
s_008um_00653_00407-1,
s_008um_00705_00413-1,
s_008um_00409_00382-1,
s_008um_00563_00197-1,
s_008um_00502_00595-1,
s_008um_00688_00211-1,
s_008um_00618_00596-1,
s_008um_00599_00608-1,
s_008um_00321_00611-1,
s_008um_00638_00598-1,
s_008um_00573_00387-1,
s_008um_00173_00404-1,
s_008um_00603_00614-1,
s_008um_00590_00394-1,
s_008um_00474_00589-1,
s_008um_00559_00201-1,
s_008um_00157_00252-1,
s_008um_00246_00393-1,
s_008um_00493_00383-1,
s_008um_00191_00404-1,
s_008um_00338_00381-1,
s_008um_00443_00204-1,CS2
s_008um_00593_00598-1,
s_008um_00557_00377-1,
s_008um_00589_00600-1,
s_008um_00274_00367-1,
s_008um_00215_00222-1,
s_008um_00576_00616-1,
s_008um_00674_00613-1,
s_008um_00205_00231-1,
s_008um_00287_00602-1,
s_008um_00628_00409-1,
s_008um_00285_00376-1,
s_008um_00209_00214-1,
s_008um_00351_00377-1,
s_008um_00289_00601-1,
s_008um_00385_00604-1,
s_008um_00386_00369-1,
s_008um_00160_00403-1,
s_008um_00469_00378-1,
s_008um_00672_00419-1,
s_008um_00572_00609-1,
s_008um_00271_00599-1,
s_008um_00404_00218-1,
s_008um_00513_00378-1,
s_008um_00363_00209-1,
s_008um_00544_00374-1,
s_008um_00350_00613-1,
s_008um_00190_00221-1,
s_008um_00710_00608-1,
s_008um_00647_00397-1,
s_008um_00194_00237-1,
s_008um_00524_00206-1,
s_008um_00615_00408-1,
s_008um_00596_00207-1,
s_008um_00512_00209-1,
s_008um_00528_00385-1,
s_008um_00219_00222-1,
s_008um_00632_00204-1,
s_008um_00161_00238-1,
s_008um_00558_00612-1,
s_008um_00586_00608-1,
s_008um_00237_00379-1,
s_008um_00294_00610-1,
s_008um_00112_00235-1,
s_008um_00362_00391-1,
s_008um_00490_00200-1,
s_008um_00631_00233-1,
s_008um_00567_00603-1,
s_008um_00603_00395-1,
s_008um_00706_00596-1,
s_008um_00533_00607-1,
s_008um_00700_00411-1,
s_008um_00447_00202-1,
s_008um_00351_00205-1,
s_008um_00684_00214-1,
s_008um_00508_00211-1,
s_008um_00110_00234-1,
s_008um_00382_00382-1,
s_008um_00381_00213-1,
s_008um_00596_00409-1,
s_008um_00362_00369-1,
s_008um_00513_00600-1,
s_008um_00631_00400-1,
s_008um_00525_00383-1,
s_008um_00548_00596-1,
s_008um_00194_00392-1,
s_008um_00565_00613-1,
s_008um_00599_00223-1,
s_008um_00609_00417-1,
s_008um_00371_00612-1,
s_008um_00514_00371-1,
s_008um_00357_00214-1,
s_008um_00630_00197-1,
s_008um_00370_00611-1,
s_008um_00333_00597-1,
s_008um_00244_00393-1,
s_008um_00207_00402-1,
s_008um_00699_00601-1,
s_008um_00461_00377-1,
s_008um_00571_00218-1,
s_008um_00442_00219-1,CS2
s_008um_00466_00205-1,
s_008um_00283_00211-1,
s_008um_00542_00198-1,
s_008um_00324_00391-1,
s_008um_00366_00377-1,
s_008um_00412_00379-1,
s_008um_00629_00221-1,
s_008um_00696_00603-1,
s_008um_00145_00237-1,
s_008um_00638_00223-1,
s_008um_00653_00416-1,
s_008um_00585_00619-1,
s_008um_00532_00206-1,
s_008um_00412_00383-1,
s_008um_00704_00417-1,
s_008um_00586_00384-1,
s_008um_00185_00400-1,
s_008um_00236_00220-1,
s_008um_00568_00222-1,
s_008um_00284_00376-1,
s_008um_00599_00615-1,
s_008um_00411_00607-1,
s_008um_00270_00377-1,
s_008um_00628_00598-1,
s_008um_00524_00205-1,
s_008um_00609_00604-1,
s_008um_00359_00375-1,
s_008um_00186_00407-1,
s_008um_00425_00208-1,CS2
s_008um_00367_00385-1,
s_008um_00574_00602-1,
s_008um_00399_00387-1,
s_008um_00681_00207-1,
s_008um_00199_00389-1,
s_008um_00248_00387-1,
s_008um_00540_00372-1,
s_008um_00327_00602-1,
s_008um_00525_00594-1,
s_008um_00664_00415-1,
s_008um_00591_00407-1,
s_008um_00694_00611-1,
s_008um_00239_00388-1,
s_008um_00513_00384-1,
s_008um_00353_00602-1,
s_008um_00680_00207-1,
s_008um_00267_00382-1,
s_008um_00501_00204-1,
s_008um_00616_00623-1,
s_008um_00255_00224-1,
s_008um_00452_00206-1,
s_008um_00616_00607-1,
s_008um_00613_00617-1,
s_008um_00632_00620-1,
s_008um_00317_00370-1,
s_008um_00364_00380-1,
s_008um_00446_00212-1,CS2
s_008um_00646_00596-1,
s_008um_00621_00202-1,
s_008um_00190_00230-1,
s_008um_00242_00603-1,
s_008um_00628_00408-1,
s_008um_00542_00374-1,
s_008um_00672_00600-1,
s_008um_00618_00210-1,
s_008um_00595_00224-1,
s_008um_00654_00415-1,
s_008um_00568_00197-1,
s_008um_00679_00418-1,
s_008um_00406_00374-1,
s_008um_00240_00589-1,
s_008um_00716_00606-1,
s_008um_00304_00378-1,
s_008um_00247_00392-1,
s_008um_00471_00217-1,
s_008um_00263_00608-1,
s_008um_00410_00209-1,
s_008um_00553_00202-1,
s_008um_00179_00405-1,
s_008um_00167_00230-1,
s_008um_00252_00387-1,
s_008um_00337_00371-1,
s_008um_00450_00375-1,
s_008um_00554_00597-1,
s_008um_00606_00605-1,
s_008um_00624_00607-1,
s_008um_00301_00216-1,
s_008um_00453_00216-1,CS2
s_008um_00441_00382-1,
s_008um_00341_00379-1,
s_008um_00606_00220-1,
s_008um_00353_00380-1,
s_008um_00446_00594-1,
s_008um_00487_00593-1,
s_008um_00336_00370-1,
s_008um_00502_00389-1,
s_008um_00571_00199-1,
s_008um_00500_00381-1,
s_008um_00505_00604-1,
s_008um_00241_00376-1,
s_008um_00176_00233-1,
s_008um_00525_00372-1,
s_008um_00537_00378-1,
s_008um_00420_00606-1,
s_008um_00595_00394-1,
s_008um_00700_00598-1,
s_008um_00376_00370-1,
s_008um_00620_00229-1,
s_008um_00659_00227-1,
s_008um_00637_00209-1,
s_008um_00334_00371-1,
s_008um_00472_00394-1,
s_008um_00627_00417-1,
s_008um_00577_00612-1,
s_008um_00637_00225-1,
s_008um_00339_00373-1,
s_008um_00296_00213-1,
s_008um_00398_00215-1,
s_008um_00174_00235-1,
s_008um_00242_00604-1,
s_008um_00599_00206-1,
s_008um_00248_00223-1,
s_008um_00506_00597-1,
s_008um_00593_00411-1,
s_008um_00364_00389-1,
s_008um_00706_00417-1,
s_008um_00333_00389-1,
s_008um_00158_00229-1,
s_008um_00255_00382-1,
s_008um_00596_00392-1,
s_008um_00461_00214-1,CS2
s_008um_00620_00409-1,
s_008um_00597_00216-1,
s_008um_00328_00380-1,
s_008um_00125_00230-1,
s_008um_00712_00423-1,
s_008um_00648_00225-1,
s_008um_00511_00600-1,
s_008um_00325_00205-1,
s_008um_00645_00623-1,
s_008um_00584_00207-1,
s_008um_00411_00379-1,
s_008um_00201_00221-1,
s_008um_00679_00599-1,
s_008um_00602_00215-1,
s_008um_00316_00380-1,
s_008um_00499_00378-1,
s_008um_00663_00228-1,
s_008um_00405_00386-1,
s_008um_00312_00378-1,
s_008um_00540_00201-1,
s_008um_00341_00605-1,
s_008um_00676_00214-1,
s_008um_00681_00415-1,
s_008um_00495_00216-1,
s_008um_00225_00380-1,
s_008um_00205_00390-1,
s_008um_00292_00611-1,
s_008um_00214_00395-1,
s_008um_00226_00597-1,
s_008um_00118_00241-1,
s_008um_00444_00382-1,
s_008um_00614_00226-1,
s_008um_00514_00203-1,
s_008um_00511_00383-1,
s_008um_00404_00391-1,
s_008um_00287_00372-1,
s_008um_00394_00605-1,
s_008um_00465_00209-1,
s_008um_00617_00215-1,
s_008um_00356_00369-1,
s_008um_00634_00209-1,
s_008um_00627_00609-1,
s_008um_00335_00376-1,
s_008um_00500_00588-1,
s_008um_00540_00368-1,
s_008um_00533_00200-1,
s_008um_00615_00228-1,
s_008um_00598_00413-1,
s_008um_00616_00624-1,
s_008um_00305_00607-1,
s_008um_00111_00234-1,
s_008um_00586_00211-1,
s_008um_00399_00386-1,
s_008um_00405_00380-1,
s_008um_00298_00368-1,
s_008um_00220_00220-1,
s_008um_00329_00598-1,
s_008um_00416_00600-1,
s_008um_00535_00383-1,
s_008um_00608_00205-1,
s_008um_00671_00212-1,
s_008um_00490_00383-1,
s_008um_00564_00611-1,
s_008um_00308_00386-1,
s_008um_00622_00606-1,
s_008um_00519_00378-1,
s_008um_00145_00229-1,
s_008um_00367_00395-1,
s_008um_00407_00392-1,
s_008um_00301_00378-1,
s_008um_00158_00252-1,
s_008um_00466_00588-1,
s_008um_00617_00219-1,
s_008um_00157_00233-1,
s_008um_00124_00231-1,
s_008um_00369_00209-1,
s_008um_00370_00615-1,
s_008um_00651_00602-1,
s_008um_00273_00213-1,
s_008um_00303_00213-1,
s_008um_00287_00606-1,
s_008um_00392_00215-1,
s_008um_00121_00231-1,
s_008um_00309_00384-1,
s_008um_00317_00211-1,
s_008um_00303_00371-1,
s_008um_00503_00204-1,
s_008um_00170_00240-1,
s_008um_00322_00613-1,
s_008um_00515_00381-1,
s_008um_00703_00617-1,
s_008um_00394_00375-1,
s_008um_00160_00409-1,
s_008um_00557_00217-1,
s_008um_00306_00387-1,
s_008um_00312_00599-1,
s_008um_00684_00414-1,
s_008um_00403_00380-1,
s_008um_00440_00391-1,
s_008um_00630_00622-1,
s_008um_00531_00196-1,
s_008um_00652_00229-1,
s_008um_00633_00220-1,
s_008um_00490_00377-1,
s_008um_00234_00224-1,
s_008um_00588_00416-1,
s_008um_00512_00600-1,
s_008um_00515_00390-1,
s_008um_00220_00223-1,
s_008um_00619_00221-1,
s_008um_00178_00405-1,
s_008um_00167_00239-1,
s_008um_00533_00608-1,
s_008um_00698_00617-1,
s_008um_00640_00396-1,
s_008um_00451_00606-1,
s_008um_00587_00195-1,
s_008um_00461_00219-1,CS2
s_008um_00472_00593-1,
s_008um_00603_00597-1,
s_008um_00290_00216-1,
s_008um_00202_00394-1,
s_008um_00324_00208-1,
s_008um_00578_00615-1,
s_008um_00661_00212-1,
s_008um_00360_00382-1,
s_008um_00236_00219-1,
s_008um_00117_00228-1,
s_008um_00460_00602-1,
s_008um_00438_00395-1,
s_008um_00528_00598-1,
s_008um_00530_00209-1,
s_008um_00563_00204-1,
s_008um_00646_00606-1,
s_008um_00374_00369-1,
s_008um_00519_00200-1,
s_008um_00301_00372-1,
s_008um_00477_00600-1,
s_008um_00251_00372-1,
s_008um_00682_00606-1,
s_008um_00391_00377-1,
s_008um_00560_00375-1,
s_008um_00648_00229-1,
s_008um_00511_00606-1,
s_008um_00713_00602-1,
s_008um_00415_00388-1,
s_008um_00271_00367-1,
s_008um_00624_00200-1,
s_008um_00579_00619-1,
s_008um_00636_00218-1,
s_008um_00356_00390-1,
s_008um_00309_00382-1,
s_008um_00534_00607-1,
s_008um_00181_00231-1,
s_008um_00269_00383-1,
s_008um_00320_00609-1,
s_008um_00280_00387-1,
s_008um_00342_00210-1,
s_008um_00318_00372-1,
s_008um_00676_00606-1,
s_008um_00154_00410-1,
s_008um_00657_00218-1,
s_008um_00357_00380-1,
s_008um_00498_00215-1,
s_008um_00267_00216-1,
s_008um_00596_00621-1,
s_008um_00283_00603-1,
s_008um_00303_00604-1,
s_008um_00636_00415-1,
s_008um_00244_00374-1,
s_008um_00594_00208-1,
s_008um_00286_00211-1,
s_008um_00595_00413-1,
s_008um_00607_00621-1,
s_008um_00681_00412-1,
s_008um_00644_00218-1,
s_008um_00699_00416-1,
s_008um_00504_00376-1,
s_008um_00640_00611-1,
s_008um_00251_00220-1,
s_008um_00428_00211-1,CS2
s_008um_00505_00210-1,
s_008um_00651_00208-1,
s_008um_00687_00412-1,
s_008um_00622_00613-1,
s_008um_00646_00215-1,
s_008um_00310_00606-1,
s_008um_00124_00249-1,
s_008um_00277_00217-1,
s_008um_00684_00202-1,
s_008um_00147_00229-1,
s_008um_00123_00242-1,
s_008um_00431_00212-1,CS2
s_008um_00635_00617-1,
s_008um_00213_00396-1,
s_008um_00628_00397-1,
s_008um_00267_00388-1,
s_008um_00465_00378-1,
s_008um_00302_00605-1,
s_008um_00524_00598-1,
s_008um_00664_00618-1,
s_008um_00574_00381-1,
s_008um_00311_00211-1,
s_008um_00611_00413-1,
s_008um_00715_00205-1,
s_008um_00226_00215-1,
s_008um_00527_00381-1,
s_008um_00596_00602-1,
s_008um_00172_00228-1,
s_008um_00407_00385-1,
s_008um_00320_00388-1,
s_008um_00367_00393-1,
s_008um_00243_00395-1,
s_008um_00629_00196-1,
s_008um_00366_00210-1,
s_008um_00475_00379-1,
s_008um_00453_00207-1,
s_008um_00694_00614-1,
s_008um_00258_00603-1,
s_008um_00673_00207-1,
s_008um_00302_00381-1,
s_008um_00530_00372-1,
s_008um_00488_00392-1,
s_008um_00615_00414-1,
s_008um_00616_00397-1,
s_008um_00383_00608-1,
s_008um_00668_00599-1,
s_008um_00533_00209-1,
s_008um_00645_00411-1,
s_008um_00267_00217-1,
s_008um_00398_00389-1,
s_008um_00402_00377-1,
s_008um_00300_00209-1,
s_008um_00556_00374-1,
s_008um_00663_00217-1,
s_008um_00449_00382-1,
s_008um_00308_00390-1,
s_008um_00559_00604-1,
s_008um_00170_00230-1,
s_008um_00211_00217-1,
s_008um_00324_00211-1,
s_008um_00159_00242-1,
s_008um_00627_00618-1,
s_008um_00383_00387-1,
s_008um_00585_00223-1,
s_008um_00489_00592-1,
s_008um_00603_00405-1,
s_008um_00333_00603-1,
s_008um_00521_00202-1,
s_008um_00423_00381-1,
s_008um_00378_00378-1,
s_008um_00597_00388-1,
s_008um_00567_00392-1,
s_008um_00713_00414-1,
s_008um_00454_00595-1,
s_008um_00495_00199-1,
s_008um_00288_00599-1,
s_008um_00503_00599-1,
s_008um_00223_00221-1,
s_008um_00170_00409-1,
s_008um_00551_00210-1,
s_008um_00686_00214-1,
s_008um_00612_00199-1,
s_008um_00520_00205-1,
s_008um_00317_00207-1,
s_008um_00523_00205-1,
s_008um_00597_00617-1,
s_008um_00543_00193-1,
s_008um_00633_00413-1,
s_008um_00471_00391-1,
s_008um_00431_00380-1,
s_008um_00666_00413-1,
s_008um_00624_00213-1,
s_008um_00312_00609-1,
s_008um_00493_00603-1,
s_008um_00220_00382-1,
s_008um_00164_00244-1,
s_008um_00244_00392-1,
s_008um_00580_00380-1,
s_008um_00165_00404-1,
s_008um_00540_00373-1,
s_008um_00708_00417-1,
s_008um_00499_00590-1,
s_008um_00584_00608-1,
s_008um_00597_00214-1,
s_008um_00613_00403-1,
s_008um_00524_00593-1,
s_008um_00443_00599-1,
s_008um_00610_00210-1,
s_008um_00216_00213-1,
s_008um_00442_00395-1,
s_008um_00229_00390-1,
s_008um_00389_00610-1,
s_008um_00593_00409-1,
s_008um_00581_00198-1,
s_008um_00224_00387-1,
s_008um_00389_00219-1,
s_008um_00693_00617-1,
s_008um_00128_00229-1,
s_008um_00362_00368-1,
s_008um_00165_00410-1,
s_008um_00156_00411-1,
s_008um_00479_00379-1,
s_008um_00339_00375-1,
s_008um_00687_00409-1,
s_008um_00276_00371-1,
s_008um_00341_00389-1,
s_008um_00322_00612-1,
s_008um_00221_00392-1,
s_008um_00530_00610-1,
s_008um_00285_00384-1,
s_008um_00213_00226-1,
s_008um_00346_00375-1,
s_008um_00285_00218-1,
s_008um_00589_00412-1,
s_008um_00378_00385-1,
s_008um_00581_00381-1,
s_008um_00342_00370-1,
s_008um_00446_00217-1,CS2
s_008um_00607_00416-1,
s_008um_00456_00209-1,
s_008um_00674_00602-1,
s_008um_00655_00603-1,
s_008um_00573_00613-1,
s_008um_00667_00219-1,
s_008um_00551_00201-1,
s_008um_00470_00394-1,
s_008um_00620_00606-1,
s_008um_00652_00607-1,
s_008um_00387_00380-1,
s_008um_00453_00600-1,
s_008um_00618_00410-1,
s_008um_00365_00205-1,
s_008um_00444_00208-1,CS2
s_008um_00649_00399-1,
s_008um_00483_00212-1,
s_008um_00325_00375-1,
s_008um_00228_00589-1,
s_008um_00225_00214-1,
s_008um_00691_00412-1,
s_008um_00385_00378-1,
s_008um_00353_00209-1,
s_008um_00606_00603-1,
s_008um_00356_00209-1,
s_008um_00497_00206-1,
s_008um_00378_00387-1,
s_008um_00616_00224-1,
s_008um_00623_00599-1,
s_008um_00357_00372-1,
s_008um_00294_00218-1,
s_008um_00442_00217-1,CS2
s_008um_00688_00417-1,
s_008um_00554_00217-1,
s_008um_00653_00602-1,
s_008um_00607_00214-1,
s_008um_00599_00205-1,
s_008um_00389_00381-1,
s_008um_00544_00594-1,
s_008um_00386_00386-1,
s_008um_00239_00392-1,
s_008um_00272_00603-1,
s_008um_00355_00613-1,
s_008um_00375_00208-1,
s_008um_00573_00215-1,
s_008um_00684_00607-1,
s_008um_00492_00389-1,
s_008um_00468_00205-1,
s_008um_00349_00608-1,
s_008um_00182_00401-1,
s_008um_00285_00212-1,
s_008um_00285_00607-1,
s_008um_00616_00215-1,
s_008um_00672_00610-1,
s_008um_00520_00592-1,
s_008um_00586_00385-1,
s_008um_00460_00595-1,
s_008um_00364_00372-1,
s_008um_00262_00386-1,
s_008um_00651_00399-1,
s_008um_00238_00379-1,
s_008um_00572_00383-1,
s_008um_00513_00383-1,
s_008um_00559_00614-1,
s_008um_00538_00214-1,
s_008um_00296_00598-1,
s_008um_00395_00607-1,
s_008um_00542_00209-1,
s_008um_00585_00614-1,
s_008um_00517_00602-1,
s_008um_00466_00394-1,
s_008um_00429_00217-1,CS2
s_008um_00288_00606-1,
s_008um_00524_00213-1,
s_008um_00527_00607-1,
s_008um_00182_00405-1,
s_008um_00583_00378-1,
s_008um_00472_00215-1,
s_008um_00164_00228-1,
s_008um_00312_00371-1,
s_008um_00583_00221-1,
s_008um_00449_00210-1,CS2
s_008um_00675_00222-1,
s_008um_00601_00196-1,
s_008um_00626_00199-1,
s_008um_00555_00202-1,
s_008um_00606_00212-1,
s_008um_00280_00600-1,
s_008um_00373_00371-1,
s_008um_00387_00217-1,
s_008um_00714_00415-1,
s_008um_00147_00230-1,
s_008um_00296_00376-1,
s_008um_00349_00377-1,
s_008um_00689_00211-1,
s_008um_00538_00374-1,
s_008um_00662_00217-1,
s_008um_00573_00216-1,
s_008um_00622_00413-1,
s_008um_00479_00211-1,
s_008um_00289_00384-1,
s_008um_00187_00401-1,
s_008um_00502_00593-1,
s_008um_00606_00219-1,
s_008um_00308_00609-1,
s_008um_00288_00605-1,
s_008um_00575_00607-1,
s_008um_00697_00614-1,
s_008um_00571_00388-1,
s_008um_00657_00610-1,
s_008um_00361_00378-1,
s_008um_00341_00375-1,
s_008um_00218_00390-1,
s_008um_00547_00374-1,
s_008um_00650_00602-1,
s_008um_00149_00235-1,
s_008um_00336_00208-1,
s_008um_00548_00214-1,
s_008um_00284_00607-1,
s_008um_00363_00599-1,
s_008um_00548_00374-1,
s_008um_00531_00208-1,
s_008um_00618_00405-1,
s_008um_00605_00619-1,
s_008um_00642_00599-1,
s_008um_00309_00370-1,
s_008um_00707_00416-1,
s_008um_00134_00240-1,
s_008um_00640_00409-1,
s_008um_00651_00621-1,
s_008um_00659_00201-1,
s_008um_00566_00201-1,
s_008um_00641_00217-1,
s_008um_00622_00411-1,
s_008um_00477_00206-1,
s_008um_00484_00380-1,
s_008um_00667_00612-1,
s_008um_00573_00197-1,
s_008um_00557_00607-1,
s_008um_00607_00405-1,
s_008um_00418_00605-1,
s_008um_00630_00610-1,
s_008um_00507_00203-1,
s_008um_00497_00203-1,
s_008um_00587_00379-1,
s_008um_00159_00410-1,
s_008um_00524_00207-1,
s_008um_00238_00603-1,
s_008um_00508_00606-1,
s_008um_00704_00612-1,
s_008um_00312_00608-1,
s_008um_00310_00607-1,
s_008um_00564_00217-1,
s_008um_00324_00371-1,
s_008um_00265_00382-1,
s_008um_00463_00392-1,
s_008um_00371_00211-1,
s_008um_00576_00375-1,
s_008um_00696_00611-1,
s_008um_00639_00222-1,
s_008um_00306_00375-1,
s_008um_00514_00197-1,
s_008um_00188_00398-1,
s_008um_00614_00620-1,
s_008um_00628_00227-1,
s_008um_00691_00607-1,
s_008um_00435_00218-1,CS2
s_008um_00568_00386-1,
s_008um_00289_00383-1,
s_008um_00151_00243-1,
s_008um_00575_00208-1,
s_008um_00340_00387-1,
s_008um_00590_00390-1,
s_008um_00358_00387-1,
s_008um_00708_00423-1,
s_008um_00710_00416-1,
s_008um_00246_00606-1,
s_008um_00648_00223-1,
s_008um_00590_00392-1,
s_008um_00563_00203-1,
s_008um_00649_00225-1,
s_008um_00641_00421-1,
s_008um_00281_00608-1,
s_008um_00645_00602-1,
s_008um_00468_00588-1,
s_008um_00475_00598-1,
s_008um_00137_00238-1,
s_008um_00413_00601-1,
s_008um_00262_00379-1,
s_008um_00531_00370-1,
s_008um_00493_00377-1,
s_008um_00570_00375-1,
s_008um_00268_00216-1,
s_008um_00445_00597-1,
s_008um_00224_00394-1,
s_008um_00599_00210-1,
s_008um_00433_00201-1,
s_008um_00576_00598-1,
s_008um_00168_00240-1,
s_008um_00670_00223-1,
s_008um_00710_00614-1,
s_008um_00621_00228-1,
s_008um_00707_00605-1,
s_008um_00665_00211-1,
s_008um_00322_00208-1,
s_008um_00566_00202-1,
s_008um_00651_00419-1,
s_008um_00298_00212-1,
s_008um_00635_00403-1,
s_008um_00649_00403-1,
s_008um_00336_00378-1,
s_008um_00352_00369-1,
s_008um_00475_00377-1,
s_008um_00450_00219-1,CS2
s_008um_00374_00394-1,
s_008um_00610_00216-1,
s_008um_00431_00375-1,
s_008um_00478_00391-1,
s_008um_00651_00218-1,
s_008um_00628_00623-1,
s_008um_00496_00589-1,
s_008um_00670_00413-1,
s_008um_00546_00202-1,
s_008um_00494_00213-1,
s_008um_00655_00230-1,
s_008um_00471_00596-1,
s_008um_00629_00204-1,
s_008um_00152_00409-1,
s_008um_00591_00383-1,
s_008um_00565_00380-1,
s_008um_00363_00393-1,
s_008um_00507_00196-1,
s_008um_00702_00210-1,
s_008um_00661_00617-1,
s_008um_00492_00207-1,
s_008um_00594_00199-1,
s_008um_00543_00214-1,
s_008um_00608_00401-1,
s_008um_00310_00390-1,
s_008um_00202_00403-1,
s_008um_00696_00600-1,
s_008um_00617_00223-1,
s_008um_00627_00404-1,
s_008um_00469_00587-1,
s_008um_00622_00197-1,
s_008um_00322_00608-1,
s_008um_00568_00608-1,
s_008um_00518_00606-1,
s_008um_00469_00219-1,
s_008um_00343_00211-1,
s_008um_00686_00202-1,
s_008um_00600_00611-1,
s_008um_00560_00209-1,
s_008um_00423_00375-1,
s_008um_00566_00197-1,
s_008um_00508_00373-1,
s_008um_00636_00622-1,
s_008um_00581_00193-1,
s_008um_00302_00600-1,
s_008um_00436_00600-1,
s_008um_00613_00413-1,
s_008um_00470_00392-1,
s_008um_00679_00606-1,
s_008um_00391_00213-1,
s_008um_00474_00602-1,
s_008um_00675_00415-1,
s_008um_00426_00381-1,
s_008um_00664_00602-1,
s_008um_00170_00227-1,
s_008um_00418_00603-1,
s_008um_00481_00373-1,
s_008um_00579_00604-1,
s_008um_00692_00616-1,
s_008um_00530_00607-1,
s_008um_00424_00600-1,
s_008um_00714_00614-1,
s_008um_00560_00390-1,
s_008um_00671_00607-1,
s_008um_00334_00604-1,
s_008um_00642_00215-1,
s_008um_00638_00212-1,
s_008um_00294_00380-1,
s_008um_00545_00592-1,
s_008um_00607_00616-1,
s_008um_00517_00197-1,
s_008um_00277_00213-1,
s_008um_00285_00373-1,
s_008um_00276_00610-1,
s_008um_00692_00423-1,
s_008um_00361_00210-1,
s_008um_00538_00204-1,
s_008um_00150_00243-1,
s_008um_00166_00410-1,
s_008um_00142_00239-1,
s_008um_00595_00609-1,
s_008um_00333_00390-1,
s_008um_00511_00591-1,
s_008um_00485_00382-1,
s_008um_00487_00202-1,
s_008um_00412_00599-1,
s_008um_00284_00373-1,
s_008um_00546_00376-1,
s_008um_00615_00409-1,
s_008um_00662_00223-1,
s_008um_00651_00410-1,
s_008um_00297_00371-1,
s_008um_00602_00416-1,
s_008um_00693_00214-1,
s_008um_00604_00203-1,
s_008um_00431_00391-1,
s_008um_00683_00420-1,
s_008um_00619_00622-1,
s_008um_00566_00203-1,
s_008um_00500_00388-1,
s_008um_00642_00208-1,
s_008um_00281_00215-1,
s_008um_00673_00604-1,
s_008um_00182_00396-1,
s_008um_00319_00207-1,
s_008um_00467_00592-1,
s_008um_00324_00613-1,
s_008um_00432_00387-1,
s_008um_00543_00200-1,
s_008um_00276_00374-1,
s_008um_00335_00369-1,
s_008um_00597_00620-1,
s_008um_00294_00366-1,
s_008um_00709_00598-1,
s_008um_00112_00227-1,
s_008um_00530_00376-1,
s_008um_00294_00216-1,
s_008um_00656_00225-1,
s_008um_00347_00611-1,
s_008um_00292_00599-1,
s_008um_00315_00211-1,
s_008um_00501_00603-1,
s_008um_00260_00214-1,
s_008um_00635_00623-1,
s_008um_00375_00371-1,
s_008um_00560_00599-1,
s_008um_00399_00601-1,
s_008um_00589_00208-1,
s_008um_00324_00380-1,
s_008um_00374_00374-1,
s_008um_00548_00369-1,
s_008um_00579_00206-1,
s_008um_00485_00375-1,
s_008um_00525_00201-1,
s_008um_00670_00213-1,
s_008um_00304_00387-1,
s_008um_00223_00383-1,
s_008um_00369_00213-1,
s_008um_00207_00216-1,
s_008um_00598_00200-1,
s_008um_00273_00366-1,
s_008um_00516_00215-1,
s_008um_00350_00606-1,
s_008um_00299_00603-1,
s_008um_00132_00240-1,
s_008um_00393_00213-1,
s_008um_00506_00206-1,
s_008um_00591_00618-1,
s_008um_00604_00403-1,
s_008um_00163_00247-1,
s_008um_00201_00230-1,
s_008um_00573_00212-1,
s_008um_00168_00228-1,
s_008um_00564_00388-1,
s_008um_00552_00604-1,
s_008um_00665_00407-1,
s_008um_00151_00229-1,
s_008um_00509_00594-1,
s_008um_00413_00215-1,
s_008um_00620_00225-1,
s_008um_00437_00202-1,
s_008um_00415_00599-1,
s_008um_00711_00621-1,
s_008um_00333_00379-1,
s_008um_00423_00598-1,
s_008um_00542_00218-1,
s_008um_00171_00404-1,
s_008um_00140_00239-1,
s_008um_00677_00607-1,
s_008um_00649_00418-1,
s_008um_00639_00621-1,
s_008um_00608_00208-1,
s_008um_00586_00199-1,
s_008um_00667_00215-1,
s_008um_00529_00200-1,
s_008um_00668_00596-1,
s_008um_00313_00383-1,
s_008um_00343_00603-1,
s_008um_00399_00217-1,
s_008um_00153_00237-1,
s_008um_00353_00386-1,
s_008um_00481_00200-1,
s_008um_00441_00203-1,CS2
s_008um_00557_00388-1,
s_008um_00486_00597-1,
s_008um_00467_00384-1,
s_008um_00454_00208-1,
s_008um_00593_00379-1,
s_008um_00536_00367-1,
s_008um_00252_00384-1,
s_008um_00477_00596-1,
s_008um_00109_00234-1,
s_008um_00504_00392-1,
s_008um_00236_00397-1,
s_008um_00715_00609-1,
s_008um_00525_00212-1,
s_008um_00161_00406-1,
s_008um_00568_00200-1,
s_008um_00597_00203-1,
s_008um_00619_00604-1,
s_008um_00198_00237-1,
s_008um_00583_00392-1,
s_008um_00650_00408-1,
s_008um_00331_00384-1,
s_008um_00705_00607-1,
s_008um_00162_00232-1,
s_008um_00412_00377-1,
s_008um_00261_00215-1,
s_008um_00317_00606-1,
s_008um_00596_00600-1,
s_008um_00534_00393-1,
s_008um_00695_00417-1,
s_008um_00706_00208-1,
s_008um_00592_00602-1,
s_008um_00555_00219-1,
s_008um_00483_00210-1,
s_008um_00599_00415-1,
s_008um_00601_00221-1,
s_008um_00574_00214-1,
s_008um_00649_00210-1,
s_008um_00533_00215-1,
s_008um_00327_00382-1,
s_008um_00519_00391-1,
s_008um_00254_00378-1,
s_008um_00497_00201-1,
s_008um_00457_00209-1,
s_008um_00251_00384-1,
s_008um_00503_00606-1,
s_008um_00511_00375-1,
s_008um_00496_00596-1,
s_008um_00343_00213-1,
s_008um_00636_00406-1,
s_008um_00402_00369-1,
s_008um_00632_00415-1,
s_008um_00263_00371-1,
s_008um_00621_00414-1,
s_008um_00556_00384-1,
s_008um_00472_00592-1,
s_008um_00666_00597-1,
s_008um_00452_00378-1,
s_008um_00327_00208-1,
s_008um_00419_00382-1,
s_008um_00631_00606-1,
s_008um_00449_00600-1,
s_008um_00705_00616-1,
s_008um_00586_00602-1,
s_008um_00550_00611-1,
s_008um_00640_00213-1,
s_008um_00402_00218-1,
s_008um_00120_00234-1,
s_008um_00578_00604-1,
s_008um_00449_00605-1,
s_008um_00385_00377-1,
s_008um_00528_00383-1,
s_008um_00623_00207-1,
s_008um_00208_00392-1,
s_008um_00255_00602-1,
s_008um_00494_00384-1,
s_008um_00310_00205-1,
s_008um_00603_00609-1,
s_008um_00515_00380-1,
s_008um_00259_00383-1,
s_008um_00395_00392-1,
s_008um_00696_00204-1,
s_008um_00442_00210-1,CS2
s_008um_00673_00416-1,
s_008um_00156_00235-1,
s_008um_00526_00609-1,
s_008um_00709_00207-1,
s_008um_00232_00378-1,
s_008um_00161_00410-1,
s_008um_00452_00214-1,CS2
s_008um_00507_00604-1,
s_008um_00353_00608-1,
s_008um_00656_00213-1,
s_008um_00366_00604-1,
s_008um_00669_00219-1,
s_008um_00598_00198-1,
s_008um_00616_00409-1,
s_008um_00220_00394-1,
s_008um_00490_00391-1,
s_008um_00349_00607-1,
s_008um_00555_00605-1,
s_008um_00218_00215-1,
s_008um_00513_00377-1,
s_008um_00322_00369-1,
s_008um_00573_00601-1,
s_008um_00244_00601-1,
s_008um_00404_00386-1,
s_008um_00606_00617-1,
s_008um_00645_00417-1,
s_008um_00567_00217-1,
s_008um_00355_00390-1,
s_008um_00549_00374-1,
s_008um_00498_00595-1,
s_008um_00564_00215-1,
s_008um_00611_00611-1,
s_008um_00345_00610-1,
s_008um_00579_00599-1,
s_008um_00626_00394-1,
s_008um_00517_00591-1,
s_008um_00388_00376-1,
s_008um_00317_00387-1,
s_008um_00513_00599-1,
s_008um_00382_00604-1,
s_008um_00552_00373-1,
s_008um_00676_00412-1,
s_008um_00137_00242-1,
s_008um_00323_00600-1,
s_008um_00697_00414-1,
s_008um_00496_00390-1,
s_008um_00281_00219-1,
s_008um_00163_00248-1,
s_008um_00305_00366-1,
s_008um_00673_00219-1,
s_008um_00562_00600-1,
s_008um_00326_00381-1,
s_008um_00503_00590-1,
s_008um_00271_00380-1,
s_008um_00269_00375-1,
s_008um_00471_00603-1,
s_008um_00268_00602-1,
s_008um_00654_00222-1,
s_008um_00526_00381-1,
s_008um_00427_00600-1,
s_008um_00628_00398-1,
s_008um_00231_00592-1,
s_008um_00556_00219-1,
s_008um_00682_00419-1,
s_008um_00342_00605-1,
s_008um_00661_00418-1,
s_008um_00177_00401-1,
s_008um_00614_00412-1,
s_008um_00694_00414-1,
s_008um_00577_00617-1,
s_008um_00383_00383-1,
s_008um_00649_00218-1,
s_008um_00530_00368-1,
s_008um_00636_00402-1,
s_008um_00482_00216-1,
s_008um_00365_00611-1,
s_008um_00173_00227-1,
s_008um_00602_00415-1,
s_008um_00524_00604-1,
s_008um_00623_00411-1,
s_008um_00223_00223-1,
s_008um_00666_00229-1,
s_008um_00283_00217-1,
s_008um_00569_00385-1,
s_008um_00562_00379-1,
s_008um_00702_00420-1,
s_008um_00291_00375-1,
s_008um_00656_00608-1,
s_008um_00371_00388-1,
s_008um_00327_00384-1,
s_008um_00528_00378-1,
s_008um_00659_00615-1,
s_008um_00461_00208-1,
s_008um_00427_00208-1,CS2
s_008um_00580_00382-1,
s_008um_00289_00220-1,
s_008um_00683_00417-1,
s_008um_00477_00597-1,
s_008um_00217_00398-1,
s_008um_00437_00378-1,
s_008um_00623_00412-1,
s_008um_00578_00387-1,
s_008um_00411_00374-1,
s_008um_00486_00211-1,
s_008um_00604_00617-1,
s_008um_00553_00376-1,
s_008um_00483_00390-1,
s_008um_00557_00382-1,
s_008um_00365_00381-1,
s_008um_00431_00392-1,
s_008um_00634_00215-1,
s_008um_00231_00223-1,
s_008um_00397_00380-1,
s_008um_00453_00379-1,
s_008um_00181_00400-1,
s_008um_00379_00382-1,
s_008um_00616_00603-1,
s_008um_00623_00404-1,
s_008um_00644_00601-1,
s_008um_00300_00373-1,
s_008um_00621_00608-1,
s_008um_00336_00605-1,
s_008um_00128_00240-1,
s_008um_00516_00373-1,
s_008um_00401_00219-1,
s_008um_00222_00213-1,
s_008um_00557_00204-1,
s_008um_00672_00617-1,
s_008um_00641_00401-1,
s_008um_00617_00595-1,
s_008um_00692_00215-1,
s_008um_00563_00384-1,
s_008um_00162_00244-1,
s_008um_00532_00609-1,
s_008um_00273_00219-1,
s_008um_00228_00596-1,
s_008um_00433_00204-1,CS2
s_008um_00482_00394-1,
s_008um_00453_00383-1,
s_008um_00613_00620-1,
s_008um_00431_00603-1,
s_008um_00375_00393-1,
s_008um_00326_00598-1,
s_008um_00372_00369-1,
s_008um_00398_00219-1,
s_008um_00401_00382-1,
s_008um_00616_00600-1,
s_008um_00572_00196-1,
s_008um_00423_00602-1,
s_008um_00380_00610-1,
s_008um_00251_00377-1,
s_008um_00667_00602-1,
s_008um_00639_00394-1,
s_008um_00247_00377-1,
s_008um_00375_00209-1,
s_008um_00518_00387-1,
s_008um_00463_00598-1,
s_008um_00384_00375-1,
s_008um_00661_00404-1,
s_008um_00590_00606-1,
s_008um_00527_00379-1,
s_008um_00233_00393-1,
s_008um_00616_00209-1,
s_008um_00501_00374-1,
s_008um_00644_00620-1,
s_008um_00499_00587-1,
s_008um_00597_00378-1,
s_008um_00241_00375-1,
s_008um_00583_00609-1,
s_008um_00238_00604-1,
s_008um_00597_00598-1,
s_008um_00541_00201-1,
s_008um_00404_00219-1,
s_008um_00583_00380-1,
s_008um_00209_00391-1,
s_008um_00519_00372-1,
s_008um_00549_00201-1,
s_008um_00664_00206-1,
s_008um_00617_00397-1,
s_008um_00210_00216-1,
s_008um_00339_00610-1,
s_008um_00623_00621-1,
s_008um_00352_00381-1,
s_008um_00314_00209-1,
s_008um_00206_00393-1,
s_008um_00676_00217-1,
s_008um_00628_00621-1,
s_008um_00492_00377-1,
s_008um_00242_00219-1,
s_008um_00323_00211-1,
s_008um_00295_00375-1,
s_008um_00396_00381-1,
s_008um_00355_00602-1,
s_008um_00298_00210-1,
s_008um_00630_00605-1,
s_008um_00658_00622-1,
s_008um_00475_00213-1,
s_008um_00631_00418-1,
s_008um_00375_00387-1,
s_008um_00320_00379-1,
s_008um_00176_00238-1,
s_008um_00486_00602-1,
s_008um_00621_00614-1,
s_008um_00705_00611-1,
s_008um_00383_00212-1,
s_008um_00551_00380-1,
s_008um_00217_00225-1,
s_008um_00666_00619-1,
s_008um_00555_00595-1,
s_008um_00275_00387-1,
s_008um_00442_00392-1,
s_008um_00534_00379-1,
s_008um_00248_00389-1,
s_008um_00378_00215-1,
s_008um_00648_00604-1,
s_008um_00629_00605-1,
s_008um_00545_00373-1,
s_008um_00234_00216-1,
s_008um_00379_00375-1,
s_008um_00641_00416-1,
s_008um_00253_00217-1,
s_008um_00469_00383-1,
s_008um_00432_00206-1,CS2
s_008um_00598_00208-1,
s_008um_00571_00212-1,
s_008um_00689_00611-1,
s_008um_00706_00600-1,
s_008um_00424_00214-1,CS2
s_008um_00523_00393-1,
s_008um_00685_00411-1,
s_008um_00413_00599-1,
s_008um_00611_00223-1,
s_008um_00629_00618-1,
s_008um_00643_00404-1,
s_008um_00629_00220-1,
s_008um_00649_00416-1,
s_008um_00467_00214-1,
s_008um_00196_00235-1,
s_008um_00537_00374-1,
s_008um_00571_00207-1,
s_008um_00570_00193-1,
s_008um_00208_00218-1,
s_008um_00496_00598-1,
s_008um_00641_00232-1,
s_008um_00658_00200-1,
s_008um_00567_00379-1,
s_008um_00506_00595-1,
s_008um_00531_00393-1,
s_008um_00310_00206-1,
s_008um_00621_00207-1,
s_008um_00692_00600-1,
s_008um_00630_00604-1,
s_008um_00174_00409-1,
s_008um_00268_00373-1,
s_008um_00640_00603-1,
s_008um_00378_00611-1,
s_008um_00340_00213-1,
s_008um_00487_00203-1,
s_008um_00589_00616-1,
s_008um_00314_00387-1,
s_008um_00631_00202-1,
s_008um_00496_00389-1,
s_008um_00502_00374-1,
s_008um_00416_00601-1,
s_008um_00640_00210-1,
s_008um_00215_00390-1,
s_008um_00559_00615-1,
s_008um_00359_00383-1,
s_008um_00636_00221-1,
s_008um_00235_00593-1,
s_008um_00654_00402-1,
s_008um_00185_00223-1,
s_008um_00549_00202-1,
s_008um_00567_00215-1,
s_008um_00486_00207-1,
s_008um_00327_00389-1,
s_008um_00443_00602-1,
s_008um_00454_00221-1,CS2
s_008um_00113_00237-1,
s_008um_00586_00387-1,
s_008um_00488_00393-1,
s_008um_00514_00385-1,
s_008um_00586_00615-1,
s_008um_00519_00212-1,
s_008um_00266_00222-1,
s_008um_00631_00594-1,
s_008um_00710_00204-1,
s_008um_00593_00388-1,
s_008um_00615_00614-1,
s_008um_00632_00214-1,
s_008um_00657_00202-1,
s_008um_00544_00610-1,
s_008um_00265_00217-1,
s_008um_00527_00603-1,
s_008um_00634_00596-1,
s_008um_00293_00379-1,
s_008um_00542_00203-1,
s_008um_00711_00208-1,
s_008um_00523_00198-1,
s_008um_00516_00374-1,
s_008um_00592_00604-1,
s_008um_00570_00210-1,
s_008um_00129_00235-1,
s_008um_00291_00601-1,
s_008um_00278_00372-1,
s_008um_00567_00375-1,
s_008um_00577_00224-1,
s_008um_00288_00609-1,
s_008um_00551_00374-1,
s_008um_00540_00195-1,
s_008um_00481_00204-1,
s_008um_00681_00614-1,
s_008um_00311_00368-1,
s_008um_00465_00213-1,
s_008um_00588_00388-1,
s_008um_00613_00603-1,
s_008um_00574_00224-1,
s_008um_00208_00215-1,
s_008um_00326_00209-1,
s_008um_00478_00594-1,
s_008um_00560_00605-1,
s_008um_00528_00217-1,
s_008um_00242_00598-1,
s_008um_00692_00410-1,
s_008um_00479_00217-1,
s_008um_00236_00393-1,
s_008um_00635_00619-1,
s_008um_00711_00604-1,
s_008um_00632_00623-1,
s_008um_00138_00227-1,
s_008um_00683_00613-1,
s_008um_00326_00371-1,
s_008um_00368_00610-1,
s_008um_00636_00209-1,
s_008um_00639_00215-1,
s_008um_00195_00234-1,
s_008um_00265_00381-1,
s_008um_00252_00595-1,
s_008um_00426_00213-1,CS2
s_008um_00517_00204-1,
s_008um_00134_00237-1,
s_008um_00318_00386-1,
s_008um_00326_00367-1,
s_008um_00588_00414-1,
s_008um_00607_00619-1,
s_008um_00642_00400-1,
s_008um_00350_00608-1,
s_008um_00273_00385-1,
s_008um_00568_00208-1,
s_008um_00679_00416-1,
s_008um_00323_00606-1,
s_008um_00429_00599-1,
s_008um_00532_00594-1,
s_008um_00454_00602-1,
s_008um_00470_00207-1,
s_008um_00661_00230-1,
s_008um_00441_00207-1,CS2
s_008um_00265_00374-1,
s_008um_00198_00401-1,
s_008um_00568_00212-1,
s_008um_00275_00378-1,
s_008um_00683_00214-1,
s_008um_00258_00599-1,
s_008um_00376_00388-1,
s_008um_00584_00214-1,
s_008um_00153_00242-1,
s_008um_00474_00601-1,
s_008um_00715_00619-1,
s_008um_00129_00248-1,
s_008um_00684_00600-1,
s_008um_00701_00613-1,
s_008um_00441_00379-1,
s_008um_00686_00609-1,
s_008um_00594_00598-1,
s_008um_00452_00216-1,CS2
s_008um_00667_00608-1,
s_008um_00701_00609-1,
s_008um_00655_00217-1,
s_008um_00588_00197-1,
s_008um_00666_00210-1,
s_008um_00656_00414-1,
s_008um_00564_00610-1,
s_008um_00382_00213-1,
s_008um_00432_00216-1,CS2
s_008um_00660_00597-1,
s_008um_00215_00385-1,
s_008um_00378_00603-1,
s_008um_00487_00215-1,
s_008um_00455_00595-1,
s_008um_00524_00379-1,
s_008um_00612_00210-1,
s_008um_00569_00383-1,
s_008um_00635_00614-1,
s_008um_00670_00414-1,
s_008um_00710_00418-1,
s_008um_00584_00620-1,
s_008um_00460_00383-1,
s_008um_00312_00390-1,
s_008um_00623_00196-1,
s_008um_00601_00393-1,
s_008um_00540_00367-1,
s_008um_00378_00382-1,
s_008um_00398_00374-1,
s_008um_00212_00400-1,
s_008um_00584_00392-1,
s_008um_00363_00605-1,
s_008um_00597_00195-1,
s_008um_00606_00408-1,
s_008um_00368_00374-1,
s_008um_00685_00212-1,
s_008um_00637_00420-1,
s_008um_00691_00606-1,
s_008um_00669_00602-1,
s_008um_00603_00229-1,
s_008um_00284_00380-1,
s_008um_00507_00596-1,
s_008um_00636_00219-1,
s_008um_00435_00207-1,CS2
s_008um_00343_00374-1,
s_008um_00322_00366-1,
s_008um_00618_00617-1,
s_008um_00229_00601-1,
s_008um_00169_00239-1,
s_008um_00369_00212-1,
s_008um_00578_00619-1,
s_008um_00269_00220-1,
s_008um_00276_00606-1,
s_008um_00482_00380-1,
s_008um_00282_00381-1,
s_008um_00580_00223-1,
s_008um_00571_00384-1,
s_008um_00300_00365-1,
s_008um_00479_00200-1,
s_008um_00598_00389-1,
s_008um_00624_00409-1,
s_008um_00503_00600-1,
s_008um_00352_00598-1,
s_008um_00656_00616-1,
s_008um_00681_00409-1,
s_008um_00311_00207-1,
s_008um_00590_00220-1,
s_008um_00348_00605-1,
s_008um_00398_00601-1,
s_008um_00113_00236-1,
s_008um_00695_00602-1,
s_008um_00297_00385-1,
s_008um_00208_00226-1,
s_008um_00346_00371-1,
s_008um_00107_00237-1,
s_008um_00233_00593-1,
s_008um_00373_00215-1,
s_008um_00355_00615-1,
s_008um_00479_00592-1,
s_008um_00659_00411-1,
s_008um_00541_00377-1,
s_008um_00653_00612-1,
s_008um_00627_00233-1,
s_008um_00187_00221-1,
s_008um_00530_00200-1,
s_008um_00613_00416-1,
s_008um_00631_00194-1,
s_008um_00673_00215-1,
s_008um_00400_00371-1,
s_008um_00559_00601-1,
s_008um_00531_00592-1,
s_008um_00626_00609-1,
s_008um_00566_00220-1,
s_008um_00490_00599-1,
s_008um_00434_00218-1,CS2
s_008um_00480_00384-1,
s_008um_00664_00216-1,
s_008um_00517_00202-1,
s_008um_00217_00214-1,
s_008um_00576_00223-1,
s_008um_00438_00378-1,
s_008um_00529_00215-1,
s_008um_00517_00600-1,
s_008um_00335_00612-1,
s_008um_00341_00370-1,
s_008um_00378_00372-1,
s_008um_00411_00390-1,
s_008um_00493_00376-1,
s_008um_00464_00596-1,
s_008um_00226_00399-1,
s_008um_00161_00248-1,
s_008um_00402_00380-1,
s_008um_00346_00372-1,
s_008um_00407_00376-1,
s_008um_00193_00218-1,
s_008um_00280_00368-1,
s_008um_00604_00201-1,
s_008um_00577_00207-1,
s_008um_00326_00389-1,
s_008um_00683_00601-1,
s_008um_00607_00220-1,
s_008um_00564_00609-1,
s_008um_00575_00609-1,
s_008um_00190_00404-1,
s_008um_00517_00386-1,
s_008um_00332_00376-1,
s_008um_00367_00601-1,
s_008um_00630_00200-1,
s_008um_00603_00214-1,
s_008um_00445_00220-1,CS2
s_008um_00359_00376-1,
s_008um_00618_00609-1,
s_008um_00121_00229-1,
s_008um_00439_00380-1,
s_008um_00418_00602-1,
s_008um_00368_00370-1,
s_008um_00373_00376-1,
s_008um_00511_00200-1,
s_008um_00275_00213-1,
s_008um_00574_00606-1,
s_008um_00413_00386-1,
s_008um_00671_00220-1,
s_008um_00563_00218-1,
s_008um_00422_00207-1,CS2
s_008um_00139_00240-1,
s_008um_00633_00398-1,
s_008um_00122_00225-1,
s_008um_00117_00232-1,
s_008um_00254_00601-1,
s_008um_00484_00203-1,
s_008um_00299_00207-1,
s_008um_00589_00207-1,
s_008um_00461_00393-1,
s_008um_00244_00223-1,
s_008um_00587_00385-1,
s_008um_00434_00377-1,
s_008um_00468_00388-1,
s_008um_00537_00214-1,
s_008um_00237_00384-1,
s_008um_00437_00394-1,
s_008um_00325_00599-1,
s_008um_00466_00217-1,
s_008um_00568_00204-1,
s_008um_00364_00604-1,
s_008um_00166_00230-1,
s_008um_00259_00373-1,
s_008um_00574_00385-1,
s_008um_00657_00622-1,
s_008um_00667_00611-1,
s_008um_00547_00217-1,
s_008um_00308_00369-1,
s_008um_00626_00227-1,
s_008um_00614_00198-1,
s_008um_00597_00609-1,
s_008um_00524_00603-1,
s_008um_00395_00611-1,
s_008um_00275_00383-1,
s_008um_00217_00384-1,
s_008um_00216_00225-1,
s_008um_00189_00233-1,
s_008um_00405_00377-1,
s_008um_00374_00215-1,
s_008um_00575_00606-1,
s_008um_00450_00379-1,
s_008um_00411_00208-1,
s_008um_00405_00390-1,
s_008um_00660_00615-1,
s_008um_00659_00601-1,
s_008um_00535_00602-1,
s_008um_00481_00375-1,
s_008um_00678_00201-1,
s_008um_00433_00602-1,
s_008um_00536_00371-1,
s_008um_00157_00237-1,
s_008um_00608_00603-1,
s_008um_00193_00400-1,
s_008um_00617_00613-1,
s_008um_00532_00385-1,
s_008um_00401_00392-1,
s_008um_00536_00388-1,
s_008um_00565_00599-1,
s_008um_00479_00213-1,
s_008um_00562_00211-1,
s_008um_00298_00603-1,
s_008um_00369_00376-1,
s_008um_00527_00212-1,
s_008um_00197_00404-1,
s_008um_00630_00220-1,
s_008um_00601_00386-1,
s_008um_00591_00216-1,
s_008um_00617_00220-1,
s_008um_00504_00207-1,
s_008um_00192_00400-1,
s_008um_00329_00206-1,
s_008um_00651_00615-1,
s_008um_00572_00393-1,
s_008um_00580_00616-1,
s_008um_00550_00372-1,
s_008um_00307_00604-1,
s_008um_00597_00619-1,
s_008um_00431_00599-1,
s_008um_00464_00387-1,
s_008um_00561_00202-1,
s_008um_00253_00376-1,
s_008um_00715_00421-1,
s_008um_00648_00609-1,
s_008um_00444_00207-1,CS2
s_008um_00312_00206-1,
s_008um_00233_00602-1,
s_008um_00225_00600-1,
s_008um_00345_00212-1,
s_008um_00545_00600-1,
s_008um_00213_00225-1,
s_008um_00127_00252-1,
s_008um_00684_00609-1,
s_008um_00363_00374-1,
s_008um_00518_00199-1,
s_008um_00653_00595-1,
s_008um_00718_00611-1,
s_008um_00670_00608-1,
s_008um_00538_00194-1,
s_008um_00591_00207-1,
s_008um_00570_00215-1,
s_008um_00668_00208-1,
s_008um_00646_00213-1,
s_008um_00227_00217-1,
s_008um_00349_00606-1,
s_008um_00602_00223-1,
s_008um_00238_00390-1,
s_008um_00547_00608-1,
s_008um_00247_00594-1,
s_008um_00639_00207-1,
s_008um_00604_00609-1,
s_008um_00297_00600-1,
s_008um_00619_00210-1,
s_008um_00194_00219-1,
s_008um_00453_00598-1,
s_008um_00480_00376-1,
s_008um_00526_00372-1,
s_008um_00390_00380-1,
s_008um_00591_00605-1,
s_008um_00579_00211-1,
s_008um_00386_00387-1,
s_008um_00622_00407-1,
s_008um_00596_00610-1,
s_008um_00622_00598-1,
s_008um_00493_00198-1,
s_008um_00569_00376-1,
s_008um_00347_00369-1,
s_008um_00640_00602-1,
s_008um_00580_00613-1,
s_008um_00572_00616-1,
s_008um_00605_00618-1,
s_008um_00704_00418-1,
s_008um_00636_00601-1,
s_008um_00665_00213-1,
s_008um_00332_00614-1,
s_008um_00437_00379-1,
s_008um_00340_00378-1,
s_008um_00581_00599-1,
s_008um_00120_00244-1,
s_008um_00204_00391-1,
s_008um_00368_00612-1,
s_008um_00572_00387-1,
s_008um_00589_00379-1,
s_008um_00518_00382-1,
s_008um_00151_00408-1,
s_008um_00342_00206-1,
s_008um_00533_00206-1,
s_008um_00471_00382-1,
s_008um_00364_00375-1,
s_008um_00707_00420-1,
s_008um_00504_00602-1,
s_008um_00397_00375-1,
s_008um_00586_00377-1,
s_008um_00714_00416-1,
s_008um_00420_00379-1,
s_008um_00643_00620-1,
s_008um_00211_00390-1,
s_008um_00250_00598-1,
s_008um_00650_00218-1,
s_008um_00234_00383-1,
s_008um_00388_00390-1,
s_008um_00517_00601-1,
s_008um_00233_00396-1,
s_008um_00116_00244-1,
s_008um_00575_00394-1,
s_008um_00643_00208-1,
s_008um_00473_00592-1,
s_008um_00422_00380-1,
s_008um_00608_00220-1,
s_008um_00671_00217-1,
s_008um_00311_00369-1,
s_008um_00439_00593-1,
s_008um_00641_00235-1,
s_008um_00549_00370-1,
s_008um_00505_00385-1,
s_008um_00639_00612-1,
s_008um_00215_00389-1,
s_008um_00556_00194-1,
s_008um_00388_00385-1,
s_008um_00552_00379-1,
s_008um_00627_00204-1,
s_008um_00523_00384-1,
s_008um_00437_00598-1,
s_008um_00500_00605-1,
s_008um_00625_00606-1,
s_008um_00527_00595-1,
s_008um_00513_00207-1,
s_008um_00555_00598-1,
s_008um_00539_00391-1,
s_008um_00235_00376-1,
s_008um_00530_00594-1,
s_008um_00544_00382-1,
s_008um_00488_00385-1,
s_008um_00349_00598-1,
s_008um_00402_00382-1,
s_008um_00285_00379-1,
s_008um_00357_00609-1,
s_008um_00202_00388-1,
s_008um_00593_00206-1,
s_008um_00697_00415-1,
s_008um_00661_00621-1,
s_008um_00443_00206-1,CS2
s_008um_00331_00369-1,
s_008um_00267_00604-1,
s_008um_00284_00599-1,
s_008um_00690_00416-1,
s_008um_00509_00592-1,
s_008um_00589_00611-1,
s_008um_00530_00371-1,
s_008um_00173_00409-1,
s_008um_00175_00400-1,
s_008um_00630_00222-1,
s_008um_00434_00201-1,
s_008um_00594_00379-1,
s_008um_00710_00413-1,
s_008um_00398_00212-1,
s_008um_00650_00418-1,
s_008um_00474_00209-1,
s_008um_00437_00594-1,
s_008um_00276_00381-1,
s_008um_00483_00590-1,
s_008um_00627_00400-1,
s_008um_00612_00601-1,
s_008um_00562_00384-1,
s_008um_00552_00387-1,
s_008um_00357_00613-1,
s_008um_00356_00612-1,
s_008um_00251_00221-1,
s_008um_00311_00609-1,
s_008um_00612_00228-1,
s_008um_00452_00597-1,
s_008um_00430_00377-1,
s_008um_00377_00601-1,
s_008um_00445_00378-1,
s_008um_00355_00372-1,
s_008um_00553_00387-1,
s_008um_00522_00202-1,
s_008um_00399_00373-1,
s_008um_00247_00378-1,
s_008um_00260_00375-1,
s_008um_00607_00606-1,
s_008um_00534_00601-1,
s_008um_00667_00416-1,
s_008um_00552_00219-1,
s_008um_00669_00206-1,
s_008um_00654_00598-1,
s_008um_00262_00382-1,
s_008um_00399_00390-1,
s_008um_00440_00395-1,
s_008um_00413_00377-1,
s_008um_00683_00414-1,
s_008um_00506_00389-1,
s_008um_00151_00234-1,
s_008um_00333_00381-1,
s_008um_00390_00601-1,
s_008um_00530_00598-1,
s_008um_00335_00600-1,
s_008um_00586_00603-1,
s_008um_00156_00233-1,
s_008um_00360_00388-1,
s_008um_00569_00391-1,
s_008um_00515_00594-1,
s_008um_00663_00621-1,
s_008um_00589_00388-1,
s_008um_00628_00203-1,
s_008um_00616_00599-1,
s_008um_00582_00196-1,
s_008um_00276_00388-1,
s_008um_00588_00209-1,
s_008um_00673_00598-1,
s_008um_00216_00395-1,
s_008um_00273_00378-1,
s_008um_00129_00242-1,
s_008um_00417_00380-1,
s_008um_00676_00420-1,
s_008um_00520_00607-1,
s_008um_00480_00379-1,
s_008um_00323_00384-1,
s_008um_00616_00604-1,
s_008um_00271_00215-1,
s_008um_00560_00391-1,
s_008um_00113_00241-1,
s_008um_00626_00225-1,
s_008um_00191_00394-1,
s_008um_00552_00380-1,
s_008um_00663_00619-1,
s_008um_00386_00607-1,
s_008um_00584_00198-1,
s_008um_00581_00608-1,
s_008um_00500_00210-1,
s_008um_00217_00391-1,
s_008um_00487_00377-1,
s_008um_00598_00387-1,
s_008um_00245_00216-1,
s_008um_00443_00218-1,CS2
s_008um_00499_00209-1,
s_008um_00164_00405-1,
s_008um_00458_00394-1,
s_008um_00559_00219-1,
s_008um_00286_00214-1,
s_008um_00707_00610-1,
s_008um_00515_00200-1,
s_008um_00300_00601-1,
s_008um_00186_00406-1,
s_008um_00378_00213-1,
s_008um_00420_00600-1,
s_008um_00652_00611-1,
s_008um_00675_00414-1,
s_008um_00346_00377-1,
s_008um_00192_00399-1,
s_008um_00298_00369-1,
s_008um_00525_00389-1,
s_008um_00575_00205-1,
s_008um_00129_00230-1,
s_008um_00514_00600-1,
s_008um_00305_00603-1,
s_008um_00478_00392-1,
s_008um_00196_00404-1,
s_008um_00307_00607-1,
s_008um_00407_00216-1,
s_008um_00633_00234-1,
s_008um_00581_00221-1,
s_008um_00491_00201-1,
s_008um_00566_00209-1,
s_008um_00136_00233-1,
s_008um_00388_00382-1,
s_008um_00485_00594-1,
s_008um_00437_00214-1,CS2
s_008um_00501_00210-1,
s_008um_00622_00395-1,
s_008um_00503_00390-1,
s_008um_00518_00595-1,
s_008um_00309_00611-1,
s_008um_00351_00600-1,
s_008um_00542_00217-1,
s_008um_00321_00601-1,
s_008um_00463_00376-1,
s_008um_00539_00612-1,
s_008um_00452_00387-1,
s_008um_00576_00390-1,
s_008um_00245_00220-1,
s_008um_00414_00211-1,
s_008um_00614_00220-1,
s_008um_00124_00240-1,
s_008um_00309_00607-1,
s_008um_00550_00196-1,
s_008um_00191_00228-1,
s_008um_00244_00225-1,
s_008um_00284_00605-1,
s_008um_00506_00210-1,
s_008um_00232_00598-1,
s_008um_00288_00218-1,
s_008um_00480_00216-1,
s_008um_00631_00403-1,
s_008um_00476_00378-1,
s_008um_00612_00603-1,
s_008um_00439_00373-1,
s_008um_00621_00211-1,
s_008um_00279_00378-1,
s_008um_00639_00414-1,
s_008um_00570_00381-1,
s_008um_00638_00222-1,
s_008um_00340_00382-1,
s_008um_00650_00224-1,
s_008um_00338_00382-1,
s_008um_00392_00610-1,
s_008um_00407_00370-1,
s_008um_00351_00387-1,
s_008um_00525_00199-1,
s_008um_00686_00413-1,
s_008um_00540_00612-1,
s_008um_00711_00206-1,
s_008um_00486_00373-1,
s_008um_00175_00227-1,
s_008um_00555_00596-1,
s_008um_00379_00392-1,
s_008um_00450_00384-1,
s_008um_00342_00386-1,
s_008um_00412_00380-1,
s_008um_00503_00594-1,
s_008um_00117_00234-1,
s_008um_00628_00204-1,
s_008um_00468_00216-1,
s_008um_00250_00387-1,
s_008um_00536_00596-1,
s_008um_00500_00211-1,
s_008um_00580_00208-1,
s_008um_00615_00394-1,
s_008um_00697_00416-1,
s_008um_00260_00219-1,
s_008um_00120_00237-1,
s_008um_00623_00215-1,
s_008um_00700_00599-1,
s_008um_00417_00597-1,
s_008um_00601_00406-1,
s_008um_00452_00595-1,
s_008um_00523_00610-1,
s_008um_00695_00415-1,
s_008um_00652_00407-1,
s_008um_00551_00207-1,
s_008um_00458_00593-1,
s_008um_00456_00604-1,
s_008um_00301_00207-1,
s_008um_00319_00374-1,
s_008um_00302_00387-1,
s_008um_00624_00414-1,
s_008um_00503_00391-1,
s_008um_00160_00233-1,
s_008um_00297_00208-1,
s_008um_00547_00371-1,
s_008um_00582_00601-1,
s_008um_00546_00596-1,
s_008um_00202_00390-1,
s_008um_00593_00223-1,
s_008um_00517_00592-1,
s_008um_00541_00205-1,
s_008um_00198_00396-1,
s_008um_00605_00205-1,
s_008um_00386_00212-1,
s_008um_00381_00214-1,
s_008um_00353_00604-1,
s_008um_00550_00390-1,
s_008um_00298_00609-1,
s_008um_00547_00372-1,
s_008um_00528_00198-1,
s_008um_00580_00204-1,
s_008um_00391_00613-1,
s_008um_00356_00602-1,
s_008um_00594_00214-1,
s_008um_00665_00598-1,
s_008um_00322_00610-1,
s_008um_00217_00392-1,
s_008um_00642_00613-1,
s_008um_00551_00612-1,
s_008um_00678_00609-1,
s_008um_00317_00608-1,
s_008um_00567_00618-1,
s_008um_00358_00382-1,
s_008um_00264_00389-1,
s_008um_00616_00596-1,
s_008um_00452_00215-1,CS2
s_008um_00270_00217-1,
s_008um_00393_00214-1,
s_008um_00381_00392-1,
s_008um_00559_00616-1,
s_008um_00702_00605-1,
s_008um_00703_00599-1,
s_008um_00270_00383-1,
s_008um_00545_00212-1,
s_008um_00114_00231-1,
s_008um_00666_00412-1,
s_008um_00418_00597-1,
s_008um_00400_00599-1,
s_008um_00278_00610-1,
s_008um_00377_00370-1,
s_008um_00572_00618-1,
s_008um_00542_00200-1,
s_008um_00136_00226-1,
s_008um_00511_00381-1,
s_008um_00637_00223-1,
s_008um_00616_00213-1,
s_008um_00510_00375-1,
s_008um_00380_00607-1,
s_008um_00651_00400-1,
s_008um_00356_00374-1,
s_008um_00256_00381-1,
s_008um_00481_00591-1,
s_008um_00519_00374-1,
s_008um_00334_00379-1,
s_008um_00361_00380-1,
s_008um_00455_00211-1,CS2
s_008um_00352_00386-1,
s_008um_00675_00218-1,
s_008um_00639_00212-1,
s_008um_00582_00614-1,
s_008um_00496_00373-1,
s_008um_00121_00249-1,
s_008um_00665_00621-1,
s_008um_00245_00390-1,
s_008um_00702_00617-1,
s_008um_00549_00387-1,
s_008um_00235_00596-1,
s_008um_00260_00380-1,
s_008um_00366_00207-1,
s_008um_00669_00619-1,
s_008um_00170_00228-1,
s_008um_00683_00210-1,
s_008um_00247_00387-1,
s_008um_00281_00610-1,
s_008um_00561_00213-1,
s_008um_00331_00381-1,
s_008um_00611_00601-1,
s_008um_00209_00401-1,
s_008um_00392_00602-1,
s_008um_00482_00592-1,
s_008um_00599_00603-1,
s_008um_00249_00389-1,
s_008um_00556_00381-1,
s_008um_00536_00375-1,
s_008um_00392_00379-1,
s_008um_00590_00393-1,
s_008um_00310_00386-1,
s_008um_00665_00415-1,
s_008um_00620_00408-1,
s_008um_00256_00598-1,
s_008um_00473_00590-1,
s_008um_00327_00385-1,
s_008um_00285_00367-1,
s_008um_00301_00381-1,
s_008um_00211_00398-1,
s_008um_00115_00242-1,
s_008um_00385_00372-1,
s_008um_00275_00608-1,
s_008um_00243_00385-1,
s_008um_00584_00390-1,
s_008um_00541_00369-1,
s_008um_00546_00193-1,
s_008um_00682_00418-1,
s_008um_00247_00385-1,
s_008um_00196_00223-1,
s_008um_00649_00226-1,
s_008um_00711_00414-1,
s_008um_00258_00607-1,
s_008um_00579_00617-1,
s_008um_00553_00203-1,
s_008um_00489_00593-1,
s_008um_00364_00370-1,
s_008um_00448_00602-1,
s_008um_00125_00249-1,
s_008um_00674_00415-1,
s_008um_00488_00382-1,
s_008um_00304_00388-1,
s_008um_00691_00618-1,
s_008um_00555_00205-1,
s_008um_00655_00612-1,
s_008um_00269_00389-1,
s_008um_00293_00213-1,
s_008um_00238_00219-1,
s_008um_00607_00597-1,
s_008um_00603_00598-1,
s_008um_00425_00605-1,
s_008um_00661_00405-1,
s_008um_00126_00245-1,
s_008um_00594_00388-1,
s_008um_00407_00213-1,
s_008um_00262_00389-1,
s_008um_00411_00375-1,
s_008um_00417_00377-1,
s_008um_00296_00604-1,
s_008um_00323_00605-1,
s_008um_00569_00375-1,
s_008um_00665_00413-1,
s_008um_00131_00236-1,
s_008um_00549_00595-1,
s_008um_00616_00207-1,
s_008um_00483_00380-1,
s_008um_00570_00217-1,
s_008um_00168_00406-1,
s_008um_00685_00204-1,
s_008um_00535_00215-1,
s_008um_00335_00206-1,
s_008um_00370_00375-1,
s_008um_00404_00384-1,
s_008um_00670_00205-1,
s_008um_00521_00375-1,
s_008um_00282_00215-1,
s_008um_00463_00604-1,
s_008um_00407_00377-1,
s_008um_00175_00232-1,
s_008um_00634_00412-1,
s_008um_00262_00388-1,
s_008um_00521_00380-1,
s_008um_00558_00383-1,
s_008um_00566_00379-1,
s_008um_00611_00227-1,
s_008um_00599_00218-1,
s_008um_00386_00385-1,
s_008um_00663_00215-1,
s_008um_00639_00623-1,
s_008um_00436_00219-1,CS2
s_008um_00696_00602-1,
s_008um_00539_00389-1,
s_008um_00200_00225-1,
s_008um_00227_00382-1,
s_008um_00424_00206-1,CS2
s_008um_00559_00195-1,
s_008um_00477_00203-1,
s_008um_00239_00376-1,
s_008um_00148_00232-1,
s_008um_00414_00373-1,
s_008um_00657_00607-1,
s_008um_00522_00200-1,
s_008um_00383_00605-1,
s_008um_00703_00597-1,
s_008um_00219_00384-1,
s_008um_00610_00195-1,
s_008um_00536_00595-1,
s_008um_00488_00599-1,
s_008um_00628_00223-1,
s_008um_00191_00219-1,
s_008um_00588_00412-1,
s_008um_00167_00404-1,
s_008um_00416_00605-1,
s_008um_00420_00213-1,CS2
s_008um_00614_00606-1,
s_008um_00616_00601-1,
s_008um_00328_00390-1,
s_008um_00245_00381-1,
s_008um_00612_00224-1,
s_008um_00529_00604-1,
s_008um_00580_00224-1,
s_008um_00355_00604-1,
s_008um_00180_00238-1,
s_008um_00383_00602-1,
s_008um_00497_00371-1,
s_008um_00685_00417-1,
s_008um_00534_00369-1,
s_008um_00446_00210-1,CS2
s_008um_00462_00218-1,CS2
s_008um_00669_00606-1,
s_008um_00372_00601-1,
s_008um_00267_00371-1,
s_008um_00252_00388-1,
s_008um_00619_00395-1,
s_008um_00271_00388-1,
s_008um_00367_00392-1,
s_008um_00522_00600-1,
s_008um_00595_00206-1,
s_008um_00236_00600-1,
s_008um_00405_00381-1,
s_008um_00307_00382-1,
s_008um_00583_00618-1,
s_008um_00494_00386-1,
s_008um_00167_00238-1,
s_008um_00464_00208-1,
s_008um_00303_00389-1,
s_008um_00567_00195-1,
s_008um_00585_00210-1,
s_008um_00654_00417-1,
s_008um_00303_00601-1,
s_008um_00522_00591-1,
s_008um_00583_00386-1,
s_008um_00411_00388-1,
s_008um_00608_00598-1,
s_008um_00277_00218-1,
s_008um_00665_00420-1,
s_008um_00599_00409-1,
s_008um_00427_00602-1,
s_008um_00442_00379-1,
s_008um_00511_00374-1,
s_008um_00394_00606-1,
s_008um_00498_00597-1,
s_008um_00326_00207-1,
s_008um_00636_00602-1,
s_008um_00690_00205-1,
s_008um_00303_00605-1,
s_008um_00558_00375-1,
s_008um_00330_00380-1,
s_008um_00585_00195-1,
s_008um_00677_00411-1,
s_008um_00618_00198-1,
s_008um_00595_00215-1,
s_008um_00126_00234-1,
s_008um_00244_00371-1,
s_008um_00524_00198-1,
s_008um_00238_00378-1,
s_008um_00260_00603-1,
s_008um_00341_00381-1,
s_008um_00425_00606-1,
s_008um_00261_00596-1,
s_008um_00556_00390-1,
s_008um_00623_00410-1,
s_008um_00184_00405-1,
s_008um_00593_00605-1,
s_008um_00654_00218-1,
s_008um_00682_00601-1,
s_008um_00613_00225-1,
s_008um_00350_00374-1,
s_008um_00654_00613-1,
s_008um_00359_00213-1,
s_008um_00536_00217-1,
s_008um_00578_00379-1,
s_008um_00612_00404-1,
s_008um_00429_00378-1,
s_008um_00414_00607-1,
s_008um_00451_00210-1,
s_008um_00586_00604-1,
s_008um_00285_00374-1,
s_008um_00681_00606-1,
s_008um_00652_00421-1,
s_008um_00656_00402-1,
s_008um_00580_00378-1,
s_008um_00153_00411-1,
s_008um_00410_00212-1,
s_008um_00661_00218-1,
s_008um_00332_00602-1,
s_008um_00624_00618-1,
s_008um_00218_00385-1,
s_008um_00606_00404-1,
s_008um_00183_00233-1,
s_008um_00255_00214-1,
s_008um_00435_00219-1,CS2
s_008um_00117_00245-1,
s_008um_00475_00389-1,
s_008um_00516_00390-1,
s_008um_00235_00599-1,
s_008um_00588_00615-1,
s_008um_00521_00215-1,
s_008um_00201_00216-1,
s_008um_00111_00237-1,
s_008um_00200_00230-1,
s_008um_00620_00391-1,
s_008um_00574_00611-1,
s_008um_00682_00422-1,
s_008um_00547_00376-1,
s_008um_00183_00395-1,
s_008um_00620_00617-1,
s_008um_00384_00602-1,
s_008um_00356_00608-1,
s_008um_00161_00240-1,
s_008um_00176_00236-1,
s_008um_00624_00218-1,
s_008um_00314_00612-1,
s_008um_00133_00230-1,
s_008um_00465_00588-1,
s_008um_00229_00387-1,
s_008um_00178_00235-1,
s_008um_00508_00388-1,
s_008um_00518_00203-1,
s_008um_00434_00391-1,
s_008um_00450_00600-1,
s_008um_00534_00198-1,
s_008um_00573_00393-1,
s_008um_00510_00377-1,
s_008um_00474_00381-1,
s_008um_00491_00596-1,
s_008um_00156_00409-1,
s_008um_00667_00414-1,
s_008um_00255_00372-1,
s_008um_00459_00602-1,
s_008um_00306_00212-1,
s_008um_00540_00213-1,
s_008um_00429_00601-1,
s_008um_00600_00597-1,
s_008um_00561_00389-1,
s_008um_00265_00597-1,
s_008um_00252_00370-1,
s_008um_00701_00615-1,
s_008um_00658_00613-1,
s_008um_00442_00390-1,
s_008um_00626_00211-1,
s_008um_00664_00221-1,
s_008um_00310_00610-1,
s_008um_00483_00378-1,
s_008um_00665_00608-1,
s_008um_00628_00214-1,
s_008um_00583_00212-1,
s_008um_00640_00418-1,
s_008um_00483_00208-1,
s_008um_00233_00594-1,
s_008um_00433_00216-1,CS2
s_008um_00584_00411-1,
s_008um_00137_00240-1,
s_008um_00654_00401-1,
s_008um_00333_00613-1,
s_008um_00397_00372-1,
s_008um_00553_00211-1,
s_008um_00652_00409-1,
s_008um_00250_00593-1,
s_008um_00135_00226-1,
s_008um_00604_00206-1,
s_008um_00581_00618-1,
s_008um_00386_00376-1,
s_008um_00231_00588-1,
s_008um_00624_00392-1,
s_008um_00453_00208-1,
s_008um_00563_00199-1,
s_008um_00670_00620-1,
s_008um_00457_00603-1,
s_008um_00319_00208-1,
s_008um_00162_00234-1,
s_008um_00639_00401-1,
s_008um_00154_00228-1,
s_008um_00650_00216-1,
s_008um_00443_00211-1,CS2
s_008um_00506_00590-1,
s_008um_00628_00190-1,
s_008um_00351_00210-1,
s_008um_00641_00619-1,
s_008um_00195_00403-1,
s_008um_00615_00223-1,
s_008um_00705_00605-1,
s_008um_00268_00372-1,
s_008um_00671_00612-1,
s_008um_00544_00372-1,
s_008um_00349_00380-1,
s_008um_00303_00210-1,
s_008um_00508_00201-1,
s_008um_00318_00371-1,
s_008um_00550_00609-1,
s_008um_00599_00605-1,
s_008um_00132_00229-1,
s_008um_00213_00393-1,
s_008um_00355_00598-1,
s_008um_00491_00591-1,
s_008um_00125_00243-1,
s_008um_00339_00603-1,
s_008um_00670_00409-1,
s_008um_00260_00377-1,
s_008um_00643_00614-1,
s_008um_00587_00194-1,
s_008um_00627_00199-1,
s_008um_00449_00378-1,
s_008um_00531_00200-1,
s_008um_00367_00214-1,
s_008um_00563_00209-1,
s_008um_00707_00597-1,
s_008um_00534_00195-1,
s_008um_00662_00611-1,
s_008um_00535_00197-1,
s_008um_00615_00225-1,
s_008um_00242_00599-1,
s_008um_00486_00202-1,
s_008um_00627_00397-1,
s_008um_00567_00617-1,
s_008um_00364_00385-1,
s_008um_00335_00382-1,
s_008um_00338_00379-1,
s_008um_00385_00607-1,
s_008um_00283_00371-1,
s_008um_00663_00609-1,
s_008um_00659_00612-1,
s_008um_00618_00207-1,
s_008um_00557_00194-1,
s_008um_00341_00369-1,
s_008um_00639_00406-1,
s_008um_00245_00592-1,
s_008um_00388_00219-1,
s_008um_00630_00194-1,
s_008um_00661_00416-1,
s_008um_00453_00390-1,
s_008um_00391_00389-1,
s_008um_00447_00374-1,
s_008um_00296_00217-1,
s_008um_00631_00601-1,
s_008um_00109_00242-1,
s_008um_00575_00381-1,
s_008um_00511_00204-1,
s_008um_00126_00236-1,
s_008um_00537_00205-1,
s_008um_00488_00203-1,
s_008um_00584_00617-1,
s_008um_00243_00219-1,
s_008um_00191_00403-1,
s_008um_00429_00214-1,CS2
s_008um_00403_00387-1,
s_008um_00301_00213-1,
s_008um_00227_00590-1,
s_008um_00252_00379-1,
s_008um_00683_00604-1,
s_008um_00625_00603-1,
s_008um_00503_00371-1,
s_008um_00484_00213-1,
s_008um_00679_00607-1,
s_008um_00609_00603-1,
s_008um_00678_00604-1,
s_008um_00502_00596-1,
s_008um_00433_00207-1,CS2
s_008um_00454_00599-1,
s_008um_00406_00220-1,
s_008um_00500_00200-1,
s_008um_00318_00209-1,
s_008um_00621_00621-1,
s_008um_00547_00208-1,
s_008um_00707_00417-1,
s_008um_00655_00420-1,
s_008um_00563_00607-1,
s_008um_00692_00613-1,
s_008um_00468_00391-1,
s_008um_00444_00213-1,CS2
s_008um_00148_00242-1,
s_008um_00580_00612-1,
s_008um_00588_00211-1,
s_008um_00331_00374-1,
s_008um_00319_00368-1,
s_008um_00555_00612-1,
s_008um_00446_00377-1,
s_008um_00605_00600-1,
s_008um_00619_00407-1,
s_008um_00572_00614-1,
s_008um_00712_00599-1,
s_008um_00589_00385-1,
s_008um_00624_00217-1,
s_008um_00611_00198-1,
s_008um_00510_00201-1,
s_008um_00274_00601-1,
s_008um_00609_00202-1,
s_008um_00472_00395-1,
s_008um_00551_00215-1,
s_008um_00655_00213-1,
s_008um_00477_00593-1,
s_008um_00495_00212-1,
s_008um_00383_00606-1,
s_008um_00618_00597-1,
s_008um_00608_00623-1,
s_008um_00494_00372-1,
s_008um_00180_00236-1,
s_008um_00448_00375-1,
s_008um_00280_00213-1,
s_008um_00230_00390-1,
s_008um_00561_00613-1,
s_008um_00485_00217-1,
s_008um_00540_00393-1,
s_008um_00372_00211-1,
s_008um_00316_00599-1,
s_008um_00302_00603-1,
s_008um_00585_00613-1,
s_008um_00287_00218-1,
s_008um_00467_00389-1,
s_008um_00154_00248-1,
s_008um_00297_00389-1,
s_008um_00513_00591-1,
s_008um_00619_00222-1,
s_008um_00420_00609-1,
s_008um_00536_00599-1,
s_008um_00569_00195-1,
s_008um_00205_00395-1,
s_008um_00511_00386-1,
s_008um_00237_00395-1,
s_008um_00412_00215-1,
s_008um_00626_00595-1,
s_008um_00305_00373-1,
s_008um_00603_00193-1,
s_008um_00582_00205-1,
s_008um_00281_00389-1,
s_008um_00211_00213-1,
s_008um_00533_00376-1,
s_008um_00637_00407-1,
s_008um_00497_00200-1,
s_008um_00577_00223-1,
s_008um_00517_00380-1,
s_008um_00223_00391-1,
s_008um_00245_00394-1,
s_008um_00521_00195-1,
s_008um_00661_00223-1,
s_008um_00594_00414-1,
s_008um_00383_00609-1,
s_008um_00504_00590-1,
s_008um_00674_00417-1,
s_008um_00197_00231-1,
s_008um_00470_00384-1,
s_008um_00662_00621-1,
s_008um_00192_00221-1,
s_008um_00682_00420-1,
s_008um_00451_00379-1,
s_008um_00542_00208-1,
s_008um_00219_00213-1,
s_008um_00636_00413-1,
s_008um_00168_00409-1,
s_008um_00601_00611-1,
s_008um_00163_00408-1,
s_008um_00287_00608-1,
s_008um_00263_00605-1,
s_008um_00669_00213-1,
s_008um_00529_00373-1,
s_008um_00464_00392-1,
s_008um_00215_00214-1,
s_008um_00216_00394-1,
s_008um_00273_00382-1,
s_008um_00455_00375-1,
s_008um_00281_00223-1,
s_008um_00217_00390-1,
s_008um_00535_00372-1,
s_008um_00636_00224-1,
s_008um_00298_00381-1,
s_008um_00418_00209-1,CS2
s_008um_00255_00369-1,
s_008um_00619_00408-1,
s_008um_00430_00601-1,
s_008um_00150_00230-1,
s_008um_00457_00219-1,CS2
s_008um_00594_00204-1,
s_008um_00644_00608-1,
s_008um_00659_00596-1,
s_008um_00672_00409-1,
s_008um_00559_00210-1,
s_008um_00290_00374-1,
s_008um_00582_00388-1,
s_008um_00477_00393-1,
s_008um_00662_00409-1,
s_008um_00699_00608-1,
s_008um_00343_00386-1,
s_008um_00556_00217-1,
s_008um_00553_00371-1,
s_008um_00263_00369-1,
s_008um_00315_00382-1,
s_008um_00672_00217-1,
s_008um_00604_00231-1,
s_008um_00479_00206-1,
s_008um_00426_00204-1,
s_008um_00468_00602-1,
s_008um_00406_00606-1,
s_008um_00596_00193-1,
s_008um_00535_00592-1,
s_008um_00649_00598-1,
s_008um_00626_00231-1,
s_008um_00705_00209-1,
s_008um_00608_00615-1,
s_008um_00321_00204-1,
s_008um_00534_00372-1,
s_008um_00597_00211-1,
s_008um_00241_00603-1,
s_008um_00500_00393-1,
s_008um_00494_00375-1,
s_008um_00253_00388-1,
s_008um_00612_00220-1,
s_008um_00490_00207-1,
s_008um_00355_00383-1,
s_008um_00362_00214-1,
s_008um_00643_00207-1,
s_008um_00304_00212-1,
s_008um_00526_00195-1,
s_008um_00206_00214-1,
s_008um_00599_00222-1,
s_008um_00601_00203-1,
s_008um_00135_00234-1,
s_008um_00502_00212-1,
s_008um_00468_00594-1,
s_008um_00646_00610-1,
s_008um_00598_00226-1,
s_008um_00236_00595-1,
s_008um_00580_00203-1,
s_008um_00689_00422-1,
s_008um_00582_00207-1,
s_008um_00704_00614-1,
s_008um_00659_00622-1,
s_008um_00424_00602-1,
s_008um_00710_00412-1,
s_008um_00242_00222-1,
s_008um_00674_00206-1,
s_008um_00344_00210-1,
s_008um_00351_00209-1,
s_008um_00452_00217-1,CS2
s_008um_00390_00607-1,
s_008um_00669_00405-1,
s_008um_00453_00605-1,
s_008um_00296_00380-1,
s_008um_00681_00617-1,
s_008um_00486_00387-1,
s_008um_00139_00234-1,
s_008um_00223_00219-1,
s_008um_00693_00596-1,
s_008um_00553_00602-1,
s_008um_00196_00232-1,
s_008um_00645_00225-1,
s_008um_00548_00391-1,
s_008um_00344_00613-1,
s_008um_00673_00216-1,
s_008um_00565_00203-1,
s_008um_00281_00213-1,
s_008um_00599_00204-1,
s_008um_00270_00389-1,
s_008um_00454_00210-1,
s_008um_00627_00227-1,
s_008um_00628_00417-1,
s_008um_00335_00608-1,
s_008um_00331_00603-1,
s_008um_00301_00385-1,
s_008um_00538_00205-1,
s_008um_00252_00214-1,
s_008um_00611_00218-1,
s_008um_00224_00388-1,
s_008um_00508_00590-1,
s_008um_00504_00387-1,
s_008um_00656_00221-1,
s_008um_00616_00616-1,
s_008um_00627_00615-1,
s_008um_00309_00372-1,
s_008um_00359_00379-1,
s_008um_00640_00622-1,
s_008um_00429_00605-1,
s_008um_00607_00197-1,
s_008um_00363_00206-1,
s_008um_00572_00205-1,
s_008um_00521_00371-1,
s_008um_00658_00223-1,
s_008um_00322_00367-1,
s_008um_00591_00617-1,
s_008um_00655_00622-1,
s_008um_00186_00398-1,
s_008um_00487_00376-1,
s_008um_00608_00212-1,
s_008um_00605_00212-1,
s_008um_00214_00218-1,
s_008um_00250_00386-1,
s_008um_00263_00385-1,
s_008um_00488_00590-1,
s_008um_00660_00419-1,
s_008um_00522_00599-1,
s_008um_00409_00599-1,
s_008um_00670_00204-1,
s_008um_00630_00615-1,
s_008um_00614_00622-1,
s_008um_00174_00227-1,
s_008um_00570_00216-1,
s_008um_00525_00378-1,
s_008um_00200_00392-1,
s_008um_00607_00417-1,
s_008um_00188_00234-1,
s_008um_00129_00237-1,
s_008um_00139_00228-1,
s_008um_00445_00218-1,CS2
s_008um_00407_00607-1,
s_008um_00379_00387-1,
s_008um_00555_00377-1,
s_008um_00433_00375-1,
s_008um_00387_00216-1,
s_008um_00396_00215-1,
s_008um_00351_00597-1,
s_008um_00382_00600-1,
s_008um_00596_00616-1,
s_008um_00519_00593-1,
s_008um_00235_00598-1,
s_008um_00525_00608-1,
s_008um_00402_00373-1,
s_008um_00538_00610-1,
s_008um_00256_00372-1,
s_008um_00695_00597-1,
s_008um_00529_00206-1,
s_008um_00581_00201-1,
s_008um_00461_00209-1,
s_008um_00433_00394-1,
s_008um_00275_00379-1,
s_008um_00421_00382-1,
s_008um_00672_00597-1,
s_008um_00228_00592-1,
s_008um_00447_00393-1,
s_008um_00650_00212-1,
s_008um_00400_00210-1,
s_008um_00504_00372-1,
s_008um_00357_00610-1,
s_008um_00191_00222-1,
s_008um_00379_00371-1,
s_008um_00602_00597-1,
s_008um_00272_00606-1,
s_008um_00318_00366-1,
s_008um_00178_00404-1,
s_008um_00495_00213-1,
s_008um_00552_00602-1,
s_008um_00682_00412-1,
s_008um_00265_00216-1,
s_008um_00325_00609-1,
s_008um_00323_00371-1,
s_008um_00112_00231-1,
s_008um_00586_00386-1,
s_008um_00523_00202-1,
s_008um_00131_00240-1,
s_008um_00537_00381-1,
s_008um_00604_00196-1,
s_008um_00592_00411-1,
s_008um_00545_00595-1,
s_008um_00319_00372-1,
s_008um_00561_00212-1,
s_008um_00270_00220-1,
s_008um_00297_00607-1,
s_008um_00263_00376-1,
s_008um_00537_00211-1,
s_008um_00659_00608-1,
s_008um_00346_00598-1,
s_008um_00530_00389-1,
s_008um_00639_00213-1,
s_008um_00611_00614-1,
s_008um_00383_00614-1,
s_008um_00594_00384-1,
s_008um_00462_00592-1,
s_008um_00606_00600-1,
s_008um_00487_00592-1,
s_008um_00542_00202-1,
s_008um_00555_00373-1,
s_008um_00539_00203-1,
s_008um_00659_00598-1,
s_008um_00681_00619-1,
s_008um_00243_00593-1,
s_008um_00207_00227-1,
s_008um_00623_00212-1,
s_008um_00206_00401-1,
s_008um_00305_00212-1,
s_008um_00109_00232-1,
s_008um_00600_00602-1,
s_008um_00179_00403-1,
s_008um_00621_00618-1,
s_008um_00310_00389-1,
s_008um_00604_00600-1,
s_008um_00412_00381-1,
s_008um_00673_00609-1,
s_008um_00650_00225-1,
s_008um_00490_00587-1,
s_008um_00570_00205-1,
s_008um_00554_00595-1,
s_008um_00378_00389-1,
s_008um_00412_00376-1,
s_008um_00696_00421-1,
s_008um_00439_00209-1,CS2
s_008um_00551_00382-1,
s_008um_00520_00595-1,
s_008um_00547_00610-1,
s_008um_00671_00204-1,
s_008um_00573_00389-1,
s_008um_00604_00597-1,
s_008um_00122_00242-1,
s_008um_00358_00207-1,
s_008um_00560_00604-1,
s_008um_00368_00373-1,
s_008um_00256_00379-1,
s_008um_00388_00380-1,
s_008um_00284_00609-1,
s_008um_00578_00223-1,
s_008um_00551_00383-1,
s_008um_00593_00612-1,
s_008um_00631_00208-1,
s_008um_00265_00599-1,
s_008um_00541_00392-1,
s_008um_00230_00599-1,
s_008um_00530_00391-1,
s_008um_00691_00215-1,
s_008um_00665_00605-1,
s_008um_00512_00213-1,
s_008um_00531_00392-1,
s_008um_00593_00383-1,
s_008um_00569_00201-1,
s_008um_00404_00216-1,
s_008um_00446_00381-1,
s_008um_00710_00207-1,
s_008um_00681_00205-1,
s_008um_00374_00208-1,
s_008um_00538_00199-1,
s_008um_00671_00618-1,
s_008um_00614_00624-1,
s_008um_00649_00234-1,
s_008um_00316_00374-1,
s_008um_00609_00613-1,
s_008um_00587_00378-1,
s_008um_00450_00208-1,
s_008um_00524_00373-1,
s_008um_00334_00368-1,
s_008um_00642_00614-1,
s_008um_00621_00402-1,
s_008um_00681_00419-1,
s_008um_00491_00210-1,
s_008um_00391_00380-1,
s_008um_00589_00206-1,
s_008um_00411_00218-1,
s_008um_00498_00213-1,
s_008um_00492_00394-1,
s_008um_00626_00197-1,
s_008um_00648_00406-1,
s_008um_00670_00600-1,
s_008um_00695_00416-1,
s_008um_00677_00412-1,
s_008um_00213_00388-1,
s_008um_00454_00594-1,
s_008um_00585_00612-1,
s_008um_00643_00609-1,
s_008um_00513_00210-1,
s_008um_00366_00598-1,
s_008um_00415_00215-1,
s_008um_00425_00206-1,CS2
s_008um_00603_00618-1,
s_008um_00131_00239-1,
s_008um_00552_00207-1,
s_008um_00608_00218-1,
s_008um_00398_00375-1,
s_008um_00361_00373-1,
s_008um_00265_00387-1,
s_008um_00340_00389-1,
s_008um_00640_00606-1,
s_008um_00170_00231-1,
s_008um_00271_00384-1,
s_008um_00622_00410-1,
s_008um_00173_00401-1,
s_008um_00444_00205-1,CS2
s_008um_00451_00376-1,
s_008um_00224_00396-1,
s_008um_00546_00606-1,
s_008um_00229_00591-1,
s_008um_00173_00228-1,
s_008um_00165_00230-1,
s_008um_00568_00219-1,
s_008um_00318_00205-1,
s_008um_00612_00611-1,
s_008um_00133_00227-1,
s_008um_00320_00368-1,
s_008um_00514_00213-1,
s_008um_00380_00373-1,
s_008um_00649_00610-1,
s_008um_00698_00599-1,
s_008um_00595_00191-1,
s_008um_00432_00205-1,CS2
s_008um_00209_00218-1,
s_008um_00333_00212-1,
s_008um_00507_00197-1,
s_008um_00434_00390-1,
s_008um_00717_00606-1,
s_008um_00706_00204-1,
s_008um_00564_00206-1,
s_008um_00688_00614-1,
s_008um_00278_00377-1,
s_008um_00376_00386-1,
s_008um_00395_00602-1,
s_008um_00434_00603-1,
s_008um_00345_00611-1,
s_008um_00589_00209-1,
s_008um_00442_00373-1,
s_008um_00420_00597-1,
s_008um_00552_00390-1,
s_008um_00400_00383-1,
s_008um_00557_00214-1,
s_008um_00479_00208-1,
s_008um_00133_00235-1,
s_008um_00617_00605-1,
s_008um_00614_00218-1,
s_008um_00456_00206-1,
s_008um_00313_00208-1,
s_008um_00427_00213-1,CS2
s_008um_00199_00394-1,
s_008um_00502_00376-1,
s_008um_00225_00385-1,
s_008um_00293_00208-1,
s_008um_00411_00603-1,
s_008um_00652_00231-1,
s_008um_00594_00416-1,
s_008um_00577_00203-1,
s_008um_00697_00417-1,
s_008um_00656_00204-1,
s_008um_00594_00198-1,
s_008um_00638_00605-1,
s_008um_00688_00411-1,
s_008um_00355_00208-1,
s_008um_00507_00390-1,
s_008um_00314_00385-1,
s_008um_00649_00410-1,
s_008um_00239_00385-1,
s_008um_00349_00391-1,
s_008um_00651_00214-1,
s_008um_00353_00370-1,
s_008um_00627_00201-1,
s_008um_00612_00600-1,
s_008um_00224_00379-1,
s_008um_00659_00611-1,
s_008um_00327_00609-1,
s_008um_00307_00381-1,
s_008um_00337_00385-1,
s_008um_00673_00599-1,
s_008um_00539_00213-1,
s_008um_00307_00205-1,
s_008um_00658_00403-1,
s_008um_00465_00602-1,
s_008um_00460_00219-1,CS2
s_008um_00263_00388-1,
s_008um_00331_00214-1,
s_008um_00421_00383-1,
s_008um_00629_00225-1,
s_008um_00647_00419-1,
s_008um_00692_00207-1,
s_008um_00238_00602-1,
s_008um_00666_00407-1,
s_008um_00619_00411-1,
s_008um_00493_00375-1,
s_008um_00478_00600-1,
s_008um_00474_00593-1,
s_008um_00366_00383-1,
s_008um_00691_00208-1,
s_008um_00348_00207-1,
s_008um_00606_00406-1,
s_008um_00553_00218-1,
s_008um_00447_00595-1,
s_008um_00432_00218-1,CS2
s_008um_00590_00415-1,
s_008um_00582_00210-1,
s_008um_00308_00601-1,
s_008um_00516_00370-1,
s_008um_00497_00213-1,
s_008um_00654_00605-1,
s_008um_00620_00203-1,
s_008um_00273_00224-1,
s_008um_00540_00378-1,
s_008um_00290_00611-1,
s_008um_00658_00614-1,
s_008um_00705_00617-1,
s_008um_00709_00415-1,
s_008um_00375_00394-1,
s_008um_00505_00204-1,
s_008um_00497_00212-1,
s_008um_00421_00376-1,
s_008um_00524_00390-1,
s_008um_00660_00215-1,
s_008um_00633_00209-1,
s_008um_00299_00377-1,
s_008um_00713_00416-1,
s_008um_00251_00605-1,
s_008um_00248_00374-1,
s_008um_00570_00394-1,
s_008um_00258_00224-1,
s_008um_00556_00208-1,
s_008um_00316_00206-1,
s_008um_00588_00212-1,
s_008um_00390_00214-1,
s_008um_00710_00419-1,
s_008um_00116_00236-1,
s_008um_00167_00409-1,
s_008um_00633_00403-1,
s_008um_00597_00218-1,
s_008um_00616_00606-1,
s_008um_00250_00385-1,
s_008um_00343_00387-1,
s_008um_00521_00594-1,
s_008um_00523_00199-1,
s_008um_00671_00602-1,
s_008um_00519_00376-1,
s_008um_00549_00219-1,
s_008um_00503_00603-1,
s_008um_00210_00396-1,
s_008um_00218_00399-1,
s_008um_00380_00600-1,
s_008um_00533_00604-1,
s_008um_00408_00212-1,
s_008um_00269_00222-1,
s_008um_00486_00376-1,
s_008um_00412_00210-1,
s_008um_00587_00206-1,
s_008um_00478_00597-1,
s_008um_00668_00212-1,
s_008um_00584_00598-1,
s_008um_00303_00606-1,
s_008um_00382_00615-1,
s_008um_00265_00224-1,
s_008um_00559_00215-1,
s_008um_00578_00224-1,
s_008um_00515_00202-1,
s_008um_00444_00387-1,
s_008um_00218_00388-1,
s_008um_00550_00213-1,
s_008um_00384_00388-1,
s_008um_00450_00207-1,
s_008um_00625_00621-1,
s_008um_00389_00376-1,
s_008um_00627_00610-1,
s_008um_00674_00220-1,
s_008um_00253_00219-1,
s_008um_00275_00370-1,
s_008um_00577_00200-1,
s_008um_00239_00393-1,
s_008um_00500_00207-1,
s_008um_00703_00418-1,
s_008um_00567_00202-1,
s_008um_00532_00601-1,
s_008um_00639_00610-1,
s_008um_00235_00396-1,
s_008um_00257_00376-1,
s_008um_00597_00389-1,
s_008um_00560_00616-1,
s_008um_00396_00390-1,
s_008um_00563_00614-1,
s_008um_00155_00250-1,
s_008um_00660_00219-1,
s_008um_00295_00378-1,
s_008um_00306_00366-1,
s_008um_00371_00392-1,
s_008um_00474_00394-1,
s_008um_00628_00232-1,
s_008um_00303_00368-1,
s_008um_00116_00240-1,
s_008um_00360_00385-1,
s_008um_00509_00602-1,
s_008um_00389_00389-1,
s_008um_00645_00233-1,
s_008um_00528_00376-1,
s_008um_00440_00384-1,
s_008um_00606_00405-1,
s_008um_00560_00202-1,
s_008um_00278_00370-1,
s_008um_00478_00598-1,
s_008um_00534_00594-1,
s_008um_00484_00591-1,
s_008um_00609_00608-1,
s_008um_00559_00200-1,
s_008um_00468_00387-1,
s_008um_00164_00411-1,
s_008um_00690_00600-1,
s_008um_00243_00381-1,
s_008um_00513_00212-1,
s_008um_00197_00397-1,
s_008um_00447_00600-1,
s_008um_00489_00392-1,
s_008um_00510_00209-1,
s_008um_00713_00615-1,
s_008um_00235_00595-1,
s_008um_00390_00375-1,
s_008um_00658_00597-1,
s_008um_00446_00211-1,CS2
s_008um_00408_00605-1,
s_008um_00631_00222-1,
s_008um_00327_00611-1,
s_008um_00396_00613-1,
s_008um_00378_00211-1,
s_008um_00631_00399-1,
s_008um_00633_00216-1,
s_008um_00357_00371-1,
s_008um_00360_00204-1,
s_008um_00371_00615-1,
s_008um_00153_00409-1,
s_008um_00587_00621-1,
s_008um_00646_00228-1,
s_008um_00456_00212-1,CS2
s_008um_00285_00380-1,
s_008um_00672_00203-1,
s_008um_00578_00382-1,
s_008um_00501_00212-1,
s_008um_00657_00416-1,
s_008um_00421_00608-1,
s_008um_00570_00384-1,
s_008um_00449_00603-1,
s_008um_00415_00379-1,
s_008um_00620_00410-1,
s_008um_00664_00610-1,
s_008um_00387_00382-1,
s_008um_00510_00394-1,
s_008um_00558_00387-1,
s_008um_00463_00596-1,
s_008um_00312_00212-1,
s_008um_00158_00251-1,
s_008um_00332_00607-1,
s_008um_00511_00607-1,
s_008um_00599_00214-1,
s_008um_00523_00602-1,
s_008um_00207_00229-1,
s_008um_00292_00216-1,
s_008um_00516_00389-1,
s_008um_00589_00619-1,
s_008um_00495_00375-1,
s_008um_00581_00194-1,
s_008um_00465_00205-1,
s_008um_00179_00234-1,
s_008um_00364_00212-1,
s_008um_00553_00604-1,
s_008um_00165_00402-1,
s_008um_00342_00205-1,
s_008um_00642_00617-1,
s_008um_00638_00606-1,
s_008um_00687_00416-1,
s_008um_00117_00238-1,
s_008um_00596_00224-1,
s_008um_00554_00609-1,
s_008um_00555_00206-1,
s_008um_00397_00613-1,
s_008um_00675_00419-1,
s_008um_00657_00614-1,
s_008um_00697_00211-1,
s_008um_00655_00413-1,
s_008um_00227_00391-1,
s_008um_00385_00217-1,
s_008um_00273_00367-1,
s_008um_00254_00225-1,
s_008um_00179_00233-1,
s_008um_00443_00222-1,CS2
s_008um_00448_00207-1,
s_008um_00284_00602-1,
s_008um_00425_00381-1,
s_008um_00580_00412-1,
s_008um_00270_00219-1,
s_008um_00443_00593-1,
s_008um_00368_00600-1,
s_008um_00607_00231-1,
s_008um_00498_00201-1,
s_008um_00487_00393-1,
s_008um_00301_00215-1,
s_008um_00585_00410-1,
s_008um_00567_00194-1,
s_008um_00265_00219-1,
s_008um_00169_00406-1,
s_008um_00239_00380-1,
s_008um_00399_00603-1,
s_008um_00479_00216-1,
s_008um_00258_00384-1,
s_008um_00178_00225-1,
s_008um_00428_00595-1,
s_008um_00247_00596-1,
s_008um_00430_00386-1,
s_008um_00642_00618-1,
s_008um_00574_00612-1,
s_008um_00217_00223-1,
s_008um_00297_00384-1,
s_008um_00582_00198-1,
s_008um_00577_00202-1,
s_008um_00277_00220-1,
s_008um_00656_00619-1,
s_008um_00545_00593-1,
s_008um_00383_00610-1,
s_008um_00334_00605-1,
s_008um_00505_00197-1,
s_008um_00488_00378-1,
s_008um_00677_00610-1,
s_008um_00556_00211-1,
s_008um_00620_00202-1,
s_008um_00211_00388-1,
s_008um_00714_00205-1,
s_008um_00520_00608-1,
s_008um_00600_00213-1,
s_008um_00413_00609-1,
s_008um_00376_00604-1,
s_008um_00665_00218-1,
s_008um_00193_00234-1,
s_008um_00258_00598-1,
s_008um_00232_00382-1,
s_008um_00558_00205-1,
s_008um_00339_00602-1,
s_008um_00590_00612-1,
s_008um_00130_00233-1,
s_008um_00349_00386-1,
s_008um_00487_00380-1,
s_008um_00137_00228-1,
s_008um_00715_00422-1,
s_008um_00584_00222-1,
s_008um_00121_00238-1,
s_008um_00126_00239-1,
s_008um_00628_00220-1,
s_008um_00521_00590-1,
s_008um_00239_00397-1,
s_008um_00435_00394-1,
s_008um_00463_00212-1,CS2
s_008um_00650_00624-1,
s_008um_00631_00192-1,
s_008um_00675_00410-1,
s_008um_00643_00615-1,
s_008um_00708_00412-1,
s_008um_00538_00600-1,
s_008um_00255_00606-1,
s_008um_00655_00606-1,
s_008um_00634_00619-1,
s_008um_00497_00382-1,
s_008um_00567_00213-1,
s_008um_00315_00602-1,
s_008um_00575_00617-1,
s_008um_00349_00611-1,
s_008um_00596_00597-1,
s_008um_00658_00615-1,
s_008um_00671_00413-1,
s_008um_00315_00209-1,
s_008um_00342_00204-1,
s_008um_00522_00207-1,
s_008um_00484_00592-1,
s_008um_00508_00375-1,
s_008um_00669_00406-1,
s_008um_00498_00384-1,
s_008um_00360_00209-1,
s_008um_00636_00403-1,
s_008um_00514_00592-1,
s_008um_00555_00385-1,
s_008um_00274_00218-1,
s_008um_00506_00594-1,
s_008um_00535_00600-1,
s_008um_00170_00406-1,
s_008um_00274_00373-1,
s_008um_00573_00609-1,
s_008um_00672_00416-1,
s_008um_00658_00215-1,
s_008um_00637_00206-1,
s_008um_00602_00414-1,
s_008um_00717_00420-1,
s_008um_00197_00217-1,
s_008um_00706_00614-1,
s_008um_00411_00217-1,
s_008um_00318_00376-1,
s_008um_00608_00206-1,
s_008um_00692_00618-1,
s_008um_00114_00229-1,
s_008um_00489_00594-1,
s_008um_00374_00389-1,
s_008um_00299_00379-1,
s_008um_00604_00611-1,
s_008um_00614_00598-1,
s_008um_00290_00375-1,
s_008um_00428_00208-1,CS2
s_008um_00512_00388-1,
s_008um_00633_00618-1,
s_008um_00579_00209-1,
s_008um_00347_00209-1,
s_008um_00578_00393-1,
s_008um_00166_00402-1,
s_008um_00372_00391-1,
s_008um_00202_00218-1,
s_008um_00409_00389-1,
s_008um_00656_00214-1,
s_008um_00563_00201-1,
s_008um_00678_00213-1,
s_008um_00640_00617-1,
s_008um_00606_00413-1,
s_008um_00290_00213-1,
s_008um_00548_00392-1,
s_008um_00294_00370-1,
s_008um_00123_00240-1,
s_008um_00283_00390-1,
s_008um_00645_00234-1,
s_008um_00310_00212-1,
s_008um_00479_00377-1,
s_008um_00275_00367-1,
s_008um_00226_00384-1,
s_008um_00274_00366-1,
s_008um_00269_00600-1,
s_008um_00353_00205-1,
s_008um_00252_00225-1,
s_008um_00431_00213-1,CS2
s_008um_00302_00370-1,
s_008um_00129_00231-1,
s_008um_00420_00393-1,
s_008um_00486_00214-1,
s_008um_00584_00225-1,
s_008um_00192_00402-1,
s_008um_00588_00390-1,
s_008um_00535_00208-1,
s_008um_00630_00612-1,
s_008um_00637_00615-1,
s_008um_00383_00393-1,
s_008um_00295_00600-1,
s_008um_00582_00224-1,
s_008um_00614_00608-1,
s_008um_00440_00212-1,CS2
s_008um_00495_00382-1,
s_008um_00511_00393-1,
s_008um_00657_00215-1,
s_008um_00348_00374-1,
s_008um_00628_00205-1,
s_008um_00537_00602-1,
s_008um_00258_00381-1,
s_008um_00529_00212-1,
s_008um_00207_00394-1,
s_008um_00334_00213-1,
s_008um_00640_00227-1,
s_008um_00417_00388-1,
s_008um_00209_00400-1,
s_008um_00330_00379-1,
s_008um_00246_00381-1,
s_008um_00553_00380-1,
s_008um_00589_00196-1,
s_008um_00393_00216-1,
s_008um_00330_00599-1,
s_008um_00595_00615-1,
s_008um_00154_00233-1,
s_008um_00432_00376-1,
s_008um_00512_00203-1,
s_008um_00375_00380-1,
s_008um_00539_00210-1,
s_008um_00660_00210-1,
s_008um_00487_00213-1,
s_008um_00384_00377-1,
s_008um_00585_00417-1,
s_008um_00649_00229-1,
s_008um_00247_00384-1,
s_008um_00499_00383-1,
s_008um_00641_00623-1,
s_008um_00470_00385-1,
s_008um_00440_00601-1,
s_008um_00471_00210-1,
s_008um_00599_00604-1,
s_008um_00536_00390-1,
s_008um_00629_00615-1,
s_008um_00117_00243-1,
s_008um_00513_00200-1,
s_008um_00632_00605-1,
s_008um_00539_00198-1,
s_008um_00618_00616-1,
s_008um_00657_00605-1,
s_008um_00689_00600-1,
s_008um_00330_00368-1,
s_008um_00527_00210-1,
s_008um_00491_00214-1,
s_008um_00333_00387-1,
s_008um_00429_00374-1,
s_008um_00139_00230-1,
s_008um_00705_00606-1,
s_008um_00303_00376-1,
s_008um_00585_00386-1,
s_008um_00207_00395-1,
s_008um_00230_00382-1,
s_008um_00416_00218-1,
s_008um_00486_00381-1,
s_008um_00139_00232-1,
s_008um_00626_00195-1,
s_008um_00543_00197-1,
s_008um_00554_00598-1,
s_008um_00611_00216-1,
s_008um_00214_00393-1,
s_008um_00278_00611-1,
s_008um_00519_00214-1,
s_008um_00501_00392-1,
s_008um_00663_00226-1,
s_008um_00243_00382-1,
s_008um_00506_00600-1,
s_008um_00343_00378-1,
s_008um_00448_00391-1,
s_008um_00368_00607-1,
s_008um_00322_00388-1,
s_008um_00685_00620-1,
s_008um_00609_00227-1,
s_008um_00200_00216-1,
s_008um_00546_00612-1,
s_008um_00579_00601-1,
s_008um_00434_00385-1,
s_008um_00273_00214-1,
s_008um_00237_00591-1,
s_008um_00305_00605-1,
s_008um_00118_00227-1,
s_008um_00383_00384-1,
s_008um_00627_00601-1,
s_008um_00272_00378-1,
s_008um_00499_00592-1,
s_008um_00562_00389-1,
s_008um_00419_00218-1,CS2
s_008um_00231_00396-1,
s_008um_00417_00385-1,
s_008um_00255_00596-1,
s_008um_00370_00214-1,
s_008um_00304_00205-1,
s_008um_00389_00607-1,
s_008um_00396_00599-1,
s_008um_00556_00613-1,
s_008um_00199_00230-1,
s_008um_00269_00606-1,
s_008um_00645_00216-1,
s_008um_00162_00250-1,
s_008um_00399_00606-1,
s_008um_00696_00617-1,
s_008um_00431_00389-1,
s_008um_00708_00601-1,
s_008um_00379_00383-1,
s_008um_00491_00376-1,
s_008um_00558_00599-1,
s_008um_00686_00606-1,
s_008um_00246_00379-1,
s_008um_00563_00202-1,
s_008um_00551_00389-1,
s_008um_00410_00371-1,
s_008um_00418_00214-1,CS2
s_008um_00448_00203-1,
s_008um_00387_00389-1,
s_008um_00264_00604-1,
s_008um_00510_00374-1,
s_008um_00143_00232-1,
s_008um_00492_00215-1,
s_008um_00406_00213-1,
s_008um_00404_00609-1,
s_008um_00391_00606-1,
s_008um_00598_00600-1,
s_008um_00164_00229-1,
s_008um_00659_00220-1,
s_008um_00381_00388-1,
s_008um_00591_00378-1,
s_008um_00457_00393-1,
s_008um_00533_00211-1,
s_008um_00253_00380-1,
s_008um_00660_00603-1,
s_008um_00464_00591-1,
s_008um_00598_00382-1,
s_008um_00482_00390-1,
s_008um_00601_00198-1,
s_008um_00562_00615-1,
s_008um_00285_00383-1,
s_008um_00259_00597-1,
s_008um_00669_00605-1,
s_008um_00254_00594-1,
s_008um_00572_00605-1,
s_008um_00397_00212-1,
s_008um_00522_00382-1,
s_008um_00344_00375-1,
s_008um_00401_00377-1,
s_008um_00660_00410-1,
s_008um_00659_00602-1,
s_008um_00574_00380-1,
s_008um_00346_00208-1,
s_008um_00231_00596-1,
s_008um_00277_00603-1,
s_008um_00277_00214-1,
s_008um_00442_00201-1,
s_008um_00234_00594-1,
s_008um_00494_00592-1,
s_008um_00538_00604-1,
s_008um_00300_00610-1,
s_008um_00480_00601-1,
s_008um_00604_00411-1,
s_008um_00623_00405-1,
s_008um_00387_00608-1,
s_008um_00609_00197-1,
s_008um_00671_00205-1,
s_008um_00647_00410-1,
s_008um_00251_00593-1,
s_008um_00708_00411-1,
s_008um_00569_00609-1,
s_008um_00396_00211-1,
s_008um_00628_00211-1,
s_008um_00559_00196-1,
s_008um_00472_00603-1,
s_008um_00632_00417-1,
s_008um_00503_00601-1,
s_008um_00608_00213-1,
s_008um_00672_00599-1,
s_008um_00446_00214-1,CS2
s_008um_00340_00379-1,
s_008um_00506_00392-1,
s_008um_00504_00382-1,
s_008um_00691_00207-1,
s_008um_00512_00210-1,
s_008um_00369_00215-1,
s_008um_00122_00230-1,
s_008um_00612_00212-1,
s_008um_00662_00215-1,
s_008um_00410_00610-1,
s_008um_00191_00393-1,
s_008um_00193_00232-1,
s_008um_00540_00370-1,
s_008um_00384_00378-1,
s_008um_00644_00417-1,
s_008um_00118_00247-1,
s_008um_00338_00206-1,
s_008um_00415_00607-1,
s_008um_00310_00377-1,
s_008um_00514_00199-1,
s_008um_00377_00213-1,
s_008um_00361_00391-1,
s_008um_00570_00213-1,
s_008um_00523_00595-1,
s_008um_00556_00375-1,
s_008um_00479_00598-1,
s_008um_00287_00384-1,
s_008um_00386_00606-1,
s_008um_00293_00216-1,
s_008um_00448_00597-1,
s_008um_00647_00225-1,
s_008um_00149_00243-1,
s_008um_00578_00206-1,
s_008um_00538_00375-1,
s_008um_00380_00380-1,
s_008um_00234_00398-1,
s_008um_00540_00385-1,
s_008um_00679_00619-1,
s_008um_00627_00220-1,
s_008um_00559_00214-1,
s_008um_00148_00240-1,
s_008um_00713_00412-1,
s_008um_00358_00603-1,
s_008um_00467_00386-1,
s_008um_00363_00215-1,
s_008um_00186_00231-1,
s_008um_00352_00611-1,
s_008um_00454_00220-1,CS2
s_008um_00511_00601-1,
s_008um_00566_00380-1,
s_008um_00688_00600-1,
s_008um_00525_00380-1,
s_008um_00630_00214-1,
s_008um_00301_00379-1,
s_008um_00359_00609-1,
s_008um_00682_00612-1,
s_008um_00432_00382-1,
s_008um_00452_00601-1,
s_008um_00321_00373-1,
s_008um_00614_00599-1,
s_008um_00527_00373-1,
s_008um_00220_00222-1,
s_008um_00601_00417-1,
s_008um_00672_00615-1,
s_008um_00610_00608-1,
s_008um_00572_00216-1,
s_008um_00469_00210-1,
s_008um_00628_00601-1,
s_008um_00698_00598-1,
s_008um_00629_00231-1,
s_008um_00616_00201-1,
s_008um_00575_00376-1,
s_008um_00349_00388-1,
s_008um_00574_00382-1,
s_008um_00319_00366-1,
s_008um_00530_00385-1,
s_008um_00354_00370-1,
s_008um_00258_00602-1,
s_008um_00536_00209-1,
s_008um_00521_00372-1,
s_008um_00290_00388-1,
s_008um_00223_00377-1,
s_008um_00436_00393-1,
s_008um_00674_00607-1,
s_008um_00669_00212-1,
s_008um_00301_00209-1,
s_008um_00456_00387-1,
s_008um_00383_00382-1,
s_008um_00677_00220-1,
s_008um_00186_00404-1,
s_008um_00625_00402-1,
s_008um_00627_00619-1,
s_008um_00575_00199-1,
s_008um_00451_00393-1,
s_008um_00182_00227-1,
s_008um_00603_00417-1,
s_008um_00250_00604-1,
s_008um_00376_00385-1,
s_008um_00625_00616-1,
s_008um_00194_00227-1,
s_008um_00168_00242-1,
s_008um_00444_00386-1,
s_008um_00261_00606-1,
s_008um_00471_00204-1,
s_008um_00529_00597-1,
s_008um_00678_00417-1,
s_008um_00154_00249-1,
s_008um_00340_00376-1,
s_008um_00571_00394-1,
s_008um_00400_00213-1,
s_008um_00516_00195-1,
s_008um_00340_00599-1,
s_008um_00565_00375-1,
s_008um_00390_00376-1,
s_008um_00695_00208-1,
s_008um_00291_00217-1,
s_008um_00444_00594-1,
s_008um_00589_00417-1,
s_008um_00314_00376-1,
s_008um_00246_00219-1,
s_008um_00372_00605-1,
s_008um_00633_00405-1,
s_008um_00668_00413-1,
s_008um_00323_00208-1,
s_008um_00176_00231-1,
s_008um_00496_00202-1,
s_008um_00203_00394-1,
s_008um_00605_00599-1,
s_008um_00624_00206-1,
s_008um_00509_00604-1,
s_008um_00272_00383-1,
s_008um_00445_00596-1,
s_008um_00670_00599-1,
s_008um_00386_00370-1,
s_008um_00541_00207-1,
s_008um_00245_00385-1,
s_008um_00487_00378-1,
s_008um_00497_00387-1,
s_008um_00347_00604-1,
s_008um_00301_00210-1,
s_008um_00401_00380-1,
s_008um_00398_00372-1,
s_008um_00360_00371-1,
s_008um_00309_00383-1,
s_008um_00573_00202-1,
s_008um_00408_00386-1,
s_008um_00388_00604-1,
s_008um_00609_00217-1,
s_008um_00591_00418-1,
s_008um_00454_00209-1,
s_008um_00599_00407-1,
s_008um_00374_00604-1,
s_008um_00720_00603-1,
s_008um_00419_00598-1,
s_008um_00233_00597-1,
s_008um_00380_00371-1,
s_008um_00563_00200-1,
s_008um_00306_00370-1,
s_008um_00655_00601-1,
s_008um_00642_00606-1,
s_008um_00493_00211-1,
s_008um_00377_00384-1,
s_008um_00221_00383-1,
s_008um_00288_00383-1,
s_008um_00353_00214-1,
s_008um_00227_00399-1,
s_008um_00339_00388-1,
s_008um_00585_00377-1,
s_008um_00426_00392-1,
s_008um_00316_00375-1,
s_008um_00156_00232-1,
s_008um_00643_00595-1,
s_008um_00654_00230-1,
s_008um_00453_00374-1,
s_008um_00231_00598-1,
s_008um_00538_00611-1,
s_008um_00585_00207-1,
s_008um_00316_00387-1,
s_008um_00667_00229-1,
s_008um_00259_00369-1,
s_008um_00315_00598-1,
s_008um_00618_00390-1,
s_008um_00593_00203-1,
s_008um_00237_00388-1,
s_008um_00260_00220-1,
s_008um_00374_00209-1,
s_008um_00638_00615-1,
s_008um_00574_00615-1,
s_008um_00225_00213-1,
s_008um_00597_00616-1,
s_008um_00529_00197-1,
s_008um_00572_00209-1,
s_008um_00424_00384-1,
s_008um_00197_00234-1,
s_008um_00142_00235-1,
s_008um_00198_00395-1,
s_008um_00360_00211-1,
s_008um_00563_00390-1,
s_008um_00223_00217-1,
s_008um_00451_00387-1,
s_008um_00648_00407-1,
s_008um_00696_00609-1,
s_008um_00618_00599-1,
s_008um_00623_00413-1,
s_008um_00488_00381-1,
s_008um_00395_00601-1,
s_008um_00412_00218-1,
s_008um_00512_00394-1,
s_008um_00230_00594-1,
s_008um_00527_00600-1,
s_008um_00689_00209-1,
s_008um_00443_00378-1,
s_008um_00578_00196-1,
s_008um_00639_00396-1,
s_008um_00297_00376-1,
s_008um_00649_00398-1,
s_008um_00578_00612-1,
s_008um_00642_00619-1,
s_008um_00238_00391-1,
s_008um_00240_00590-1,
s_008um_00604_00207-1,
s_008um_00661_00406-1,
s_008um_00334_00381-1,
s_008um_00402_00378-1,
s_008um_00688_00416-1,
s_008um_00121_00226-1,
s_008um_00290_00606-1,
s_008um_00478_00596-1,
s_008um_00431_00598-1,
s_008um_00635_00231-1,
s_008um_00464_00382-1,
s_008um_00549_00217-1,
s_008um_00424_00376-1,
s_008um_00363_00604-1,
s_008um_00359_00386-1,
s_008um_00611_00229-1,
s_008um_00705_00600-1,
s_008um_00389_00606-1,
s_008um_00707_00604-1,
s_008um_00417_00601-1,
s_008um_00676_00206-1,
s_008um_00664_00215-1,
s_008um_00423_00207-1,CS2
s_008um_00448_00214-1,CS2
s_008um_00492_00589-1,
s_008um_00670_00225-1,
s_008um_00325_00601-1,
s_008um_00221_00384-1,
s_008um_00365_00614-1,
s_008um_00655_00406-1,
s_008um_00381_00209-1,
s_008um_00321_00382-1,
s_008um_00610_00201-1,
s_008um_00338_00598-1,
s_008um_00426_00379-1,
s_008um_00109_00240-1,
s_008um_00364_00610-1,
s_008um_00531_00203-1,
s_008um_00688_00218-1,
s_008um_00261_00213-1,
s_008um_00129_00227-1,
s_008um_00508_00206-1,
s_008um_00310_00365-1,
s_008um_00265_00600-1,
s_008um_00564_00608-1,
s_008um_00365_00368-1,
s_008um_00647_00218-1,
s_008um_00156_00247-1,
s_008um_00589_00202-1,
s_008um_00588_00200-1,
s_008um_00588_00411-1,
s_008um_00500_00591-1,
s_008um_00650_00407-1,
s_008um_00511_00196-1,
s_008um_00621_00612-1,
s_008um_00513_00196-1,
s_008um_00658_00617-1,
s_008um_00359_00212-1,
s_008um_00544_00390-1,
s_008um_00228_00602-1,
s_008um_00437_00207-1,CS2
s_008um_00263_00387-1,
s_008um_00314_00610-1,
s_008um_00566_00385-1,
s_008um_00536_00389-1,
s_008um_00678_00618-1,
s_008um_00642_00415-1,
s_008um_00682_00614-1,
s_008um_00493_00587-1,
s_008um_00659_00610-1,
s_008um_00323_00601-1,
s_008um_00469_00604-1,
s_008um_00389_00373-1,
s_008um_00263_00220-1,
s_008um_00161_00234-1,
s_008um_00244_00591-1,
s_008um_00705_00418-1,
s_008um_00696_00420-1,
s_008um_00558_00213-1,
s_008um_00399_00214-1,
s_008um_00481_00384-1,
s_008um_00394_00215-1,
s_008um_00387_00604-1,
s_008um_00282_00211-1,
s_008um_00311_00390-1,
s_008um_00493_00389-1,
s_008um_00496_00374-1,
s_008um_00233_00219-1,
s_008um_00591_00203-1,
s_008um_00272_00604-1,
s_008um_00246_00370-1,
s_008um_00650_00611-1,
s_008um_00502_00380-1,
s_008um_00510_00195-1,
s_008um_00108_00231-1,
s_008um_00234_00396-1,
s_008um_00441_00202-1,
s_008um_00545_00202-1,
s_008um_00631_00608-1,
s_008um_00441_00395-1,
s_008um_00600_00617-1,
s_008um_00545_00206-1,
s_008um_00499_00200-1,
s_008um_00514_00587-1,
s_008um_00352_00380-1,
s_008um_00504_00607-1,
s_008um_00442_00211-1,CS2
s_008um_00527_00389-1,
s_008um_00434_00389-1,
s_008um_00661_00206-1,
s_008um_00634_00595-1,
s_008um_00446_00595-1,
s_008um_00313_00603-1,
s_008um_00556_00196-1,
s_008um_00341_00205-1,
s_008um_00521_00377-1,
s_008um_00289_00607-1,
s_008um_00576_00196-1,
s_008um_00581_00223-1,
s_008um_00636_00414-1,
s_008um_00349_00601-1,
s_008um_00277_00606-1,
s_008um_00474_00393-1,
s_008um_00155_00411-1,
s_008um_00130_00227-1,
s_008um_00272_00373-1,
s_008um_00563_00381-1,
s_008um_00635_00215-1,
s_008um_00552_00597-1,
s_008um_00432_00217-1,CS2
s_008um_00439_00381-1,
s_008um_00482_00589-1,
s_008um_00488_00592-1,
s_008um_00637_00398-1,
s_008um_00559_00389-1,
s_008um_00498_00200-1,
s_008um_00451_00217-1,CS2
s_008um_00532_00378-1,
s_008um_00398_00381-1,
s_008um_00172_00241-1,
s_008um_00399_00388-1,
s_008um_00556_00383-1,
s_008um_00253_00606-1,
s_008um_00434_00388-1,
s_008um_00585_00218-1,
s_008um_00697_00208-1,
s_008um_00587_00616-1,
s_008um_00616_00413-1,
s_008um_00209_00389-1,
s_008um_00131_00227-1,
s_008um_00461_00601-1,
s_008um_00609_00619-1,
s_008um_00588_00607-1,
s_008um_00436_00210-1,CS2
s_008um_00471_00206-1,
s_008um_00345_00386-1,
s_008um_00656_00418-1,
s_008um_00575_00211-1,
s_008um_00291_00598-1,
s_008um_00626_00228-1,
s_008um_00677_00221-1,
s_008um_00260_00605-1,
s_008um_00317_00381-1,
s_008um_00254_00596-1,
s_008um_00465_00388-1,
s_008um_00535_00595-1,
s_008um_00457_00374-1,
s_008um_00226_00594-1,
s_008um_00620_00214-1,
s_008um_00356_00386-1,
s_008um_00633_00621-1,
s_008um_00449_00393-1,
s_008um_00237_00602-1,
s_008um_00288_00611-1,
s_008um_00548_00203-1,
s_008um_00248_00598-1,
s_008um_00375_00381-1,
s_008um_00539_00372-1,
s_008um_00545_00596-1,
s_008um_00571_00391-1,
s_008um_00199_00393-1,
s_008um_00418_00211-1,CS2
s_008um_00304_00600-1,
s_008um_00346_00385-1,
s_008um_00575_00210-1,
s_008um_00650_00618-1,
s_008um_00221_00222-1,
s_008um_00510_00382-1,
s_008um_00227_00215-1,
s_008um_00609_00225-1,
s_008um_00581_00195-1,
s_008um_00516_00209-1,
s_008um_00559_00209-1,
s_008um_00613_00212-1,
s_008um_00600_00409-1,
s_008um_00678_00210-1,
s_008um_00181_00399-1,
s_008um_00358_00380-1,
s_008um_00495_00204-1,
s_008um_00617_00391-1,
s_008um_00451_00598-1,
s_008um_00547_00600-1,
s_008um_00613_00619-1,
s_008um_00649_00596-1,
s_008um_00277_00366-1,
s_008um_00664_00214-1,
s_008um_00246_00386-1,
s_008um_00654_00220-1,
s_008um_00377_00208-1,
s_008um_00178_00408-1,
s_008um_00212_00392-1,
s_008um_00640_00610-1,
s_008um_00546_00216-1,
s_008um_00283_00600-1,
s_008um_00593_00620-1,
s_008um_00618_00604-1,
s_008um_00686_00414-1,
s_008um_00612_00402-1,
s_008um_00677_00619-1,
s_008um_00173_00234-1,
s_008um_00448_00392-1,
s_008um_00415_00385-1,
s_008um_00609_00222-1,
s_008um_00395_00213-1,
s_008um_00665_00419-1,
s_008um_00645_00613-1,
s_008um_00560_00199-1,
s_008um_00574_00384-1,
s_008um_00426_00376-1,
s_008um_00543_00201-1,
s_008um_00251_00370-1,
s_008um_00536_00609-1,
s_008um_00378_00375-1,
s_008um_00583_00215-1,
s_008um_00619_00217-1,
s_008um_00624_00212-1,
s_008um_00560_00374-1,
s_008um_00618_00211-1,
s_008um_00621_00397-1,
s_008um_00493_00213-1,
s_008um_00487_00206-1,
s_008um_00625_00410-1,
s_008um_00490_00372-1,
s_008um_00438_00392-1,
s_008um_00268_00223-1,
s_008um_00507_00593-1,
s_008um_00595_00389-1,
s_008um_00198_00227-1,
s_008um_00683_00416-1,
s_008um_00597_00408-1,
s_008um_00621_00223-1,
s_008um_00500_00598-1,
s_008um_00258_00604-1,
s_008um_00692_00421-1,
s_008um_00522_00380-1,
s_008um_00327_00600-1,
s_008um_00335_00614-1,
s_008um_00589_00615-1,
s_008um_00572_00377-1,
s_008um_00250_00376-1,
s_008um_00586_00600-1,
s_008um_00195_00228-1,
s_008um_00407_00603-1,
s_008um_00218_00383-1,
s_008um_00660_00611-1,
s_008um_00325_00604-1,
s_008um_00370_00216-1,
s_008um_00337_00388-1,
s_008um_00565_00383-1,
s_008um_00655_00616-1,
s_008um_00697_00619-1,
s_008um_00647_00223-1,
s_008um_00494_00200-1,
s_008um_00340_00381-1,
s_008um_00490_00601-1,
s_008um_00394_00392-1,
s_008um_00651_00620-1,
s_008um_00359_00604-1,
s_008um_00436_00211-1,CS2
s_008um_00591_00208-1,
s_008um_00515_00371-1,
s_008um_00166_00227-1,
s_008um_00250_00217-1,
s_008um_00332_00370-1,
s_008um_00346_00384-1,
s_008um_00381_00382-1,
s_008um_00376_00392-1,
s_008um_00271_00369-1,
s_008um_00400_00373-1,
s_008um_00595_00385-1,
s_008um_00546_00597-1,
s_008um_00455_00209-1,
s_008um_00129_00249-1,
s_008um_00148_00235-1,
s_008um_00548_00200-1,
s_008um_00364_00394-1,
s_008um_00587_00415-1,
s_008um_00426_00375-1,
s_008um_00557_00210-1,
s_008um_00503_00212-1,
s_008um_00675_00610-1,
s_008um_00629_00403-1,
s_008um_00226_00599-1,
s_008um_00578_00202-1,
s_008um_00461_00216-1,CS2
s_008um_00387_00212-1,
s_008um_00578_00222-1,
s_008um_00715_00611-1,
s_008um_00304_00380-1,
s_008um_00571_00203-1,
s_008um_00257_00601-1,
s_008um_00308_00383-1,
s_008um_00652_00609-1,
s_008um_00621_00395-1,
s_008um_00412_00375-1,
s_008um_00249_00601-1,
s_008um_00682_00618-1,
s_008um_00715_00599-1,
s_008um_00680_00413-1,
s_008um_00298_00377-1,
s_008um_00461_00591-1,
s_008um_00574_00608-1,
s_008um_00294_00605-1,
s_008um_00591_00376-1,
s_008um_00614_00600-1,
s_008um_00647_00593-1,
s_008um_00619_00232-1,
s_008um_00583_00611-1,
s_008um_00267_00384-1,
s_008um_00200_00394-1,
s_008um_00260_00386-1,
s_008um_00283_00221-1,
s_008um_00475_00593-1,
s_008um_00585_00610-1,
s_008um_00627_00402-1,
s_008um_00202_00397-1,
s_008um_00529_00214-1,
s_008um_00676_00209-1,
s_008um_00600_00192-1,
s_008um_00646_00420-1,
s_008um_00563_00374-1,
s_008um_00291_00372-1,
s_008um_00315_00599-1,
s_008um_00702_00422-1,
s_008um_00398_00613-1,
s_008um_00493_00373-1,
s_008um_00647_00228-1,
s_008um_00559_00598-1,
s_008um_00623_00214-1,
s_008um_00631_00595-1,
s_008um_00126_00251-1,
s_008um_00454_00211-1,CS2
s_008um_00334_00390-1,
s_008um_00560_00193-1,
s_008um_00604_00213-1,
s_008um_00423_00213-1,CS2
s_008um_00609_00204-1,
s_008um_00581_00219-1,
s_008um_00642_00612-1,
s_008um_00538_00208-1,
s_008um_00504_00383-1,
s_008um_00355_00606-1,
s_008um_00288_00373-1,
s_008um_00513_00372-1,
s_008um_00679_00420-1,
s_008um_00636_00607-1,
s_008um_00531_00206-1,
s_008um_00449_00383-1,
s_008um_00599_00412-1,
s_008um_00612_00221-1,
s_008um_00640_00394-1,
s_008um_00226_00221-1,
s_008um_00286_00386-1,
s_008um_00595_00229-1,
s_008um_00333_00611-1,
s_008um_00532_00380-1,
s_008um_00626_00204-1,
s_008um_00694_00602-1,
s_008um_00634_00606-1,
s_008um_00601_00601-1,
s_008um_00413_00208-1,
s_008um_00597_00622-1,
s_008um_00597_00414-1,
s_008um_00228_00394-1,
s_008um_00256_00597-1,
s_008um_00561_00379-1,
s_008um_00531_00605-1,
s_008um_00178_00224-1,
s_008um_00648_00598-1,
s_008um_00490_00588-1,
s_008um_00190_00399-1,
s_008um_00652_00401-1,
s_008um_00638_00393-1,
s_008um_00609_00218-1,
s_008um_00674_00222-1,
s_008um_00270_00602-1,
s_008um_00525_00590-1,
s_008um_00542_00613-1,
s_008um_00605_00218-1,
s_008um_00273_00217-1,
s_008um_00296_00369-1,
s_008um_00547_00392-1,
s_008um_00488_00199-1,
s_008um_00662_00603-1,
s_008um_00543_00607-1,
s_008um_00522_00214-1,
s_008um_00374_00386-1,
s_008um_00447_00384-1,
s_008um_00159_00228-1,
s_008um_00283_00367-1,
s_008um_00568_00203-1,
s_008um_00627_00219-1,
s_008um_00710_00417-1,
s_008um_00348_00608-1,
s_008um_00579_00606-1,
s_008um_00472_00213-1,
s_008um_00205_00229-1,
s_008um_00355_00607-1,
s_008um_00590_00417-1,
s_008um_00354_00604-1,
s_008um_00270_00380-1,
s_008um_00574_00206-1,
s_008um_00354_00599-1,
s_008um_00451_00384-1,
s_008um_00621_00217-1,
s_008um_00470_00599-1,
s_008um_00676_00215-1,
s_008um_00392_00599-1,
s_008um_00499_00210-1,
s_008um_00526_00610-1,
s_008um_00699_00609-1,
s_008um_00713_00616-1,
s_008um_00155_00233-1,
s_008um_00263_00380-1,
s_008um_00696_00606-1,
s_008um_00204_00401-1,
s_008um_00507_00590-1,
s_008um_00624_00610-1,
s_008um_00556_00207-1,
s_008um_00501_00214-1,
s_008um_00254_00374-1,
s_008um_00347_00373-1,
s_008um_00334_00597-1,
s_008um_00189_00401-1,
s_008um_00430_00382-1,
s_008um_00572_00200-1,
s_008um_00584_00195-1,
s_008um_00655_00207-1,
s_008um_00657_00403-1,
s_008um_00421_00388-1,
s_008um_00570_00605-1,
s_008um_00300_00609-1,
s_008um_00521_00378-1,
s_008um_00716_00603-1,
s_008um_00715_00206-1,
s_008um_00157_00409-1,
s_008um_00599_00217-1,
s_008um_00653_00225-1,
s_008um_00210_00224-1,
s_008um_00436_00377-1,
s_008um_00435_00376-1,
s_008um_00519_00389-1,
s_008um_00155_00248-1,
s_008um_00351_00389-1,
s_008um_00700_00615-1,
s_008um_00622_00225-1,
s_008um_00166_00241-1,
s_008um_00605_00617-1,
s_008um_00255_00217-1,
s_008um_00666_00220-1,
s_008um_00437_00211-1,CS2
s_008um_00664_00225-1,
s_008um_00471_00212-1,
s_008um_00450_00203-1,
s_008um_00317_00598-1,
s_008um_00154_00239-1,
s_008um_00495_00205-1,
s_008um_00470_00382-1,
s_008um_00433_00211-1,CS2
s_008um_00347_00379-1,
s_008um_00716_00619-1,
s_008um_00170_00236-1,
s_008um_00309_00205-1,
s_008um_00560_00608-1,
s_008um_00646_00413-1,
s_008um_00501_00200-1,
s_008um_00657_00419-1,
s_008um_00450_00596-1,
s_008um_00247_00379-1,
s_008um_00371_00214-1,
s_008um_00634_00416-1,
s_008um_00369_00391-1,
s_008um_00407_00383-1,
s_008um_00598_00222-1,
s_008um_00531_00204-1,
s_008um_00432_00395-1,
s_008um_00589_00384-1,
s_008um_00638_00619-1,
s_008um_00363_00602-1,
s_008um_00609_00415-1,
s_008um_00406_00216-1,
s_008um_00513_00608-1,
s_008um_00547_00381-1,
s_008um_00526_00198-1,
s_008um_00418_00388-1,
s_008um_00598_00212-1,
s_008um_00160_00240-1,
s_008um_00622_00405-1,
s_008um_00596_00406-1,
s_008um_00542_00387-1,
s_008um_00255_00598-1,
s_008um_00619_00615-1,
s_008um_00296_00214-1,
s_008um_00599_00393-1,
s_008um_00199_00231-1,
s_008um_00700_00415-1,
s_008um_00552_00371-1,
s_008um_00578_00392-1,
s_008um_00287_00217-1,
s_008um_00406_00601-1,
s_008um_00695_00420-1,
s_008um_00613_00200-1,
s_008um_00122_00234-1,
s_008um_00700_00420-1,
s_008um_00501_00385-1,
s_008um_00588_00385-1,
s_008um_00467_00209-1,
s_008um_00358_00609-1,
s_008um_00411_00610-1,
s_008um_00559_00379-1,
s_008um_00258_00389-1,
s_008um_00580_00196-1,
s_008um_00535_00389-1,
s_008um_00418_00391-1,
s_008um_00564_00216-1,
s_008um_00447_00205-1,
s_008um_00346_00388-1,
s_008um_00318_00606-1,
s_008um_00399_00377-1,
s_008um_00292_00608-1,
s_008um_00642_00405-1,
s_008um_00262_00387-1,
s_008um_00504_00393-1,
s_008um_00216_00386-1,
s_008um_00383_00611-1,
s_008um_00638_00208-1,
s_008um_00551_00381-1,
s_008um_00620_00201-1,
s_008um_00555_00198-1,
s_008um_00550_00601-1,
s_008um_00629_00209-1,
s_008um_00360_00213-1,
s_008um_00574_00195-1,
s_008um_00527_00609-1,
s_008um_00514_00374-1,
s_008um_00535_00394-1,
s_008um_00581_00603-1,
s_008um_00172_00401-1,
s_008um_00172_00236-1,
s_008um_00256_00600-1,
s_008um_00340_00614-1,
s_008um_00682_00415-1,
s_008um_00248_00605-1,
s_008um_00560_00194-1,
s_008um_00573_00221-1,
s_008um_00150_00240-1,
s_008um_00443_00212-1,CS2
s_008um_00364_00378-1,
s_008um_00611_00200-1,
s_008um_00622_00415-1,
s_008um_00605_00224-1,
s_008um_00345_00605-1,
s_008um_00673_00596-1,
s_008um_00681_00602-1,
s_008um_00504_00604-1,
s_008um_00119_00239-1,
s_008um_00601_00194-1,
s_008um_00489_00600-1,
s_008um_00455_00373-1,
s_008um_00290_00217-1,
s_008um_00630_00400-1,
s_008um_00413_00213-1,
s_008um_00620_00226-1,
s_008um_00199_00390-1,
s_008um_00550_00389-1,
s_008um_00426_00389-1,
s_008um_00285_00389-1,
s_008um_00279_00374-1,
s_008um_00431_00594-1,
s_008um_00359_00381-1,
s_008um_00548_00207-1,
s_008um_00428_00602-1,
s_008um_00471_00590-1,
s_008um_00360_00380-1,
s_008um_00516_00381-1,
s_008um_00299_00604-1,
s_008um_00308_00385-1,
s_008um_00468_00385-1,
s_008um_00638_00595-1,
s_008um_00642_00231-1,
s_008um_00383_00379-1,
s_008um_00629_00230-1,
s_008um_00253_00221-1,
s_008um_00516_00202-1,
s_008um_00520_00386-1,
s_008um_00207_00224-1,
s_008um_00218_00381-1,
s_008um_00627_00232-1,
s_008um_00600_00392-1,
s_008um_00302_00388-1,
s_008um_00496_00587-1,
s_008um_00229_00380-1,
s_008um_00486_00589-1,
s_008um_00335_00604-1,
s_008um_00242_00221-1,
s_008um_00610_00622-1,
s_008um_00539_00595-1,
s_008um_00236_00591-1,
s_008um_00571_00612-1,
s_008um_00313_00365-1,
s_008um_00523_00603-1,
s_008um_00354_00206-1,
s_008um_00510_00388-1,
s_008um_00556_00385-1,
s_008um_00371_00373-1,
s_008um_00184_00402-1,
s_008um_00261_00386-1,
s_008um_00445_00215-1,CS2
s_008um_00405_00212-1,
s_008um_00132_00244-1,
s_008um_00589_00392-1,
s_008um_00256_00376-1,
s_008um_00607_00198-1,
s_008um_00648_00213-1,
s_008um_00619_00410-1,
s_008um_00492_00381-1,
s_008um_00604_00198-1,
s_008um_00392_00386-1,
s_008um_00594_00408-1,
s_008um_00357_00599-1,
s_008um_00478_00383-1,
s_008um_00603_00209-1,
s_008um_00304_00211-1,
s_008um_00612_00209-1,
s_008um_00650_00233-1,
s_008um_00617_00624-1,
s_008um_00680_00602-1,
s_008um_00441_00215-1,CS2
s_008um_00401_00217-1,
s_008um_00601_00612-1,
s_008um_00343_00390-1,
s_008um_00630_00199-1,
s_008um_00555_00197-1,
s_008um_00659_00230-1,
s_008um_00588_00194-1,
s_008um_00536_00376-1,
s_008um_00563_00208-1,
s_008um_00634_00210-1,
s_008um_00636_00202-1,
s_008um_00614_00411-1,
s_008um_00546_00598-1,
s_008um_00382_00379-1,
s_008um_00441_00378-1,
s_008um_00292_00381-1,
s_008um_00652_00620-1,
s_008um_00576_00200-1,
s_008um_00311_00601-1,
s_008um_00151_00232-1,
s_008um_00701_00208-1,
s_008um_00417_00217-1,CS2
s_008um_00636_00604-1,
s_008um_00556_00214-1,
s_008um_00369_00394-1,
s_008um_00497_00591-1,
s_008um_00636_00220-1,
s_008um_00310_00388-1,
s_008um_00621_00602-1,
s_008um_00402_00214-1,
s_008um_00164_00246-1,
s_008um_00711_00607-1,
s_008um_00579_00201-1,
s_008um_00590_00395-1,
s_008um_00631_00408-1,
s_008um_00699_00411-1,
s_008um_00444_00392-1,
s_008um_00551_00211-1,
s_008um_00121_00250-1,
s_008um_00533_00208-1,
s_008um_00501_00383-1,
s_008um_00214_00399-1,
s_008um_00626_00413-1,
s_008um_00575_00209-1,
s_008um_00240_00379-1,
s_008um_00235_00391-1,
s_008um_00302_00608-1,
s_008um_00316_00602-1,
s_008um_00381_00393-1,
s_008um_00458_00383-1,
s_008um_00564_00384-1,
s_008um_00665_00209-1,
s_008um_00576_00611-1,
s_008um_00600_00385-1,
s_008um_00341_00609-1,
s_008um_00621_00406-1,
s_008um_00526_00371-1,
s_008um_00168_00237-1,
s_008um_00414_00605-1,
s_008um_00613_00222-1,
s_008um_00534_00605-1,
s_008um_00540_00374-1,
s_008um_00433_00213-1,CS2
s_008um_00549_00369-1,
s_008um_00199_00229-1,
s_008um_00481_00215-1,
s_008um_00352_00373-1,
s_008um_00703_00420-1,
s_008um_00433_00603-1,
s_008um_00670_00420-1,
s_008um_00483_00393-1,
s_008um_00592_00414-1,
s_008um_00335_00384-1,
s_008um_00258_00214-1,
s_008um_00697_00412-1,
s_008um_00549_00594-1,
s_008um_00534_00373-1,
s_008um_00683_00415-1,
s_008um_00329_00382-1,
s_008um_00338_00611-1,
s_008um_00572_00207-1,
s_008um_00550_00597-1,
s_008um_00651_00613-1,
s_008um_00167_00240-1,
s_008um_00508_00587-1,
s_008um_00350_00604-1,
s_008um_00278_00218-1,
s_008um_00611_00622-1,
s_008um_00306_00369-1,
s_008um_00401_00390-1,
s_008um_00234_00384-1,
s_008um_00485_00386-1,
s_008um_00355_00369-1,
s_008um_00286_00379-1,
s_008um_00622_00396-1,
s_008um_00594_00218-1,
s_008um_00638_00407-1,
s_008um_00450_00388-1,
s_008um_00646_00417-1,
s_008um_00281_00367-1,
s_008um_00466_00591-1,
s_008um_00657_00217-1,
s_008um_00418_00607-1,
s_008um_00289_00213-1,
s_008um_00692_00211-1,
s_008um_00165_00239-1,
s_008um_00397_00602-1,
s_008um_00628_00399-1,
s_008um_00482_00213-1,
s_008um_00567_00386-1,
s_008um_00685_00602-1,
s_008um_00587_00609-1,
s_008um_00303_00214-1,
s_008um_00612_00618-1,
s_008um_00515_00209-1,
s_008um_00600_00198-1,
s_008um_00349_00390-1,
s_008um_00481_00383-1,
s_008um_00157_00230-1,
s_008um_00340_00609-1,
s_008um_00700_00417-1,
s_008um_00449_00392-1,
s_008um_00663_00606-1,
s_008um_00465_00589-1,
s_008um_00541_00371-1,
s_008um_00122_00236-1,
s_008um_00172_00406-1,
s_008um_00197_00389-1,
s_008um_00622_00618-1,
s_008um_00428_00599-1,
s_008um_00424_00389-1,
s_008um_00302_00212-1,
s_008um_00590_00211-1,
s_008um_00581_00411-1,
s_008um_00630_00602-1,
s_008um_00374_00213-1,
s_008um_00487_00602-1,
s_008um_00379_00384-1,
s_008um_00452_00603-1,
s_008um_00120_00236-1,
s_008um_00473_00218-1,
s_008um_00152_00410-1,
s_008um_00626_00230-1,
s_008um_00476_00387-1,
s_008um_00357_00370-1,
s_008um_00397_00612-1,
s_008um_00414_00389-1,
s_008um_00600_00381-1,
s_008um_00209_00229-1,
s_008um_00363_00383-1,
s_008um_00360_00393-1,
s_008um_00249_00383-1,
s_008um_00463_00384-1,
s_008um_00351_00376-1,
s_008um_00582_00215-1,
s_008um_00436_00209-1,CS2
s_008um_00599_00388-1,
s_008um_00662_00415-1,
s_008um_00520_00211-1,
s_008um_00596_00410-1,
s_008um_00320_00387-1,
s_008um_00549_00607-1,
s_008um_00648_00605-1,
s_008um_00632_00224-1,
s_008um_00200_00403-1,
s_008um_00250_00224-1,
s_008um_00565_00615-1,
s_008um_00472_00379-1,
s_008um_00357_00615-1,
s_008um_00202_00224-1,
s_008um_00299_00381-1,
s_008um_00671_00203-1,
s_008um_00638_00219-1,
s_008um_00663_00220-1,
s_008um_00396_00380-1,
s_008um_00462_00599-1,
s_008um_00624_00615-1,
s_008um_00358_00213-1,
s_008um_00576_00195-1,
s_008um_00280_00385-1,
s_008um_00525_00210-1,
s_008um_00575_00603-1,
s_008um_00584_00212-1,
s_008um_00495_00388-1,
s_008um_00652_00415-1,
s_008um_00431_00379-1,
s_008um_00541_00381-1,
s_008um_00406_00389-1,
s_008um_00676_00202-1,
s_008um_00635_00616-1,
s_008um_00596_00386-1,
s_008um_00625_00201-1,
s_008um_00623_00598-1,
s_008um_00392_00369-1,
s_008um_00498_00373-1,
s_008um_00697_00418-1,
s_008um_00358_00611-1,
s_008um_00577_00196-1,
s_008um_00518_00371-1,
s_008um_00643_00418-1,
s_008um_00376_00389-1,
s_008um_00574_00613-1,
s_008um_00502_00390-1,
s_008um_00545_00215-1,
s_008um_00551_00216-1,
s_008um_00298_00602-1,
s_008um_00565_00376-1,
s_008um_00692_00213-1,
s_008um_00624_00204-1,
s_008um_00369_00615-1,
s_008um_00222_00380-1,
s_008um_00397_00392-1,
s_008um_00265_00368-1,
s_008um_00620_00415-1,
s_008um_00428_00596-1,
s_008um_00494_00206-1,
s_008um_00598_00213-1,
s_008um_00685_00616-1,
s_008um_00633_00189-1,
s_008um_00625_00212-1,
s_008um_00687_00597-1,
s_008um_00284_00211-1,
s_008um_00666_00621-1,
s_008um_00647_00622-1,
s_008um_00382_00373-1,
s_008um_00455_00378-1,
s_008um_00242_00393-1,
s_008um_00190_00222-1,
s_008um_00622_00599-1,
s_008um_00699_00205-1,
s_008um_00573_00615-1,
s_008um_00594_00219-1,
s_008um_00530_00217-1,
s_008um_00379_00600-1,
s_008um_00165_00237-1,
s_008um_00241_00223-1,
s_008um_00276_00603-1,
s_008um_00504_00203-1,
s_008um_00596_00217-1,
s_008um_00265_00372-1,
s_008um_00546_00388-1,
s_008um_00378_00609-1,
s_008um_00287_00387-1,
s_008um_00540_00603-1,
s_008um_00366_00393-1,
s_008um_00369_00388-1,
s_008um_00256_00599-1,
s_008um_00272_00388-1,
s_008um_00385_00392-1,
s_008um_00427_00211-1,CS2
s_008um_00163_00243-1,
s_008um_00700_00604-1,
s_008um_00251_00594-1,
s_008um_00254_00380-1,
s_008um_00632_00613-1,
s_008um_00584_00386-1,
s_008um_00313_00210-1,
s_008um_00220_00393-1,
s_008um_00425_00598-1,
s_008um_00590_00209-1,
s_008um_00573_00218-1,
s_008um_00445_00390-1,
s_008um_00440_00388-1,
s_008um_00610_00411-1,
s_008um_00452_00392-1,
s_008um_00644_00230-1,
s_008um_00641_00420-1,
s_008um_00651_00409-1,
s_008um_00507_00198-1,
s_008um_00445_00379-1,
s_008um_00323_00385-1,
s_008um_00550_00211-1,
s_008um_00233_00216-1,
s_008um_00436_00378-1,
s_008um_00256_00214-1,
s_008um_00360_00601-1,
s_008um_00225_00397-1,
s_008um_00440_00393-1,
s_008um_00518_00380-1,
s_008um_00275_00380-1,
s_008um_00506_00381-1,
s_008um_00570_00383-1,
s_008um_00634_00398-1,
s_008um_00495_00590-1,
s_008um_00129_00243-1,
s_008um_00253_00596-1,
s_008um_00669_00209-1,
s_008um_00445_00385-1,
s_008um_00462_00394-1,
s_008um_00463_00206-1,
s_008um_00368_00395-1,
s_008um_00477_00202-1,
s_008um_00173_00403-1,
s_008um_00634_00218-1,
s_008um_00520_00374-1,
s_008um_00270_00214-1,
s_008um_00503_00211-1,
s_008um_00689_00614-1,
s_008um_00639_00211-1,
s_008um_00249_00602-1,
s_008um_00140_00233-1,
s_008um_00566_00613-1,
s_008um_00668_00217-1,
s_008um_00506_00213-1,
s_008um_00506_00607-1,
s_008um_00596_00609-1,
s_008um_00495_00377-1,
s_008um_00538_00201-1,
s_008um_00639_00605-1,
s_008um_00491_00380-1,
s_008um_00132_00231-1,
s_008um_00362_00390-1,
s_008um_00700_00600-1,
s_008um_00472_00210-1,
s_008um_00201_00226-1,
s_008um_00655_00214-1,
s_008um_00628_00213-1,
s_008um_00536_00598-1,
s_008um_00205_00388-1,
s_008um_00361_00387-1,
s_008um_00218_00398-1,
s_008um_00499_00373-1,
s_008um_00620_00596-1,
s_008um_00706_00606-1,
s_008um_00345_00374-1,
s_008um_00586_00617-1,
s_008um_00440_00385-1,
s_008um_00637_00408-1,
s_008um_00573_00195-1,
s_008um_00265_00225-1,
s_008um_00677_00209-1,
s_008um_00392_00383-1,
s_008um_00686_00204-1,
s_008um_00267_00602-1,
s_008um_00664_00211-1,
s_008um_00459_00211-1,CS2
s_008um_00370_00381-1,
s_008um_00295_00210-1,
s_008um_00346_00212-1,
s_008um_00432_00385-1,
s_008um_00395_00376-1,
s_008um_00204_00398-1,
s_008um_00337_00390-1,
s_008um_00223_00380-1,
s_008um_00497_00205-1,
s_008um_00409_00220-1,
s_008um_00487_00374-1,
s_008um_00253_00379-1,
s_008um_00430_00595-1,
s_008um_00490_00386-1,
s_008um_00238_00222-1,
s_008um_00230_00217-1,
s_008um_00305_00606-1,
s_008um_00279_00383-1,
s_008um_00442_00216-1,CS2
s_008um_00344_00368-1,
s_008um_00446_00209-1,CS2
s_008um_00437_00597-1,
s_008um_00625_00411-1,
s_008um_00245_00219-1,
s_008um_00546_00613-1,
s_008um_00598_00206-1,
s_008um_00348_00379-1,
s_008um_00520_00212-1,
s_008um_00682_00602-1,
s_008um_00650_00605-1,
s_008um_00479_00384-1,
s_008um_00395_00372-1,
s_008um_00674_00409-1,
s_008um_00638_00618-1,
s_008um_00268_00225-1,
s_008um_00666_00212-1,
s_008um_00701_00606-1,
s_008um_00187_00402-1,
s_008um_00152_00233-1,
s_008um_00274_00215-1,
s_008um_00489_00598-1,
s_008um_00569_00613-1,
s_008um_00656_00215-1,
s_008um_00167_00406-1,
s_008um_00317_00367-1,
s_008um_00659_00412-1,
s_008um_00407_00609-1,
s_008um_00415_00377-1,
s_008um_00667_00610-1,
s_008um_00549_00596-1,
s_008um_00659_00609-1,
s_008um_00258_00375-1,
s_008um_00551_00203-1,
s_008um_00215_00223-1,
s_008um_00678_00217-1,
s_008um_00256_00224-1,
s_008um_00644_00401-1,
s_008um_00685_00409-1,
s_008um_00242_00594-1,
s_008um_00450_00383-1,
s_008um_00177_00407-1,
s_008um_00383_00603-1,
s_008um_00547_00384-1,
s_008um_00526_00202-1,
s_008um_00197_00403-1,
s_008um_00320_00213-1,
s_008um_00633_00197-1,
s_008um_00517_00385-1,
s_008um_00346_00609-1,
s_008um_00665_00619-1,
s_008um_00546_00209-1,
s_008um_00392_00211-1,
s_008um_00188_00226-1,
s_008um_00503_00378-1,
s_008um_00607_00210-1,
s_008um_00232_00398-1,
s_008um_00607_00605-1,
s_008um_00650_00406-1,
s_008um_00429_00603-1,
s_008um_00406_00611-1,
s_008um_00686_00605-1,
s_008um_00618_00608-1,
s_008um_00365_00214-1,
s_008um_00431_00204-1,CS2
s_008um_00317_00603-1,
s_008um_00628_00197-1,
s_008um_00714_00617-1,
s_008um_00330_00382-1,
s_008um_00587_00389-1,
s_008um_00523_00597-1,
s_008um_00286_00366-1,
s_008um_00402_00604-1,
s_008um_00154_00251-1,
s_008um_00465_00605-1,
s_008um_00232_00220-1,
s_008um_00129_00250-1,
s_008um_00229_00214-1,
s_008um_00291_00387-1,
s_008um_00610_00203-1,
s_008um_00613_00600-1,
s_008um_00526_00373-1,
s_008um_00350_00381-1,
s_008um_00300_00383-1,
s_008um_00255_00216-1,
s_008um_00574_00600-1,
s_008um_00619_00614-1,
s_008um_00656_00606-1,
s_008um_00431_00381-1,
s_008um_00477_00386-1,
s_008um_00400_00610-1,
s_008um_00503_00372-1,
s_008um_00381_00599-1,
s_008um_00453_00212-1,CS2
s_008um_00656_00222-1,
s_008um_00656_00228-1,
s_008um_00307_00391-1,
s_008um_00681_00212-1,
s_008um_00642_00597-1,
s_008um_00243_00387-1,
s_008um_00664_00410-1,
s_008um_00629_00227-1,
s_008um_00631_00414-1,
s_008um_00553_00384-1,
s_008um_00160_00404-1,
s_008um_00438_00209-1,CS2
s_008um_00309_00388-1,
s_008um_00469_00594-1,
s_008um_00387_00373-1,
s_008um_00152_00408-1,
s_008um_00714_00422-1,
s_008um_00442_00601-1,
s_008um_00226_00598-1,
s_008um_00437_00215-1,CS2
s_008um_00231_00220-1,
s_008um_00254_00387-1,
s_008um_00595_00384-1,
s_008um_00677_00204-1,
s_008um_00396_00388-1,
s_008um_00476_00394-1,
s_008um_00652_00220-1,
s_008um_00670_00216-1,
s_008um_00685_00612-1,
s_008um_00520_00375-1,
s_008um_00396_00612-1,
s_008um_00199_00219-1,
s_008um_00597_00386-1,
s_008um_00641_00220-1,
s_008um_00285_00370-1,
s_008um_00314_00205-1,
s_008um_00276_00608-1,
s_008um_00635_00598-1,
s_008um_00301_00375-1,
s_008um_00313_00375-1,
s_008um_00278_00606-1,
s_008um_00508_00377-1,
s_008um_00567_00206-1,
s_008um_00544_00611-1,
s_008um_00586_00198-1,
s_008um_00362_00206-1,
s_008um_00552_00608-1,
s_008um_00318_00607-1,
s_008um_00296_00367-1,
s_008um_00643_00607-1,
s_008um_00473_00597-1,
s_008um_00640_00397-1,
s_008um_00490_00597-1,
s_008um_00468_00390-1,
s_008um_00607_00404-1,
s_008um_00497_00388-1,
s_008um_00265_00604-1,
s_008um_00288_00608-1,
s_008um_00470_00395-1,
s_008um_00471_00377-1,
s_008um_00436_00394-1,
s_008um_00273_00371-1,
s_008um_00390_00372-1,
s_008um_00353_00601-1,
s_008um_00207_00392-1,
s_008um_00169_00237-1,
s_008um_00316_00371-1,
s_008um_00622_00610-1,
s_008um_00155_00252-1,
s_008um_00529_00602-1,
s_008um_00384_00614-1,
s_008um_00580_00215-1,
s_008um_00650_00231-1,
s_008um_00624_00621-1,
s_008um_00479_00212-1,
s_008um_00494_00209-1,
s_008um_00582_00220-1,
s_008um_00293_00210-1,
s_008um_00169_00243-1,
s_008um_00314_00598-1,
s_008um_00553_00193-1,
s_008um_00315_00600-1,
s_008um_00181_00225-1,
s_008um_00530_00611-1,
s_008um_00669_00620-1,
s_008um_00332_00380-1,
s_008um_00128_00231-1,
s_008um_00371_00600-1,
s_008um_00474_00382-1,
s_008um_00610_00205-1,
s_008um_00664_00224-1,
s_008um_00678_00605-1,
s_008um_00410_00210-1,
s_008um_00573_00211-1,
s_008um_00412_00598-1,
s_008um_00527_00604-1,
s_008um_00358_00598-1,
s_008um_00551_00377-1,
s_008um_00411_00604-1,
s_008um_00363_00391-1,
s_008um_00382_00216-1,
s_008um_00612_00204-1,
s_008um_00629_00603-1,
s_008um_00650_00597-1,
s_008um_00630_00407-1,
s_008um_00380_00611-1,
s_008um_00227_00598-1,
s_008um_00145_00242-1,
s_008um_00519_00202-1,
s_008um_00343_00608-1,
s_008um_00634_00214-1,
s_008um_00481_00387-1,
s_008um_00362_00613-1,
s_008um_00667_00418-1,
s_008um_00139_00241-1,
s_008um_00380_00374-1,
s_008um_00583_00206-1,
s_008um_00593_00224-1,
s_008um_00709_00208-1,
s_008um_00395_00371-1,
s_008um_00416_00374-1,
s_008um_00194_00236-1,
s_008um_00383_00211-1,
s_008um_00501_00599-1,
s_008um_00673_00597-1,
s_008um_00569_00617-1,
s_008um_00586_00616-1,
s_008um_00438_00212-1,CS2
s_008um_00468_00379-1,
s_008um_00320_00212-1,
s_008um_00237_00398-1,
s_008um_00299_00369-1,
s_008um_00684_00415-1,
s_008um_00715_00608-1,
s_008um_00468_00392-1,
s_008um_00189_00403-1,
s_008um_00512_00601-1,
s_008um_00539_00196-1,
s_008um_00526_00200-1,
s_008um_00202_00228-1,
s_008um_00340_00206-1,
s_008um_00429_00391-1,
s_008um_00495_00392-1,
s_008um_00599_00208-1,
s_008um_00401_00218-1,
s_008um_00185_00224-1,
s_008um_00624_00406-1,
s_008um_00624_00210-1,
s_008um_00199_00391-1,
s_008um_00712_00411-1,
s_008um_00665_00597-1,
s_008um_00362_00601-1,
s_008um_00114_00226-1,
s_008um_00705_00619-1,
s_008um_00530_00197-1,
s_008um_00111_00229-1,
s_008um_00594_00212-1,
s_008um_00259_00598-1,
s_008um_00292_00385-1,
s_008um_00264_00224-1,
s_008um_00286_00601-1,
s_008um_00298_00605-1,
s_008um_00302_00366-1,
s_008um_00525_00200-1,
s_008um_00446_00378-1,
s_008um_00379_00606-1,
s_008um_00284_00377-1,
s_008um_00610_00621-1,
s_008um_00261_00385-1,
s_008um_00676_00616-1,
s_008um_00393_00605-1,
s_008um_00456_00384-1,
s_008um_00529_00379-1,
s_008um_00592_00201-1,
s_008um_00357_00378-1,
s_008um_00591_00193-1,
s_008um_00416_00384-1,
s_008um_00250_00384-1,
s_008um_00247_00383-1,
s_008um_00435_00390-1,
s_008um_00595_00614-1,
s_008um_00264_00371-1,
s_008um_00453_00213-1,CS2
s_008um_00384_00213-1,
s_008um_00280_00369-1,
s_008um_00514_00392-1,
s_008um_00680_00616-1,
s_008um_00594_00378-1,
s_008um_00378_00377-1,
s_008um_00265_00386-1,
s_008um_00472_00596-1,
s_008um_00501_00377-1,
s_008um_00671_00206-1,
s_008um_00679_00609-1,
s_008um_00707_00210-1,
s_008um_00459_00393-1,
s_008um_00638_00622-1,
s_008um_00481_00593-1,
s_008um_00429_00209-1,CS2
s_008um_00584_00209-1,
s_008um_00567_00198-1,
s_008um_00468_00378-1,
s_008um_00164_00230-1,
s_008um_00544_00601-1,
s_008um_00248_00369-1,
s_008um_00682_00410-1,
s_008um_00393_00386-1,
s_008um_00641_00613-1,
s_008um_00302_00375-1,
s_008um_00458_00595-1,
s_008um_00591_00616-1,
s_008um_00574_00375-1,
s_008um_00550_00215-1,
s_008um_00313_00378-1,
s_008um_00498_00390-1,
s_008um_00373_00601-1,
s_008um_00659_00614-1,
s_008um_00261_00223-1,
s_008um_00505_00209-1,
s_008um_00294_00208-1,
s_008um_00569_00206-1,
s_008um_00384_00615-1,
s_008um_00331_00386-1,
s_008um_00684_00606-1,
s_008um_00710_00620-1,
s_008um_00582_00611-1,
s_008um_00346_00613-1,
s_008um_00408_00375-1,
s_008um_00275_00384-1,
s_008um_00564_00214-1,
s_008um_00524_00204-1,
s_008um_00258_00217-1,
s_008um_00241_00219-1,
s_008um_00601_00613-1,
s_008um_00395_00599-1,
s_008um_00717_00601-1,
s_008um_00269_00603-1,
s_008um_00577_00414-1,
s_008um_00318_00369-1,
s_008um_00166_00225-1,
s_008um_00247_00372-1,
s_008um_00144_00239-1,
s_008um_00618_00605-1,
s_008um_00537_00212-1,
s_008um_00270_00375-1,
s_008um_00272_00374-1,
s_008um_00397_00391-1,
s_008um_00580_00615-1,
s_008um_00407_00602-1,
s_008um_00622_00604-1,
s_008um_00203_00393-1,
s_008um_00127_00243-1,
s_008um_00607_00203-1,
s_008um_00607_00402-1,
s_008um_00354_00607-1,
s_008um_00704_00206-1,
s_008um_00205_00216-1,
s_008um_00244_00384-1,
s_008um_00703_00596-1,
s_008um_00715_00420-1,
s_008um_00434_00202-1,
s_008um_00569_00601-1,
s_008um_00680_00215-1,
s_008um_00287_00604-1,
s_008um_00471_00595-1,
s_008um_00377_00610-1,
s_008um_00201_00389-1,
s_008um_00260_00216-1,
s_008um_00617_00221-1,
s_008um_00409_00605-1,
s_008um_00356_00382-1,
s_008um_00537_00195-1,
s_008um_00468_00377-1,
s_008um_00594_00391-1,
s_008um_00542_00382-1,
s_008um_00298_00207-1,
s_008um_00516_00214-1,
s_008um_00438_00605-1,
s_008um_00173_00225-1,
s_008um_00274_00217-1,
s_008um_00688_00616-1,
s_008um_00228_00398-1,
s_008um_00484_00381-1,
s_008um_00491_00385-1,
s_008um_00654_00215-1,
s_008um_00359_00611-1,
s_008um_00260_00223-1,
s_008um_00395_00369-1,
s_008um_00537_00369-1,
s_008um_00214_00383-1,
s_008um_00517_00392-1,
s_008um_00544_00387-1,
s_008um_00474_00211-1,
s_008um_00196_00395-1,
s_008um_00673_00603-1,
s_008um_00395_00609-1,
s_008um_00164_00239-1,
s_008um_00611_00196-1,
s_008um_00523_00593-1,
s_008um_00583_00217-1,
s_008um_00517_00373-1,
s_008um_00229_00223-1,
s_008um_00471_00205-1,
s_008um_00468_00603-1,
s_008um_00696_00423-1,
s_008um_00383_00392-1,
s_008um_00364_00612-1,
s_008um_00333_00214-1,
s_008um_00355_00371-1,
s_008um_00334_00375-1,
s_008um_00541_00195-1,
s_008um_00588_00196-1,
s_008um_00708_00416-1,
s_008um_00111_00236-1,
s_008um_00603_00392-1,
s_008um_00445_00201-1,
s_008um_00365_00612-1,
s_008um_00181_00401-1,
s_008um_00377_00379-1,
s_008um_00456_00381-1,
s_008um_00704_00416-1,
s_008um_00532_00369-1,
s_008um_00442_00606-1,
s_008um_00128_00250-1,
s_008um_00371_00614-1,
s_008um_00635_00219-1,
s_008um_00599_00379-1,
s_008um_00703_00211-1,
s_008um_00276_00385-1,
s_008um_00710_00208-1,
s_008um_00714_00601-1,
s_008um_00435_00385-1,
s_008um_00322_00605-1,
s_008um_00190_00220-1,
s_008um_00536_00391-1,
s_008um_00240_00386-1,
s_008um_00471_00393-1,
s_008um_00294_00371-1,
s_008um_00622_00221-1,
s_008um_00689_00599-1,
s_008um_00338_00372-1,
s_008um_00653_00601-1,
s_008um_00617_00198-1,
s_008um_00573_00605-1,
s_008um_00641_00410-1,
s_008um_00214_00213-1,
s_008um_00106_00234-1,
s_008um_00326_00383-1,
s_008um_00238_00384-1,
s_008um_00398_00604-1,
s_008um_00681_00204-1,
s_008um_00431_00385-1,
s_008um_00378_00386-1,
s_008um_00564_00198-1,
s_008um_00328_00374-1,
s_008um_00624_00395-1,
s_008um_00713_00205-1,
s_008um_00339_00386-1,
s_008um_00469_00596-1,
s_008um_00423_00208-1,CS2
s_008um_00305_00382-1,
s_008um_00598_00201-1,
s_008um_00340_00211-1,
s_008um_00361_00612-1,
s_008um_00214_00398-1,
s_008um_00433_00209-1,CS2
s_008um_00481_00598-1,
s_008um_00375_00612-1,
s_008um_00577_00415-1,
s_008um_00709_00608-1,
s_008um_00250_00378-1,
s_008um_00592_00380-1,
s_008um_00561_00604-1,
s_008um_00579_00610-1,
s_008um_00392_00387-1,
s_008um_00417_00608-1,
s_008um_00556_00614-1,
s_008um_00171_00241-1,
s_008um_00238_00598-1,
s_008um_00571_00611-1,
s_008um_00638_00218-1,
s_008um_00509_00589-1,
s_008um_00416_00607-1,
s_008um_00128_00251-1,
s_008um_00496_00601-1,
s_008um_00683_00616-1,
s_008um_00505_00199-1,
s_008um_00437_00387-1,
s_008um_00661_00415-1,
s_008um_00709_00610-1,
s_008um_00556_00615-1,
s_008um_00285_00375-1,
s_008um_00261_00387-1,
s_008um_00545_00193-1,
s_008um_00568_00198-1,
s_008um_00450_00602-1,
s_008um_00574_00614-1,
s_008um_00197_00226-1,
s_008um_00579_00391-1,
s_008um_00667_00224-1,
s_008um_00535_00387-1,
s_008um_00644_00615-1,
s_008um_00123_00246-1,
s_008um_00632_00619-1,
s_008um_00586_00217-1,
s_008um_00710_00603-1,
s_008um_00253_00599-1,
s_008um_00268_00377-1,
s_008um_00318_00608-1,
s_008um_00547_00389-1,
s_008um_00563_00214-1,
s_008um_00638_00234-1,
s_008um_00542_00204-1,
s_008um_00354_00606-1,
s_008um_00344_00213-1,
s_008um_00269_00604-1,
s_008um_00293_00376-1,
s_008um_00487_00201-1,
s_008um_00492_00385-1,
s_008um_00621_00607-1,
s_008um_00636_00416-1,
s_008um_00164_00226-1,
s_008um_00433_00380-1,
s_008um_00279_00384-1,
s_008um_00669_00610-1,
s_008um_00693_00599-1,
s_008um_00573_00602-1,
s_008um_00589_00212-1,
s_008um_00561_00209-1,
s_008um_00519_00208-1,
s_008um_00203_00230-1,
s_008um_00311_00374-1,
s_008um_00714_00207-1,
s_008um_00660_00403-1,
s_008um_00207_00388-1,
s_008um_00485_00208-1,
s_008um_00234_00395-1,
s_008um_00374_00602-1,
s_008um_00216_00220-1,
s_008um_00582_00617-1,
s_008um_00551_00606-1,
s_008um_00549_00199-1,
s_008um_00624_00604-1,
s_008um_00377_00383-1,
s_008um_00306_00209-1,
s_008um_00175_00233-1,
s_008um_00382_00376-1,
s_008um_00584_00383-1,
s_008um_00122_00250-1,
s_008um_00375_00389-1,
s_008um_00216_00389-1,
s_008um_00535_00195-1,
s_008um_00308_00377-1,
s_008um_00295_00390-1,
s_008um_00490_00384-1,
s_008um_00128_00238-1,
s_008um_00234_00602-1,
s_008um_00401_00391-1,
s_008um_00225_00223-1,
s_008um_00281_00606-1,
s_008um_00124_00228-1,
s_008um_00440_00605-1,
s_008um_00618_00620-1,
s_008um_00528_00380-1,
s_008um_00581_00213-1,
s_008um_00426_00378-1,
s_008um_00303_00373-1,
s_008um_00656_00622-1,
s_008um_00330_00214-1,
s_008um_00318_00612-1,
s_008um_00693_00206-1,
s_008um_00283_00375-1,
s_008um_00301_00609-1,
s_008um_00510_00213-1,
s_008um_00683_00599-1,
s_008um_00324_00367-1,
s_008um_00620_00414-1,
s_008um_00645_00601-1,
s_008um_00525_00604-1,
s_008um_00215_00398-1,
s_008um_00407_00604-1,
s_008um_00581_00617-1,
s_008um_00515_00210-1,
s_008um_00587_00392-1,
s_008um_00517_00375-1,
s_008um_00243_00603-1,
s_008um_00661_00599-1,
s_008um_00191_00226-1,
s_008um_00456_00606-1,
s_008um_00501_00197-1,
s_008um_00526_00206-1,
s_008um_00347_00384-1,
s_008um_00434_00373-1,
s_008um_00547_00385-1,
s_008um_00610_00207-1,
s_008um_00395_00612-1,
s_008um_00657_00203-1,
s_008um_00708_00608-1,
s_008um_00487_00594-1,
s_008um_00324_00215-1,
s_008um_00537_00594-1,
s_008um_00388_00213-1,
s_008um_00546_00610-1,
s_008um_00189_00398-1,
s_008um_00591_00408-1,
s_008um_00380_00211-1,
s_008um_00663_00602-1,
s_008um_00621_00610-1,
s_008um_00441_00599-1,
s_008um_00293_00604-1,
s_008um_00474_00378-1,
s_008um_00432_00203-1,
s_008um_00597_00599-1,
s_008um_00670_00610-1,
s_008um_00113_00230-1,
s_008um_00659_00231-1,
s_008um_00268_00221-1,
s_008um_00588_00203-1,
s_008um_00438_00386-1,
s_008um_00688_00413-1,
s_008um_00714_00599-1,
s_008um_00580_00598-1,
s_008um_00230_00219-1,
s_008um_00634_00202-1,
s_008um_00403_00606-1,
s_008um_00529_00391-1,
s_008um_00574_00379-1,
s_008um_00643_00421-1,
s_008um_00512_00376-1,
s_008um_00587_00391-1,
s_008um_00467_00593-1,
s_008um_00330_00369-1,
s_008um_00590_00412-1,
s_008um_00670_00224-1,
s_008um_00360_00602-1,
s_008um_00418_00375-1,
s_008um_00443_00215-1,CS2
s_008um_00572_00379-1,
s_008um_00695_00598-1,
s_008um_00328_00379-1,
s_008um_00289_00379-1,
s_008um_00435_00605-1,
s_008um_00508_00214-1,
s_008um_00613_00412-1,
s_008um_00573_00618-1,
s_008um_00286_00219-1,
s_008um_00566_00198-1,
s_008um_00622_00608-1,
s_008um_00545_00381-1,
s_008um_00188_00235-1,
s_008um_00372_00390-1,
s_008um_00610_00209-1,
s_008um_00417_00387-1,
s_008um_00227_00398-1,
s_008um_00377_00614-1,
s_008um_00615_00214-1,
s_008um_00208_00222-1,
s_008um_00295_00601-1,
s_008um_00521_00213-1,
s_008um_00548_00613-1,
s_008um_00532_00599-1,
s_008um_00331_00605-1,
s_008um_00699_00604-1,
s_008um_00430_00206-1,CS2
s_008um_00464_00214-1,
s_008um_00422_00600-1,
s_008um_00585_00387-1,
s_008um_00269_00370-1,
s_008um_00487_00216-1,
s_008um_00370_00213-1,
s_008um_00590_00609-1,
s_008um_00126_00248-1,
s_008um_00269_00605-1,
s_008um_00710_00613-1,
s_008um_00237_00593-1,
s_008um_00375_00369-1,
s_008um_00378_00610-1,
s_008um_00209_00390-1,
s_008um_00428_00210-1,CS2
s_008um_00224_00596-1,
s_008um_00624_00394-1,
s_008um_00106_00233-1,
s_008um_00166_00233-1,
s_008um_00398_00376-1,
s_008um_00382_00605-1,
s_008um_00140_00228-1,
s_008um_00426_00597-1,
s_008um_00351_00610-1,
s_008um_00670_00407-1,
s_008um_00620_00390-1,
s_008um_00221_00218-1,
s_008um_00322_00364-1,
s_008um_00222_00384-1,
s_008um_00645_00609-1,
s_008um_00529_00381-1,
s_008um_00283_00222-1,
s_008um_00548_00370-1,
s_008um_00472_00208-1,
s_008um_00607_00608-1,
s_008um_00605_00214-1,
s_008um_00513_00371-1,
s_008um_00297_00608-1,
s_008um_00576_00604-1,
s_008um_00594_00621-1,
s_008um_00431_00377-1,
s_008um_00550_00380-1,
s_008um_00127_00241-1,
s_008um_00529_00211-1,
s_008um_00259_00376-1,
s_008um_00542_00592-1,
s_008um_00203_00400-1,
s_008um_00653_00420-1,
s_008um_00361_00615-1,
s_008um_00277_00215-1,
s_008um_00400_00390-1,
s_008um_00647_00235-1,
s_008um_00446_00602-1,
s_008um_00702_00603-1,
s_008um_00579_00600-1,
s_008um_00525_00391-1,
s_008um_00459_00216-1,CS2
s_008um_00670_00607-1,
s_008um_00499_00604-1,
s_008um_00148_00233-1,
s_008um_00512_00199-1,
s_008um_00413_00212-1,
s_008um_00561_00201-1,
s_008um_00365_00380-1,
s_008um_00394_00387-1,
s_008um_00243_00386-1,
s_008um_00630_00212-1,
s_008um_00308_00380-1,
s_008um_00515_00607-1,
s_008um_00483_00588-1,
s_008um_00716_00414-1,
s_008um_00612_00403-1,
s_008um_00705_00414-1,
s_008um_00166_00245-1,
s_008um_00492_00199-1,
s_008um_00457_00601-1,
s_008um_00374_00608-1,
s_008um_00623_00406-1,
s_008um_00522_00390-1,
s_008um_00643_00410-1,
s_008um_00375_00604-1,
s_008um_00662_00597-1,
s_008um_00594_00205-1,
s_008um_00513_00198-1,
s_008um_00666_00622-1,
s_008um_00515_00601-1,
s_008um_00398_00369-1,
s_008um_00468_00217-1,
s_008um_00193_00231-1,
s_008um_00410_00376-1,
s_008um_00503_00377-1,
s_008um_00222_00215-1,
s_008um_00397_00384-1,
s_008um_00661_00607-1,
s_008um_00472_00597-1,
s_008um_00313_00598-1,
s_008um_00614_00204-1,
s_008um_00352_00389-1,
s_008um_00353_00388-1,
s_008um_00270_00599-1,
s_008um_00396_00609-1,
s_008um_00672_00406-1,
s_008um_00493_00385-1,
s_008um_00241_00378-1,
s_008um_00505_00207-1,
s_008um_00441_00218-1,CS2
s_008um_00592_00191-1,
s_008um_00321_00207-1,
s_008um_00450_00387-1,
s_008um_00420_00605-1,
s_008um_00529_00603-1,
s_008um_00315_00613-1,
s_008um_00625_00214-1,
s_008um_00508_00379-1,
s_008um_00434_00214-1,CS2
s_008um_00257_00380-1,
s_008um_00393_00217-1,
s_008um_00593_00382-1,
s_008um_00396_00383-1,
s_008um_00659_00404-1,
s_008um_00123_00236-1,
s_008um_00606_00410-1,
s_008um_00281_00607-1,
s_008um_00574_00219-1,
s_008um_00458_00213-1,CS2
s_008um_00252_00369-1,
s_008um_00600_00387-1,
s_008um_00168_00403-1,
s_008um_00688_00620-1,
s_008um_00687_00608-1,
s_008um_00681_00616-1,
s_008um_00626_00599-1,
s_008um_00717_00607-1,
s_008um_00494_00600-1,
s_008um_00491_00212-1,
s_008um_00495_00601-1,
s_008um_00635_00602-1,
s_008um_00282_00371-1,
s_008um_00267_00601-1,
s_008um_00447_00201-1,
s_008um_00326_00384-1,
s_008um_00412_00374-1,
s_008um_00584_00394-1,
s_008um_00362_00395-1,
s_008um_00439_00600-1,
s_008um_00298_00376-1,
s_008um_00506_00394-1,
s_008um_00600_00204-1,
s_008um_00318_00387-1,
s_008um_00551_00199-1,
s_008um_00649_00215-1,
s_008um_00280_00376-1,
s_008um_00314_00371-1,
s_008um_00504_00388-1,
s_008um_00665_00226-1,
s_008um_00611_00230-1,
s_008um_00444_00209-1,CS2
s_008um_00249_00599-1,
s_008um_00716_00417-1,
s_008um_00656_00610-1,
s_008um_00282_00368-1,
s_008um_00473_00375-1,
s_008um_00244_00394-1,
s_008um_00423_00379-1,
s_008um_00367_00607-1,
s_008um_00151_00410-1,
s_008um_00411_00387-1,
s_008um_00665_00607-1,
s_008um_00530_00207-1,
s_008um_00603_00228-1,
s_008um_00389_00217-1,
s_008um_00604_00393-1,
s_008um_00185_00230-1,
s_008um_00151_00407-1,
s_008um_00245_00375-1,
s_008um_00155_00236-1,
s_008um_00229_00590-1,
s_008um_00324_00374-1,
s_008um_00198_00223-1,
s_008um_00284_00600-1,
s_008um_00572_00204-1,
s_008um_00493_00202-1,
s_008um_00532_00388-1,
s_008um_00600_00606-1,
s_008um_00430_00389-1,
s_008um_00279_00599-1,
s_008um_00647_00399-1,
s_008um_00626_00598-1,
s_008um_00282_00373-1,
s_008um_00327_00601-1,
s_008um_00414_00378-1,
s_008um_00529_00384-1,
s_008um_00643_00606-1,
s_008um_00457_00390-1,
s_008um_00618_00414-1,
s_008um_00267_00608-1,
s_008um_00666_00417-1,
s_008um_00575_00419-1,
s_008um_00594_00599-1,
s_008um_00389_00374-1,
s_008um_00585_00621-1,
s_008um_00450_00393-1,
s_008um_00334_00603-1,
s_008um_00576_00197-1,
s_008um_00309_00379-1,
s_008um_00448_00222-1,CS2
s_008um_00676_00598-1,
s_008um_00345_00210-1,
s_008um_00627_00395-1,
s_008um_00201_00225-1,
s_008um_00597_00407-1,
s_008um_00192_00219-1,
s_008um_00528_00371-1,
s_008um_00539_00386-1,
s_008um_00421_00212-1,CS2
s_008um_00245_00222-1,
s_008um_00228_00396-1,
s_008um_00604_00225-1,
s_008um_00159_00229-1,
s_008um_00355_00206-1,
s_008um_00682_00209-1,
s_008um_00565_00381-1,
s_008um_00601_00409-1,
s_008um_00466_00589-1,
s_008um_00607_00221-1,
s_008um_00310_00372-1,
s_008um_00474_00379-1,
s_008um_00300_00599-1,
s_008um_00470_00593-1,
s_008um_00232_00223-1,
s_008um_00598_00622-1,
s_008um_00635_00204-1,
s_008um_00675_00417-1,
s_008um_00336_00613-1,
s_008um_00178_00228-1,
s_008um_00208_00227-1,
s_008um_00644_00413-1,
s_008um_00445_00386-1,
s_008um_00161_00231-1,
s_008um_00373_00387-1,
s_008um_00339_00387-1,
s_008um_00522_00606-1,
s_008um_00602_00209-1,
s_008um_00617_00228-1,
s_008um_00295_00374-1,
s_008um_00443_00380-1,
s_008um_00622_00202-1,
s_008um_00428_00394-1,
s_008um_00249_00594-1,
s_008um_00596_00379-1,
s_008um_00366_00211-1,
s_008um_00480_00387-1,
s_008um_00625_00209-1,
s_008um_00236_00593-1,
s_008um_00593_00215-1,
s_008um_00541_00600-1,
s_008um_00297_00211-1,
s_008um_00452_00385-1,
s_008um_00642_00210-1,
s_008um_00533_00371-1,
s_008um_00668_00418-1,
s_008um_00643_00617-1,
s_008um_00573_00610-1,
s_008um_00254_00371-1,
s_008um_00621_00619-1,
s_008um_00533_00386-1,
s_008um_00325_00213-1,
s_008um_00186_00224-1,
s_008um_00408_00393-1,
s_008um_00196_00218-1,
s_008um_00676_00610-1,
s_008um_00455_00382-1,
s_008um_00274_00222-1,
s_008um_00268_00213-1,
s_008um_00334_00374-1,
s_008um_00270_00385-1,
s_008um_00404_00605-1,
s_008um_00477_00598-1,
s_008um_00516_00375-1,
s_008um_00213_00216-1,
s_008um_00602_00411-1,
s_008um_00659_00225-1,
s_008um_00302_00601-1,
s_008um_00568_00375-1,
s_008um_00185_00403-1,
s_008um_00652_00598-1,
s_008um_00360_00614-1,
s_008um_00671_00418-1,
s_008um_00286_00377-1,
s_008um_00432_00603-1,
s_008um_00591_00194-1,
s_008um_00363_00380-1,
s_008um_00222_00395-1,
s_008um_00383_00394-1,
s_008um_00615_00612-1,
s_008um_00593_00618-1,
s_008um_00463_00214-1,CS2
s_008um_00218_00220-1,
s_008um_00573_00607-1,
s_008um_00617_00610-1,
s_008um_00707_00615-1,
s_008um_00646_00206-1,
s_008um_00673_00414-1,
s_008um_00240_00385-1,
s_008um_00525_00382-1,
s_008um_00398_00611-1,
s_008um_00522_00594-1,
s_008um_00391_00376-1,
s_008um_00237_00224-1,
s_008um_00402_00606-1,
s_008um_00272_00381-1,
s_008um_00416_00391-1,
s_008um_00195_00393-1,
s_008um_00366_00374-1,
s_008um_00696_00203-1,
s_008um_00255_00604-1,
s_008um_00249_00605-1,
s_008um_00465_00594-1,
s_008um_00658_00604-1,
s_008um_00572_00378-1,
s_008um_00579_00618-1,
s_008um_00661_00606-1,
s_008um_00338_00387-1,
s_008um_00514_00588-1,
s_008um_00377_00390-1,
s_008um_00569_00602-1,
s_008um_00655_00415-1,
s_008um_00529_00370-1,
s_008um_00471_00588-1,
s_008um_00522_00212-1,
s_008um_00595_00407-1,
s_008um_00561_00386-1,
s_008um_00699_00206-1,
s_008um_00403_00389-1,
s_008um_00589_00390-1,
s_008um_00627_00215-1,
s_008um_00661_00410-1,
s_008um_00666_00611-1,
s_008um_00709_00600-1,
s_008um_00164_00242-1,
s_008um_00477_00591-1,
s_008um_00430_00390-1,
s_008um_00568_00194-1,
s_008um_00670_00220-1,
s_008um_00521_00370-1,
s_008um_00387_00600-1,
s_008um_00598_00381-1,
s_008um_00686_00419-1,
s_008um_00343_00381-1,
s_008um_00483_00394-1,
s_008um_00106_00236-1,
s_008um_00473_00594-1,
s_008um_00547_00387-1,
s_008um_00212_00391-1,
s_008um_00405_00610-1,
s_008um_00712_00608-1,
s_008um_00673_00421-1,
s_008um_00310_00209-1,
s_008um_00544_00201-1,
s_008um_00426_00205-1,CS2
s_008um_00717_00417-1,
s_008um_00147_00239-1,
s_008um_00611_00224-1,
s_008um_00633_00395-1,
s_008um_00643_00221-1,
s_008um_00126_00240-1,
s_008um_00631_00401-1,
s_008um_00469_00214-1,
s_008um_00416_00379-1,
s_008um_00563_00387-1,
s_008um_00232_00389-1,
s_008um_00285_00368-1,
s_008um_00296_00209-1,
s_008um_00574_00390-1,
s_008um_00551_00602-1,
s_008um_00522_00217-1,
s_008um_00494_00389-1,
s_008um_00293_00381-1,
s_008um_00596_00394-1,
s_008um_00604_00197-1,
s_008um_00423_00216-1,CS2
s_008um_00298_00380-1,
s_008um_00159_00406-1,
s_008um_00504_00600-1,
s_008um_00648_00612-1,
s_008um_00688_00409-1,
s_008um_00569_00386-1,
s_008um_00595_00220-1,
s_008um_00529_00217-1,
s_008um_00403_00374-1,
s_008um_00191_00227-1,
s_008um_00331_00597-1,
s_008um_00558_00613-1,
s_008um_00252_00593-1,
s_008um_00566_00375-1,
s_008um_00445_00200-1,
s_008um_00527_00202-1,
s_008um_00547_00197-1,
s_008um_00628_00233-1,
s_008um_00494_00377-1,
s_008um_00602_00395-1,
s_008um_00589_00204-1,
s_008um_00471_00604-1,
s_008um_00206_00389-1,
s_008um_00334_00611-1,
s_008um_00356_00208-1,
s_008um_00508_00195-1,
s_008um_00450_00601-1,
s_008um_00536_00200-1,
s_008um_00247_00221-1,
s_008um_00344_00209-1,
s_008um_00225_00217-1,
s_008um_00434_00386-1,
s_008um_00552_00385-1,
s_008um_00545_00394-1,
s_008um_00601_00607-1,
s_008um_00449_00204-1,
s_008um_00534_00384-1,
s_008um_00632_00413-1,
s_008um_00662_00203-1,
s_008um_00453_00389-1,
s_008um_00592_00413-1,
s_008um_00650_00404-1,
s_008um_00628_00622-1,
s_008um_00481_00381-1,
s_008um_00546_00203-1,
s_008um_00516_00206-1,
s_008um_00584_00414-1,
s_008um_00681_00210-1,
s_008um_00307_00365-1,
s_008um_00472_00382-1,
s_008um_00556_00603-1,
s_008um_00552_00375-1,
s_008um_00610_00612-1,
s_008um_00486_00377-1,
s_008um_00457_00594-1,
s_008um_00662_00211-1,
s_008um_00575_00598-1,
s_008um_00201_00222-1,
s_008um_00529_00607-1,
s_008um_00338_00389-1,
s_008um_00387_00376-1,
s_008um_00473_00209-1,
s_008um_00633_00196-1,
s_008um_00654_00204-1,
s_008um_00587_00215-1,
s_008um_00262_00216-1,
s_008um_00664_00596-1,
s_008um_00237_00396-1,
s_008um_00252_00220-1,
s_008um_00535_00611-1,
s_008um_00405_00600-1,
s_008um_00594_00620-1,
s_008um_00257_00596-1,
s_008um_00554_00216-1,
s_008um_00625_00200-1,
s_008um_00651_00216-1,
s_008um_00169_00226-1,
s_008um_00422_00383-1,
s_008um_00600_00612-1,
s_008um_00535_00609-1,
s_008um_00269_00596-1,
s_008um_00552_00218-1,
s_008um_00314_00608-1,
s_008um_00217_00213-1,
s_008um_00289_00368-1,
s_008um_00389_00383-1,
s_008um_00452_00213-1,CS2
s_008um_00594_00227-1,
s_008um_00684_00605-1,
s_008um_00362_00615-1,
s_008um_00591_00601-1,
s_008um_00321_00387-1,
s_008um_00355_00370-1,
s_008um_00618_00218-1,
s_008um_00364_00207-1,
s_008um_00536_00207-1,
s_008um_00636_00229-1,
s_008um_00597_00387-1,
s_008um_00630_00192-1,
s_008um_00578_00391-1,
s_008um_00655_00594-1,
s_008um_00543_00611-1,
s_008um_00216_00388-1,
s_008um_00116_00228-1,
s_008um_00523_00382-1,
s_008um_00354_00378-1,
s_008um_00492_00588-1,
s_008um_00373_00379-1,
s_008um_00164_00240-1,
s_008um_00565_00209-1,
s_008um_00445_00222-1,CS2
s_008um_00505_00198-1,
s_008um_00448_00218-1,CS2
s_008um_00648_00415-1,
s_008um_00639_00217-1,
s_008um_00681_00597-1,
s_008um_00450_00205-1,
s_008um_00502_00387-1,
s_008um_00490_00202-1,
s_008um_00418_00604-1,
s_008um_00668_00226-1,
s_008um_00426_00212-1,CS2
s_008um_00287_00214-1,
s_008um_00547_00380-1,
s_008um_00378_00605-1,
s_008um_00455_00214-1,CS2
s_008um_00576_00619-1,
s_008um_00482_00385-1,
s_008um_00606_00228-1,
s_008um_00718_00601-1,
s_008um_00183_00398-1,
s_008um_00537_00610-1,
s_008um_00363_00614-1,
s_008um_00426_00604-1,
s_008um_00599_00617-1,
s_008um_00220_00395-1,
s_008um_00628_00206-1,
s_008um_00638_00411-1,
s_008um_00208_00223-1,
s_008um_00619_00613-1,
s_008um_00714_00421-1,
s_008um_00549_00602-1,
s_008um_00270_00215-1,
s_008um_00636_00233-1,
s_008um_00408_00607-1,
s_008um_00263_00214-1,
s_008um_00634_00407-1,
s_008um_00375_00395-1,
s_008um_00598_00608-1,
s_008um_00687_00620-1,
s_008um_00525_00607-1,
s_008um_00310_00367-1,
s_008um_00375_00601-1,
s_008um_00531_00195-1,
s_008um_00440_00389-1,
s_008um_00152_00235-1,
s_008um_00317_00372-1,
s_008um_00459_00598-1,
s_008um_00515_00214-1,
s_008um_00617_00202-1,
s_008um_00633_00396-1,
s_008um_00364_00210-1,
s_008um_00494_00602-1,
s_008um_00702_00599-1,
s_008um_00347_00205-1,
s_008um_00577_00208-1,
s_008um_00637_00596-1,
s_008um_00627_00414-1,
s_008um_00685_00412-1,
s_008um_00692_00202-1,
s_008um_00646_00612-1,
s_008um_00543_00600-1,
s_008um_00612_00231-1,
s_008um_00473_00382-1,
s_008um_00551_00379-1,
s_008um_00563_00219-1,
s_008um_00449_00388-1,
s_008um_00543_00373-1,
s_008um_00579_00198-1,
s_008um_00218_00393-1,
s_008um_00490_00598-1,
s_008um_00655_00611-1,
s_008um_00715_00603-1,
s_008um_00675_00605-1,
s_008um_00550_00382-1,
s_008um_00613_00613-1,
s_008um_00401_00215-1,
s_008um_00564_00607-1,
s_008um_00680_00605-1,
s_008um_00258_00220-1,
s_008um_00166_00239-1,
s_008um_00524_00380-1,
s_008um_00487_00596-1,
s_008um_00655_00218-1,
s_008um_00648_00613-1,
s_008um_00606_00403-1,
s_008um_00605_00601-1,
s_008um_00415_00213-1,
s_008um_00524_00388-1,
s_008um_00477_00210-1,
s_008um_00533_00390-1,
s_008um_00345_00370-1,
s_008um_00341_00604-1,
s_008um_00347_00598-1,
s_008um_00581_00214-1,
s_008um_00631_00622-1,
s_008um_00660_00618-1,
s_008um_00577_00609-1,
s_008um_00573_00603-1,
s_008um_00537_00379-1,
s_008um_00474_00392-1,
s_008um_00279_00218-1,
s_008um_00227_00225-1,
s_008um_00525_00370-1,
s_008um_00227_00222-1,
s_008um_00600_00601-1,
s_008um_00637_00217-1,
s_008um_00248_00606-1,
s_008um_00699_00414-1,
s_008um_00445_00205-1,CS2
s_008um_00636_00596-1,
s_008um_00619_00621-1,
s_008um_00643_00398-1,
s_008um_00563_00193-1,
s_008um_00500_00386-1,
s_008um_00440_00218-1,CS2
s_008um_00436_00374-1,
s_008um_00149_00242-1,
s_008um_00625_00400-1,
s_008um_00350_00612-1,
s_008um_00596_00383-1,
s_008um_00274_00214-1,
s_008um_00538_00605-1,
s_008um_00512_00593-1,
s_008um_00505_00379-1,
s_008um_00264_00388-1,
s_008um_00487_00382-1,
s_008um_00152_00407-1,
s_008um_00600_00221-1,
s_008um_00686_00211-1,
s_008um_00511_00388-1,
s_008um_00690_00413-1,
s_008um_00258_00601-1,
s_008um_00656_00412-1,
s_008um_00112_00230-1,
s_008um_00295_00367-1,
s_008um_00205_00222-1,
s_008um_00464_00592-1,
s_008um_00428_00388-1,
s_008um_00478_00375-1,
s_008um_00640_00420-1,
s_008um_00559_00206-1,
s_008um_00417_00214-1,CS2
s_008um_00632_00599-1,
s_008um_00225_00593-1,
s_008um_00350_00370-1,
s_008um_00647_00416-1,
s_008um_00666_00228-1,
s_008um_00640_00231-1,
s_008um_00511_00384-1,
s_008um_00628_00229-1,
s_008um_00536_00205-1,
s_008um_00616_00396-1,
s_008um_00243_00391-1,
s_008um_00357_00390-1,
s_008um_00384_00212-1,
s_008um_00582_00200-1,
s_008um_00584_00192-1,
s_008um_00381_00391-1,
s_008um_00707_00598-1,
s_008um_00554_00388-1,
s_008um_00642_00228-1,
s_008um_00593_00610-1,
s_008um_00324_00604-1,
s_008um_00448_00219-1,CS2
s_008um_00402_00601-1,
s_008um_00553_00375-1,
s_008um_00365_00207-1,
s_008um_00562_00213-1,
s_008um_00238_00377-1,
s_008um_00201_00233-1,
s_008um_00665_00219-1,
s_008um_00526_00388-1,
s_008um_00469_00592-1,
s_008um_00622_00210-1,
s_008um_00667_00616-1,
s_008um_00660_00604-1,
s_008um_00291_00388-1,
s_008um_00609_00600-1,
s_008um_00387_00383-1,
s_008um_00408_00382-1,
s_008um_00208_00221-1,
s_008um_00450_00605-1,
s_008um_00342_00613-1,
s_008um_00683_00619-1,
s_008um_00555_00374-1,
s_008um_00558_00209-1,
s_008um_00638_00610-1,
s_008um_00644_00616-1,
s_008um_00546_00210-1,
s_008um_00373_00208-1,
s_008um_00669_00613-1,
s_008um_00299_00365-1,
s_008um_00527_00383-1,
s_008um_00349_00604-1,
s_008um_00643_00209-1,
s_008um_00395_00210-1,
s_008um_00648_00616-1,
s_008um_00614_00222-1,
s_008um_00234_00595-1,
s_008um_00319_00609-1,
s_008um_00173_00236-1,
s_008um_00517_00608-1,
s_008um_00660_00220-1,
s_008um_00603_00219-1,
s_008um_00659_00606-1,
s_008um_00451_00213-1,CS2
s_008um_00620_00605-1,
s_008um_00444_00601-1,
s_008um_00512_00205-1,
s_008um_00482_00375-1,
s_008um_00599_00385-1,
s_008um_00623_00213-1,
s_008um_00364_00599-1,
s_008um_00400_00372-1,
s_008um_00300_00598-1,
s_008um_00537_00194-1,
s_008um_00479_00391-1,
s_008um_00647_00221-1,
s_008um_00117_00246-1,
s_008um_00674_00598-1,
s_008um_00604_00406-1,
s_008um_00411_00599-1,
s_008um_00336_00210-1,
s_008um_00146_00242-1,
s_008um_00483_00201-1,
s_008um_00653_00607-1,
s_008um_00680_00416-1,
s_008um_00479_00600-1,
s_008um_00670_00605-1,
s_008um_00108_00237-1,
s_008um_00521_00384-1,
s_008um_00304_00606-1,
s_008um_00228_00393-1,
s_008um_00512_00373-1,
s_008um_00263_00368-1,
s_008um_00599_00197-1,
s_008um_00556_00376-1,
s_008um_00651_00601-1,
s_008um_00463_00209-1,
s_008um_00231_00594-1,
s_008um_00278_00380-1,
s_008um_00616_00608-1,
s_008um_00621_00206-1,
s_008um_00275_00607-1,
s_008um_00506_00379-1,
s_008um_00652_00622-1,
s_008um_00705_00419-1,
s_008um_00667_00618-1,
s_008um_00553_00600-1,
s_008um_00564_00602-1,
s_008um_00600_00417-1,
s_008um_00450_00374-1,
s_008um_00345_00378-1,
s_008um_00390_00379-1,
s_008um_00573_00388-1,
s_008um_00670_00412-1,
s_008um_00632_00207-1,
s_008um_00367_00378-1,
s_008um_00300_00207-1,
s_008um_00457_00379-1,
s_008um_00707_00617-1,
s_008um_00478_00394-1,
s_008um_00260_00381-1,
s_008um_00360_00603-1,
s_008um_00610_00619-1,
s_008um_00337_00207-1,
s_008um_00623_00407-1,
s_008um_00261_00219-1,
s_008um_00152_00229-1,
s_008um_00679_00613-1,
s_008um_00572_00391-1,
s_008um_00413_00375-1,
s_008um_00583_00395-1,
s_008um_00715_00418-1,
s_008um_00167_00226-1,
s_008um_00334_00598-1,
s_008um_00209_00388-1,
s_008um_00266_00376-1,
s_008um_00577_00392-1,
s_008um_00528_00394-1,
s_008um_00608_00416-1,
s_008um_00505_00376-1,
s_008um_00530_00215-1,
s_008um_00545_00198-1,
s_008um_00631_00413-1,
s_008um_00673_00419-1,
s_008um_00287_00611-1,
s_008um_00538_00388-1,
s_008um_00338_00604-1,
s_008um_00358_00605-1,
s_008um_00197_00393-1,
s_008um_00136_00239-1,
s_008um_00446_00221-1,CS2
s_008um_00446_00604-1,
s_008um_00460_00392-1,
s_008um_00411_00209-1,
s_008um_00302_00373-1,
s_008um_00184_00400-1,
s_008um_00437_00605-1,
s_008um_00442_00215-1,CS2
s_008um_00323_00376-1,
s_008um_00511_00376-1,
s_008um_00449_00201-1,
s_008um_00622_00224-1,
s_008um_00688_00418-1,
s_008um_00517_00209-1,
s_008um_00548_00385-1,
s_008um_00232_00603-1,
s_008um_00628_00196-1,
s_008um_00542_00379-1,
s_008um_00196_00224-1,
s_008um_00486_00384-1,
s_008um_00542_00378-1,
s_008um_00318_00611-1,
s_008um_00520_00381-1,
s_008um_00306_00206-1,
s_008um_00592_00418-1,
s_008um_00470_00212-1,
s_008um_00273_00373-1,
s_008um_00519_00604-1,
s_008um_00541_00384-1,
s_008um_00664_00218-1,
s_008um_00549_00597-1,
s_008um_00256_00222-1,
s_008um_00288_00213-1,
s_008um_00498_00593-1,
s_008um_00567_00616-1,
s_008um_00627_00226-1,
s_008um_00539_00605-1,
s_008um_00236_00603-1,
s_008um_00309_00598-1,
s_008um_00133_00241-1,
s_008um_00379_00608-1,
s_008um_00633_00611-1,
s_008um_00486_00208-1,
s_008um_00372_00212-1,
s_008um_00398_00390-1,
s_008um_00661_00407-1,
s_008um_00526_00216-1,
s_008um_00479_00593-1,
s_008um_00516_00197-1,
s_008um_00546_00607-1,
s_008um_00259_00372-1,
s_008um_00615_00624-1,
s_008um_00590_00614-1,
s_008um_00345_00390-1,
s_008um_00293_00218-1,
s_008um_00577_00193-1,
s_008um_00499_00201-1,
s_008um_00664_00222-1,
s_008um_00231_00217-1,
s_008um_00269_00602-1,
s_008um_00663_00601-1,
s_008um_00515_00392-1,
s_008um_00592_00408-1,
s_008um_00470_00597-1,
s_008um_00523_00379-1,
s_008um_00655_00609-1,
s_008um_00582_00379-1,
s_008um_00623_00607-1,
s_008um_00602_00221-1,
s_008um_00243_00389-1,
s_008um_00646_00210-1,
s_008um_00659_00401-1,
s_008um_00201_00218-1,
s_008um_00516_00598-1,
s_008um_00403_00377-1,
s_008um_00608_00411-1,
s_008um_00406_00602-1,
s_008um_00255_00387-1,
s_008um_00143_00235-1,
s_008um_00641_00407-1,
s_008um_00652_00232-1,
s_008um_00445_00602-1,
s_008um_00321_00600-1,
s_008um_00371_00604-1,
s_008um_00496_00380-1,
s_008um_00360_00391-1,
s_008um_00638_00604-1,
s_008um_00488_00374-1,
s_008um_00360_00207-1,
s_008um_00465_00210-1,
s_008um_00573_00381-1,
s_008um_00330_00607-1,
s_008um_00627_00611-1,
s_008um_00203_00397-1,
s_008um_00282_00221-1,
s_008um_00581_00604-1,
s_008um_00631_00204-1,
s_008um_00505_00205-1,
s_008um_00641_00218-1,
s_008um_00587_00618-1,
s_008um_00647_00401-1,
s_008um_00193_00239-1,
s_008um_00597_00602-1,
s_008um_00616_00220-1,
s_008um_00387_00612-1,
s_008um_00647_00623-1,
s_008um_00680_00612-1,
s_008um_00568_00612-1,
s_008um_00368_00380-1,
s_008um_00508_00595-1,
s_008um_00545_00610-1,
s_008um_00299_00389-1,
s_008um_00632_00189-1,
s_008um_00572_00381-1,
s_008um_00401_00608-1,
s_008um_00386_00377-1,
s_008um_00469_00591-1,
s_008um_00621_00605-1,
s_008um_00606_00210-1,
s_008um_00653_00606-1,
s_008um_00648_00404-1,
s_008um_00269_00607-1,
s_008um_00525_00373-1,
s_008um_00202_00229-1,
s_008um_00273_00220-1,
s_008um_00573_00392-1,
s_008um_00329_00614-1,
s_008um_00525_00392-1,
s_008um_00544_00218-1,
s_008um_00540_00382-1,
s_008um_00193_00233-1,
s_008um_00196_00231-1,
s_008um_00496_00378-1,
s_008um_00303_00381-1,
s_008um_00348_00377-1,
s_008um_00158_00406-1,
s_008um_00210_00221-1,
s_008um_00313_00376-1,
s_008um_00174_00407-1,
s_008um_00170_00237-1,
s_008um_00639_00404-1,
s_008um_00165_00408-1,
s_008um_00602_00621-1,
s_008um_00314_00369-1,
s_008um_00191_00234-1,
s_008um_00648_00408-1,
s_008um_00310_00604-1,
s_008um_00558_00603-1,
s_008um_00203_00402-1,
s_008um_00577_00419-1,
s_008um_00417_00216-1,CS2
s_008um_00454_00596-1,
s_008um_00291_00369-1,
s_008um_00604_00610-1,
s_008um_00597_00415-1,
s_008um_00511_00201-1,
s_008um_00400_00218-1,
s_008um_00610_00406-1,
s_008um_00175_00409-1,
s_008um_00284_00214-1,
s_008um_00614_00413-1,
s_008um_00283_00389-1,
s_008um_00186_00235-1,
s_008um_00638_00613-1,
s_008um_00591_00205-1,
s_008um_00488_00207-1,
s_008um_00456_00213-1,CS2
s_008um_00243_00594-1,
s_008um_00631_00187-1,
s_008um_00276_00220-1,
s_008um_00356_00379-1,
s_008um_00418_00393-1,
s_008um_00343_00372-1,
s_008um_00533_00379-1,
s_008um_00430_00213-1,CS2
s_008um_00375_00600-1,
s_008um_00421_00216-1,CS2
s_008um_00518_00195-1,
s_008um_00360_00374-1,
s_008um_00681_00612-1,
s_008um_00246_00602-1,
s_008um_00336_00603-1,
s_008um_00129_00252-1,
s_008um_00297_00375-1,
s_008um_00403_00210-1,
s_008um_00575_00613-1,
s_008um_00472_00595-1,
s_008um_00616_00617-1,
s_008um_00420_00383-1,
s_008um_00704_00204-1,
s_008um_00476_00392-1,
s_008um_00576_00608-1,
s_008um_00238_00592-1,
s_008um_00611_00409-1,
s_008um_00560_00217-1,
s_008um_00362_00612-1,
s_008um_00611_00209-1,
s_008um_00568_00619-1,
s_008um_00646_00415-1,
s_008um_00678_00611-1,
s_008um_00186_00221-1,
s_008um_00548_00193-1,
s_008um_00566_00192-1,
s_008um_00642_00399-1,
s_008um_00665_00611-1,
s_008um_00566_00387-1,
s_008um_00167_00410-1,
s_008um_00389_00602-1,
s_008um_00131_00238-1,
s_008um_00453_00209-1,
s_008um_00441_00593-1,
s_008um_00641_00608-1,
s_008um_00680_00415-1,
s_008um_00431_00205-1,CS2
s_008um_00308_00604-1,
s_008um_00623_00409-1,
s_008um_00516_00376-1,
s_008um_00678_00200-1,
s_008um_00267_00607-1,
s_008um_00365_00599-1,
s_008um_00483_00392-1,
s_008um_00390_00384-1,
s_008um_00264_00370-1,
s_008um_00624_00597-1,
s_008um_00574_00197-1,
s_008um_00345_00385-1,
s_008um_00628_00414-1,
s_008um_00145_00240-1,
s_008um_00295_00214-1,
s_008um_00655_00621-1,
s_008um_00632_00205-1,
s_008um_00497_00383-1,
s_008um_00358_00211-1,
s_008um_00576_00215-1,
s_008um_00500_00203-1,
s_008um_00356_00206-1,
s_008um_00622_00597-1,
s_008um_00308_00378-1,
s_008um_00335_00372-1,
s_008um_00440_00217-1,CS2
s_008um_00348_00373-1,
s_008um_00459_00388-1,
s_008um_00326_00388-1,
s_008um_00256_00385-1,
s_008um_00622_00196-1,
s_008um_00381_00602-1,
s_008um_00115_00244-1,
s_008um_00687_00217-1,
s_008um_00609_00219-1,
s_008um_00577_00192-1,
s_008um_00336_00213-1,
s_008um_00612_00405-1,
s_008um_00400_00376-1,
s_008um_00662_00208-1,
s_008um_00567_00387-1,
s_008um_00299_00380-1,
s_008um_00575_00192-1,
s_008um_00619_00403-1,
s_008um_00226_00397-1,
s_008um_00668_00216-1,
s_008um_00696_00416-1,
s_008um_00574_00196-1,
s_008um_00596_00191-1,
s_008um_00640_00220-1,
s_008um_00604_00407-1,
s_008um_00145_00236-1,
s_008um_00591_00199-1,
s_008um_00192_00220-1,
s_008um_00638_00227-1,
s_008um_00412_00385-1,
s_008um_00307_00599-1,
s_008um_00531_00600-1,
s_008um_00633_00602-1,
s_008um_00507_00391-1,
s_008um_00274_00388-1,
s_008um_00509_00597-1,
s_008um_00227_00601-1,
s_008um_00317_00210-1,
s_008um_00627_00216-1,
s_008um_00604_00613-1,
s_008um_00193_00229-1,
s_008um_00651_00597-1,
s_008um_00380_00603-1,
s_008um_00553_00599-1,
s_008um_00622_00214-1,
s_008um_00698_00615-1,
s_008um_00664_00414-1,
s_008um_00514_00208-1,
s_008um_00644_00221-1,
s_008um_00383_00372-1,
s_008um_00437_00375-1,
s_008um_00690_00612-1,
s_008um_00481_00592-1,
s_008um_00591_00219-1,
s_008um_00442_00214-1,CS2
s_008um_00656_00605-1,
s_008um_00416_00599-1,
s_008um_00409_00377-1,
s_008um_00200_00399-1,
s_008um_00392_00605-1,
s_008um_00562_00216-1,
s_008um_00356_00603-1,
s_008um_00464_00594-1,
s_008um_00255_00376-1,
s_008um_00261_00603-1,
s_008um_00163_00241-1,
s_008um_00617_00413-1,
s_008um_00636_00210-1,
s_008um_00428_00605-1,
s_008um_00170_00229-1,
s_008um_00475_00208-1,
s_008um_00429_00604-1,
s_008um_00231_00394-1,
s_008um_00338_00614-1,
s_008um_00200_00397-1,
s_008um_00701_00608-1,
s_008um_00648_00398-1,
s_008um_00346_00389-1,
s_008um_00168_00238-1,
s_008um_00230_00225-1,
s_008um_00289_00380-1,
s_008um_00246_00222-1,
s_008um_00447_00387-1,
s_008um_00188_00404-1,
s_008um_00474_00387-1,
s_008um_00602_00613-1,
s_008um_00639_00407-1,
s_008um_00331_00601-1,
s_008um_00514_00382-1,
s_008um_00509_00601-1,
s_008um_00515_00599-1,
s_008um_00241_00381-1,
s_008um_00370_00382-1,
s_008um_00497_00380-1,
s_008um_00495_00593-1,
s_008um_00523_00200-1,
s_008um_00318_00385-1,
s_008um_00538_00394-1,
s_008um_00685_00603-1,
s_008um_00603_00390-1,
s_008um_00592_00210-1,
s_008um_00549_00385-1,
s_008um_00623_00610-1,
s_008um_00454_00207-1,
s_008um_00287_00370-1,
s_008um_00609_00609-1,
s_008um_00429_00202-1,
s_008um_00617_00607-1,
s_008um_00484_00379-1,
s_008um_00604_00598-1,
s_008um_00417_00376-1,
s_008um_00600_00209-1,
s_008um_00293_00373-1,
s_008um_00534_00202-1,
s_008um_00322_00391-1,
s_008um_00277_00605-1,
s_008um_00441_00385-1,
s_008um_00339_00598-1,
s_008um_00407_00606-1,
s_008um_00402_00600-1,
s_008um_00523_00606-1,
s_008um_00566_00384-1,
s_008um_00227_00379-1,
s_008um_00293_00369-1,
s_008um_00115_00243-1,
s_008um_00432_00210-1,CS2
s_008um_00572_00612-1,
s_008um_00135_00252-1,
s_008um_00425_00212-1,CS2
s_008um_00636_00420-1,
s_008um_00218_00387-1,
s_008um_00301_00370-1,
s_008um_00337_00386-1,
s_008um_00462_00591-1,
s_008um_00531_00601-1,
s_008um_00241_00604-1,
s_008um_00681_00618-1,
s_008um_00597_00191-1,
s_008um_00463_00211-1,CS2
s_008um_00517_00595-1,
s_008um_00633_00225-1,
s_008um_00125_00232-1,
s_008um_00410_00382-1,
s_008um_00182_00398-1,
s_008um_00243_00606-1,
s_008um_00190_00396-1,
s_008um_00168_00225-1,
s_008um_00389_00371-1,
s_008um_00646_00414-1,
s_008um_00365_00603-1,
s_008um_00534_00388-1,
s_008um_00385_00388-1,
s_008um_00467_00380-1,
s_008um_00540_00369-1,
s_008um_00196_00220-1,
s_008um_00592_00392-1,
s_008um_00429_00206-1,CS2
s_008um_00292_00389-1,
s_008um_00546_00206-1,
s_008um_00587_00390-1,
s_008um_00362_00388-1,
s_008um_00643_00603-1,
s_008um_00531_00368-1,
s_008um_00617_00394-1,
s_008um_00306_00391-1,
s_008um_00445_00216-1,CS2
s_008um_00138_00234-1,
s_008um_00121_00240-1,
s_008um_00298_00385-1,
s_008um_00663_00224-1,
s_008um_00355_00385-1,
s_008um_00364_00607-1,
s_008um_00489_00590-1,
s_008um_00693_00205-1,
s_008um_00196_00225-1,
s_008um_00495_00209-1,
s_008um_00238_00216-1,
s_008um_00620_00398-1,
s_008um_00361_00605-1,
s_008um_00663_00209-1,
s_008um_00486_00390-1,
s_008um_00322_00365-1,
s_008um_00476_00593-1,
s_008um_00398_00382-1,
s_008um_00493_00590-1,
s_008um_00292_00610-1,
s_008um_00364_00215-1,
s_008um_00294_00386-1,
s_008um_00386_00599-1,
s_008um_00508_00598-1,
s_008um_00562_00383-1,
s_008um_00486_00388-1,
s_008um_00427_00388-1,
s_008um_00632_00610-1,
s_008um_00455_00392-1,
s_008um_00478_00389-1,
s_008um_00384_00390-1,
s_008um_00633_00408-1,
s_008um_00417_00211-1,CS2
s_008um_00426_00393-1,
s_008um_00505_00607-1,
s_008um_00191_00396-1,
s_008um_00615_00616-1,
s_008um_00117_00233-1,
s_008um_00584_00609-1,
s_008um_00657_00600-1,
s_008um_00439_00221-1,CS2
s_008um_00671_00219-1,
s_008um_00457_00375-1,
s_008um_00140_00230-1,
s_008um_00623_00623-1,
s_008um_00344_00386-1,
s_008um_00526_00209-1,
s_008um_00396_00376-1,
s_008um_00596_00215-1,
s_008um_00466_00382-1,
s_008um_00309_00207-1,
s_008um_00674_00217-1,
s_008um_00575_00383-1,
s_008um_00441_00205-1,CS2
s_008um_00699_00413-1,
s_008um_00379_00217-1,
s_008um_00511_00372-1,
s_008um_00558_00597-1,
s_008um_00475_00207-1,
s_008um_00528_00216-1,
s_008um_00299_00376-1,
s_008um_00667_00413-1,
s_008um_00152_00243-1,
s_008um_00565_00218-1,
s_008um_00670_00613-1,
s_008um_00627_00212-1,
s_008um_00646_00621-1,
s_008um_00388_00387-1,
s_008um_00330_00384-1,
s_008um_00588_00192-1,
s_008um_00247_00595-1,
s_008um_00654_00603-1,
s_008um_00216_00384-1,
s_008um_00605_00210-1,
s_008um_00568_00389-1,
s_008um_00414_00386-1,
s_008um_00550_00375-1,
s_008um_00600_00615-1,
s_008um_00711_00616-1,
s_008um_00295_00382-1,
s_008um_00208_00225-1,
s_008um_00392_00381-1,
s_008um_00253_00601-1,
s_008um_00448_00384-1,
s_008um_00524_00391-1,
s_008um_00423_00389-1,
s_008um_00396_00377-1,
s_008um_00231_00382-1,
s_008um_00644_00622-1,
s_008um_00311_00367-1,
s_008um_00502_00202-1,
s_008um_00248_00219-1,
s_008um_00197_00391-1,
s_008um_00431_00601-1,
s_008um_00632_00612-1,
s_008um_00597_00379-1,
s_008um_00587_00610-1,
s_008um_00462_00209-1,
s_008um_00471_00384-1,
s_008um_00511_00598-1,
s_008um_00302_00214-1,
s_008um_00680_00210-1,
s_008um_00494_00587-1,
s_008um_00114_00230-1,
s_008um_00697_00613-1,
s_008um_00423_00605-1,
s_008um_00503_00385-1,
s_008um_00453_00594-1,
s_008um_00400_00611-1,
s_008um_00610_00231-1,
s_008um_00624_00412-1,
s_008um_00433_00383-1,
s_008um_00692_00610-1,
s_008um_00497_00209-1,
s_008um_00680_00420-1,
s_008um_00624_00613-1,
s_008um_00638_00403-1,
s_008um_00654_00202-1,
s_008um_00479_00385-1,
s_008um_00263_00374-1,
s_008um_00561_00388-1,
s_008um_00150_00236-1,
s_008um_00706_00211-1,
s_008um_00349_00212-1,
s_008um_00636_00597-1,
s_008um_00603_00202-1,
s_008um_00582_00226-1,
s_008um_00428_00374-1,
s_008um_00637_00594-1,
s_008um_00555_00208-1,
s_008um_00386_00390-1,
s_008um_00352_00391-1,
s_008um_00700_00410-1,
s_008um_00396_00210-1,
s_008um_00679_00209-1,
s_008um_00596_00387-1,
s_008um_00333_00377-1,
s_008um_00152_00405-1,
s_008um_00266_00385-1,
s_008um_00591_00195-1,
s_008um_00567_00203-1,
s_008um_00446_00376-1,
s_008um_00587_00209-1,
s_008um_00258_00368-1,
s_008um_00416_00386-1,
s_008um_00531_00201-1,
s_008um_00541_00367-1,
s_008um_00352_00613-1,
s_008um_00353_00605-1,
s_008um_00364_00603-1,
s_008um_00525_00386-1,
s_008um_00177_00232-1,
s_008um_00514_00215-1,
s_008um_00430_00600-1,
s_008um_00483_00383-1,
s_008um_00689_00216-1,
s_008um_00320_00390-1,
s_008um_00222_00387-1,
s_008um_00672_00414-1,
s_008um_00342_00383-1,
s_008um_00453_00381-1,
s_008um_00482_00389-1,
s_008um_00601_00201-1,
s_008um_00685_00205-1,
s_008um_00499_00375-1,
s_008um_00512_00196-1,
s_008um_00547_00211-1,
s_008um_00682_00210-1,
s_008um_00656_00409-1,
s_008um_00246_00391-1,
s_008um_00467_00597-1,
s_008um_00205_00227-1,
s_008um_00417_00210-1,CS2
s_008um_00294_00379-1,
s_008um_00585_00393-1,
s_008um_00176_00400-1,
s_008um_00342_00369-1,
s_008um_00329_00379-1,
s_008um_00516_00596-1,
s_008um_00497_00379-1,
s_008um_00155_00412-1,
s_008um_00217_00217-1,
s_008um_00307_00606-1,
s_008um_00489_00205-1,
s_008um_00456_00217-1,CS2
s_008um_00681_00414-1,
s_008um_00503_00379-1,
s_008um_00642_00609-1,
s_008um_00317_00366-1,
s_008um_00416_00219-1,
s_008um_00491_00213-1,
s_008um_00511_00382-1,
s_008um_00506_00204-1,
s_008um_00431_00214-1,CS2
s_008um_00641_00603-1,
s_008um_00494_00373-1,
s_008um_00620_00231-1,
s_008um_00435_00205-1,CS2
s_008um_00278_00212-1,
s_008um_00231_00377-1,
s_008um_00371_00601-1,
s_008um_00632_00218-1,
s_008um_00591_00192-1,
s_008um_00206_00227-1,
s_008um_00251_00391-1,
s_008um_00450_00216-1,CS2
s_008um_00717_00616-1,
s_008um_00609_00620-1,
s_008um_00626_00396-1,
s_008um_00644_00212-1,
s_008um_00392_00611-1,
s_008um_00574_00211-1,
s_008um_00154_00242-1,
s_008um_00325_00605-1,
s_008um_00227_00396-1,
s_008um_00607_00599-1,
s_008um_00663_00227-1,
s_008um_00680_00414-1,
s_008um_00475_00378-1,
s_008um_00643_00223-1,
s_008um_00313_00371-1,
s_008um_00486_00212-1,
s_008um_00515_00597-1,
s_008um_00204_00220-1,
s_008um_00449_00602-1,
s_008um_00577_00603-1,
s_008um_00568_00213-1,
s_008um_00565_00200-1,
s_008um_00405_00608-1,
s_008um_00522_00590-1,
s_008um_00439_00212-1,CS2
s_008um_00618_00403-1,
s_008um_00685_00619-1,
s_008um_00156_00412-1,
s_008um_00456_00208-1,
s_008um_00127_00249-1,
s_008um_00434_00381-1,
s_008um_00436_00602-1,
s_008um_00643_00394-1,
s_008um_00262_00219-1,
s_008um_00335_00205-1,
s_008um_00284_00369-1,
s_008um_00384_00386-1,
s_008um_00254_00369-1,
s_008um_00666_00601-1,
s_008um_00421_00602-1,
s_008um_00318_00602-1,
s_008um_00115_00246-1,
s_008um_00671_00210-1,
s_008um_00635_00399-1,
s_008um_00370_00373-1,
s_008um_00577_00417-1,
s_008um_00650_00217-1,
s_008um_00596_00598-1,
s_008um_00658_00222-1,
s_008um_00199_00400-1,
s_008um_00229_00395-1,
s_008um_00395_00216-1,
s_008um_00308_00215-1,
s_008um_00550_00197-1,
s_008um_00349_00213-1,
s_008um_00635_00600-1,
s_008um_00537_00600-1,
s_008um_00534_00201-1,
s_008um_00127_00233-1,
s_008um_00289_00385-1,
s_008um_00616_00390-1,
s_008um_00664_00603-1,
s_008um_00615_00219-1,
s_008um_00229_00378-1,
s_008um_00510_00389-1,
s_008um_00276_00607-1,
s_008um_00661_00419-1,
s_008um_00562_00608-1,
s_008um_00261_00381-1,
s_008um_00141_00236-1,
s_008um_00574_00208-1,
s_008um_00651_00603-1,
s_008um_00543_00382-1,
s_008um_00660_00217-1,
s_008um_00639_00417-1,
s_008um_00526_00215-1,
s_008um_00578_00605-1,
s_008um_00667_00606-1,
s_008um_00617_00619-1,
s_008um_00454_00392-1,
s_008um_00241_00373-1,
s_008um_00550_00195-1,
s_008um_00430_00202-1,
s_008um_00270_00378-1,
s_008um_00438_00380-1,
s_008um_00236_00598-1,
s_008um_00448_00215-1,CS2
s_008um_00316_00210-1,
s_008um_00463_00594-1,
s_008um_00649_00592-1,
s_008um_00300_00606-1,
s_008um_00275_00376-1,
s_008um_00675_00597-1,
s_008um_00136_00227-1,
s_008um_00336_00374-1,
s_008um_00208_00393-1,
s_008um_00467_00207-1,
s_008um_00380_00613-1,
s_008um_00355_00379-1,
s_008um_00213_00400-1,
s_008um_00327_00206-1,
s_008um_00230_00220-1,
s_008um_00532_00383-1,
s_008um_00640_00604-1,
s_008um_00580_00206-1,
s_008um_00575_00204-1,
s_008um_00171_00410-1,
s_008um_00252_00376-1,
s_008um_00327_00207-1,
s_008um_00364_00608-1,
s_008um_00548_00379-1,
s_008um_00258_00216-1,
s_008um_00668_00612-1,
s_008um_00442_00605-1,
s_008um_00353_00378-1,
s_008um_00509_00390-1,
s_008um_00295_00606-1,
s_008um_00319_00209-1,
s_008um_00153_00406-1,
s_008um_00485_00209-1,
s_008um_00632_00618-1,
s_008um_00594_00608-1,
s_008um_00311_00382-1,
s_008um_00523_00600-1,
s_008um_00446_00375-1,
s_008um_00401_00371-1,
s_008um_00691_00605-1,
s_008um_00320_00386-1,
s_008um_00123_00237-1,
s_008um_00497_00373-1,
s_008um_00649_00401-1,
s_008um_00327_00610-1,
s_008um_00368_00372-1,
s_008um_00654_00611-1,
s_008um_00587_00211-1,
s_008um_00341_00207-1,
s_008um_00225_00381-1,
s_008um_00225_00387-1,
s_008um_00459_00379-1,
s_008um_00225_00394-1,
s_008um_00291_00380-1,
s_008um_00621_00404-1,
s_008um_00197_00225-1,
s_008um_00626_00402-1,
s_008um_00554_00209-1,
s_008um_00287_00612-1,
s_008um_00597_00418-1,
s_008um_00507_00383-1,
s_008um_00628_00212-1,
s_008um_00327_00599-1,
s_008um_00717_00615-1,
s_008um_00526_00603-1,
s_008um_00262_00381-1,
s_008um_00652_00417-1,
s_008um_00617_00222-1,
s_008um_00473_00212-1,
s_008um_00612_00623-1,
s_008um_00273_00602-1,
s_008um_00450_00213-1,CS2
s_008um_00653_00415-1,
s_008um_00340_00385-1,
s_008um_00514_00606-1,
s_008um_00289_00602-1,
s_008um_00509_00393-1,
s_008um_00203_00396-1,
s_008um_00458_00381-1,
s_008um_00395_00218-1,
s_008um_00253_00370-1,
s_008um_00251_00375-1,
s_008um_00201_00402-1,
s_008um_00604_00604-1,
s_008um_00273_00388-1,
s_008um_00551_00593-1,
s_008um_00405_00218-1,
s_008um_00502_00205-1,
s_008um_00668_00601-1,
s_008um_00254_00377-1,
s_008um_00610_00610-1,
s_008um_00583_00390-1,
s_008um_00123_00244-1,
s_008um_00238_00591-1,
s_008um_00568_00392-1,
s_008um_00600_00380-1,
s_008um_00461_00595-1,
s_008um_00705_00205-1,
s_008um_00513_00199-1,
s_008um_00717_00610-1,
s_008um_00673_00413-1,
s_008um_00648_00419-1,
s_008um_00130_00229-1,
s_008um_00638_00232-1,
s_008um_00341_00209-1,
s_008um_00571_00613-1,
s_008um_00337_00600-1,
s_008um_00200_00220-1,
s_008um_00260_00373-1,
s_008um_00386_00382-1,
s_008um_00375_00212-1,
s_008um_00655_00223-1,
s_008um_00705_00422-1,
s_008um_00203_00229-1,
s_008um_00453_00385-1,
s_008um_00161_00247-1,
s_008um_00649_00593-1,
s_008um_00558_00374-1,
s_008um_00456_00376-1,
s_008um_00568_00220-1,
s_008um_00658_00418-1,
s_008um_00513_00598-1,
s_008um_00683_00208-1,
s_008um_00578_00194-1,
s_008um_00412_00602-1,
s_008um_00427_00597-1,
s_008um_00679_00204-1,
s_008um_00586_00410-1,
s_008um_00603_00199-1,
s_008um_00318_00364-1,
s_008um_00443_00388-1,
s_008um_00642_00409-1,
s_008um_00222_00397-1,
s_008um_00325_00369-1,
s_008um_00531_00199-1,
s_008um_00592_00611-1,
s_008um_00648_00232-1,
s_008um_00717_00605-1,
s_008um_00605_00209-1,
s_008um_00154_00241-1,
s_008um_00460_00391-1,
s_008um_00588_00394-1,
s_008um_00501_00205-1,
s_008um_00146_00228-1,
s_008um_00268_00374-1,
s_008um_00194_00401-1,
s_008um_00400_00219-1,
s_008um_00692_00409-1,
s_008um_00476_00601-1,
s_008um_00494_00385-1,
s_008um_00643_00402-1,
s_008um_00329_00609-1,
s_008um_00640_00223-1,
s_008um_00351_00615-1,
s_008um_00534_00593-1,
s_008um_00430_00217-1,CS2
s_008um_00586_00614-1,
s_008um_00248_00370-1,
s_008um_00526_00598-1,
s_008um_00332_00613-1,
s_008um_00648_00403-1,
s_008um_00423_00604-1,
s_008um_00242_00387-1,
s_008um_00677_00599-1,
s_008um_00596_00213-1,
s_008um_00523_00389-1,
s_008um_00637_00612-1,
s_008um_00376_00381-1,
s_008um_00470_00203-1,
s_008um_00629_00224-1,
s_008um_00554_00379-1,
s_008um_00389_00600-1,
s_008um_00269_00601-1,
s_008um_00537_00207-1,
s_008um_00552_00603-1,
s_008um_00566_00604-1,
s_008um_00232_00388-1,
s_008um_00318_00603-1,
s_008um_00504_00199-1,
s_008um_00118_00225-1,
s_008um_00451_00595-1,
s_008um_00537_00389-1,
s_008um_00702_00421-1,
s_008um_00709_00601-1,
s_008um_00715_00416-1,
s_008um_00119_00232-1,
s_008um_00315_00611-1,
s_008um_00718_00600-1,
s_008um_00677_00207-1,
s_008um_00603_00226-1,
s_008um_00560_00380-1,
s_008um_00341_00610-1,
s_008um_00213_00217-1,
s_008um_00389_00608-1,
s_008um_00391_00610-1,
s_008um_00229_00397-1,
s_008um_00603_00605-1,
s_008um_00456_00385-1,
s_008um_00663_00410-1,
s_008um_00645_00607-1,
s_008um_00567_00390-1,
s_008um_00413_00379-1,
s_008um_00669_00222-1,
s_008um_00610_00603-1,
s_008um_00527_00203-1,
s_008um_00405_00603-1,
s_008um_00391_00609-1,
s_008um_00474_00375-1,
s_008um_00559_00382-1,
s_008um_00510_00603-1,
s_008um_00480_00373-1,
s_008um_00662_00227-1,
s_008um_00709_00419-1,
s_008um_00266_00603-1,
s_008um_00526_00369-1,
s_008um_00547_00596-1,
s_008um_00383_00389-1,
s_008um_00218_00223-1,
s_008um_00615_00601-1,
s_008um_00340_00604-1,
s_008um_00348_00386-1,
s_008um_00382_00610-1,
s_008um_00508_00205-1,
s_008um_00550_00199-1,
s_008um_00505_00600-1,
s_008um_00518_00605-1,
s_008um_00667_00617-1,
s_008um_00530_00602-1,
s_008um_00282_00367-1,
s_008um_00261_00217-1,
s_008um_00503_00203-1,
s_008um_00211_00392-1,
s_008um_00653_00207-1,
s_008um_00438_00601-1,
s_008um_00690_00614-1,
s_008um_00482_00383-1,
s_008um_00260_00600-1,
s_008um_00585_00193-1,
s_008um_00644_00607-1,
s_008um_00139_00238-1,
s_008um_00674_00619-1,
s_008um_00647_00234-1,
s_008um_00424_00205-1,
s_008um_00473_00389-1,
s_008um_00359_00373-1,
s_008um_00518_00389-1,
s_008um_00528_00204-1,
s_008um_00565_00205-1,
s_008um_00401_00600-1,
s_008um_00670_00619-1,
s_008um_00645_00421-1,
s_008um_00333_00386-1,
s_008um_00471_00218-1,
s_008um_00705_00421-1,
s_008um_00571_00601-1,
s_008um_00682_00203-1,
s_008um_00612_00229-1,
s_008um_00614_00619-1,
s_008um_00410_00597-1,
s_008um_00613_00604-1,
s_008um_00212_00221-1,
s_008um_00524_00392-1,
s_008um_00694_00416-1,
s_008um_00633_00198-1,
s_008um_00172_00403-1,
s_008um_00333_00384-1,
s_008um_00639_00233-1,
s_008um_00236_00218-1,
s_008um_00509_00206-1,
s_008um_00495_00387-1,
s_008um_00305_00601-1,
s_008um_00451_00394-1,
s_008um_00401_00387-1,
s_008um_00316_00603-1,
s_008um_00291_00211-1,
s_008um_00376_00614-1,
s_008um_00241_00218-1,
s_008um_00400_00374-1,
s_008um_00160_00226-1,
s_008um_00636_00407-1,
s_008um_00373_00613-1,
s_008um_00523_00206-1,
s_008um_00269_00213-1,
s_008um_00662_00599-1,
s_008um_00579_00388-1,
s_008um_00540_00205-1,
s_008um_00377_00381-1,
s_008um_00556_00379-1,
s_008um_00539_00214-1,
s_008um_00635_00212-1,
s_008um_00606_00411-1,
s_008um_00582_00383-1,
s_008um_00405_00213-1,
s_008um_00253_00377-1,
s_008um_00115_00233-1,
s_008um_00611_00217-1,
s_008um_00330_00207-1,
s_008um_00653_00613-1,
s_008um_00220_00399-1,
s_008um_00605_00605-1,
s_008um_00471_00379-1,
s_008um_00482_00214-1,
s_008um_00536_00386-1,
s_008um_00374_00616-1,
s_008um_00249_00379-1,
s_008um_00506_00377-1,
s_008um_00465_00391-1,
s_008um_00215_00393-1,
s_008um_00501_00600-1,
s_008um_00347_00610-1,
s_008um_00700_00413-1,
s_008um_00355_00214-1,
s_008um_00347_00600-1,
s_008um_00225_00393-1,
s_008um_00443_00210-1,CS2
s_008um_00116_00233-1,
s_008um_00670_00606-1,
s_008um_00706_00421-1,
s_008um_00175_00235-1,
s_008um_00256_00219-1,
s_008um_00435_00208-1,CS2
s_008um_00607_00614-1,
s_008um_00650_00227-1,
s_008um_00448_00201-1,
s_008um_00278_00369-1,
s_008um_00682_00216-1,
s_008um_00362_00380-1,
s_008um_00538_00603-1,
s_008um_00224_00390-1,
s_008um_00213_00397-1,
s_008um_00620_00395-1,
s_008um_00457_00208-1,
s_008um_00495_00603-1,
s_008um_00438_00206-1,CS2
s_008um_00479_00387-1,
s_008um_00644_00613-1,
s_008um_00619_00202-1,
s_008um_00122_00229-1,
s_008um_00205_00217-1,
s_008um_00626_00622-1,
s_008um_00340_00390-1,
s_008um_00579_00194-1,
s_008um_00640_00601-1,
s_008um_00374_00614-1,
s_008um_00626_00602-1,
s_008um_00317_00604-1,
s_008um_00353_00376-1,
s_008um_00705_00618-1,
s_008um_00658_00620-1,
s_008um_00262_00375-1,
s_008um_00628_00418-1,
s_008um_00234_00218-1,
s_008um_00153_00239-1,
s_008um_00425_00204-1,
s_008um_00676_00620-1,
s_008um_00603_00225-1,
s_008um_00642_00209-1,
s_008um_00281_00383-1,
s_008um_00664_00608-1,
s_008um_00640_00624-1,
s_008um_00355_00382-1,
s_008um_00481_00379-1,
s_008um_00409_00370-1,
s_008um_00473_00208-1,
s_008um_00296_00379-1,
s_008um_00212_00222-1,
s_008um_00406_00387-1,
s_008um_00396_00602-1,
s_008um_00225_00391-1,
s_008um_00164_00243-1,
s_008um_00254_00220-1,
s_008um_00503_00604-1,
s_008um_00239_00593-1,
s_008um_00381_00385-1,
s_008um_00294_00387-1,
s_008um_00295_00381-1,
s_008um_00535_00604-1,
s_008um_00597_00604-1,
s_008um_00632_00193-1,
s_008um_00635_00229-1,
s_008um_00461_00211-1,CS2
s_008um_00157_00251-1,
s_008um_00558_00379-1,
s_008um_00307_00371-1,
s_008um_00351_00375-1,
s_008um_00385_00212-1,
s_008um_00502_00393-1,
s_008um_00357_00393-1,
s_008um_00607_00206-1,
s_008um_00378_00608-1,
s_008um_00424_00380-1,
s_008um_00642_00607-1,
s_008um_00517_00211-1,
s_008um_00435_00373-1,
s_008um_00214_00215-1,
s_008um_00540_00604-1,
s_008um_00323_00391-1,
s_008um_00711_00614-1,
s_008um_00432_00207-1,CS2
s_008um_00510_00605-1,
s_008um_00590_00608-1,
s_008um_00594_00195-1,
s_008um_00313_00369-1,
s_008um_00206_00402-1,
s_008um_00612_00607-1,
s_008um_00573_00214-1,
s_008um_00444_00393-1,
s_008um_00630_00221-1,
s_008um_00504_00384-1,
s_008um_00703_00618-1,
s_008um_00650_00409-1,
s_008um_00419_00388-1,
s_008um_00184_00233-1,
s_008um_00213_00395-1,
s_008um_00165_00243-1,
s_008um_00717_00414-1,
s_008um_00538_00385-1,
s_008um_00527_00377-1,
s_008um_00271_00368-1,
s_008um_00148_00241-1,
s_008um_00566_00608-1,
s_008um_00585_00222-1,
s_008um_00638_00230-1,
s_008um_00362_00384-1,
s_008um_00634_00230-1,
s_008um_00470_00587-1,
s_008um_00435_00388-1,
s_008um_00302_00377-1,
s_008um_00543_00592-1,
s_008um_00518_00607-1,
s_008um_00268_00214-1,
s_008um_00574_00220-1,
s_008um_00467_00391-1,
s_008um_00273_00606-1,
s_008um_00335_00212-1,
s_008um_00396_00371-1,
s_008um_00284_00606-1,
s_008um_00592_00200-1,
s_008um_00411_00214-1,
s_008um_00510_00207-1,
s_008um_00408_00610-1,
s_008um_00459_00220-1,CS2
s_008um_00508_00374-1,
s_008um_00610_00229-1,
s_008um_00419_00213-1,CS2
s_008um_00658_00419-1,
s_008um_00510_00203-1,
s_008um_00422_00211-1,CS2
s_008um_00419_00215-1,CS2
s_008um_00278_00385-1,
s_008um_00490_00603-1,
s_008um_00433_00202-1,
s_008um_00262_00213-1,
s_008um_00386_00215-1,
s_008um_00563_00611-1,
s_008um_00548_00215-1,
s_008um_00515_00213-1,
s_008um_00448_00206-1,
s_008um_00652_00207-1,
s_008um_00461_00382-1,
s_008um_00716_00415-1,
s_008um_00160_00238-1,
s_008um_00311_00210-1,
s_008um_00160_00241-1,
s_008um_00469_00384-1,
s_008um_00459_00599-1,
s_008um_00348_00612-1,
s_008um_00245_00221-1,
s_008um_00191_00229-1,
s_008um_00579_00218-1,
s_008um_00337_00609-1,
s_008um_00177_00408-1,
s_008um_00471_00216-1,
s_008um_00484_00212-1,
s_008um_00518_00391-1,
s_008um_00411_00371-1,
s_008um_00272_00380-1,
s_008um_00134_00235-1,
s_008um_00557_00603-1,
s_008um_00595_00622-1,
s_008um_00354_00389-1,
s_008um_00597_00413-1,
s_008um_00541_00203-1,
s_008um_00365_00369-1,
s_008um_00674_00407-1,
s_008um_00667_00417-1,
s_008um_00661_00228-1,
s_008um_00603_00409-1,
s_008um_00687_00598-1,
s_008um_00244_00592-1,
s_008um_00711_00203-1,
s_008um_00220_00214-1,
s_008um_00147_00233-1,
s_008um_00305_00383-1,
s_008um_00529_00595-1,
s_008um_00158_00236-1,
s_008um_00341_00212-1,
s_008um_00380_00382-1,
s_008um_00505_00383-1,
s_008um_00713_00600-1,
s_008um_00364_00206-1,
s_008um_00269_00387-1,
s_008um_00384_00379-1,
s_008um_00438_00203-1,CS2
s_008um_00116_00229-1,
s_008um_00500_00599-1,
s_008um_00653_00605-1,
s_008um_00342_00612-1,
s_008um_00625_00394-1,
s_008um_00619_00617-1,
s_008um_00521_00208-1,
s_008um_00381_00381-1,
s_008um_00353_00614-1,
s_008um_00595_00193-1,
s_008um_00421_00378-1,
s_008um_00702_00607-1,
s_008um_00474_00395-1,
s_008um_00428_00384-1,
s_008um_00160_00232-1,
s_008um_00386_00217-1,
s_008um_00441_00600-1,
s_008um_00627_00217-1,
s_008um_00480_00206-1,
s_008um_00549_00373-1,
s_008um_00642_00411-1,
s_008um_00356_00370-1,
s_008um_00260_00387-1,
s_008um_00383_00213-1,
s_008um_00376_00608-1,
s_008um_00114_00238-1,
s_008um_00616_00613-1,
s_008um_00272_00216-1,
s_008um_00630_00224-1,
s_008um_00527_00608-1,
s_008um_00654_00210-1,
s_008um_00542_00601-1,
s_008um_00350_00211-1,
s_008um_00573_00217-1,
s_008um_00652_00420-1,
s_008um_00324_00381-1,
s_008um_00569_00604-1,
s_008um_00379_00210-1,
s_008um_00200_00390-1,
s_008um_00572_00394-1,
s_008um_00483_00391-1,
s_008um_00134_00231-1,
s_008um_00253_00373-1,
s_008um_00445_00388-1,
s_008um_00691_00414-1,
s_008um_00431_00390-1,
s_008um_00446_00379-1,
s_008um_00402_00387-1,
s_008um_00699_00610-1,
s_008um_00438_00383-1,
s_008um_00635_00207-1,
s_008um_00224_00385-1,
s_008um_00569_00600-1,
s_008um_00593_00381-1,
s_008um_00365_00370-1,
s_008um_00185_00236-1,
s_008um_00202_00398-1,
s_008um_00151_00233-1,
s_008um_00545_00213-1,
s_008um_00605_00204-1,
s_008um_00552_00388-1,
s_008um_00646_00614-1,
s_008um_00641_00614-1,
s_008um_00450_00206-1,
s_008um_00675_00207-1,
s_008um_00588_00611-1,
s_008um_00389_00386-1,
s_008um_00273_00389-1,
s_008um_00686_00611-1,
s_008um_00517_00388-1,
s_008um_00676_00599-1,
s_008um_00318_00389-1,
s_008um_00263_00607-1,
s_008um_00649_00420-1,
s_008um_00552_00382-1,
s_008um_00464_00593-1,
s_008um_00485_00210-1,
s_008um_00268_00599-1,
s_008um_00230_00587-1,
s_008um_00284_00387-1,
s_008um_00467_00394-1,
s_008um_00199_00216-1,
s_008um_00215_00219-1,
s_008um_00428_00390-1,
s_008um_00487_00387-1,
s_008um_00232_00589-1,
s_008um_00688_00203-1,
s_008um_00579_00226-1,
s_008um_00658_00208-1,
s_008um_00285_00385-1,
s_008um_00262_00220-1,
s_008um_00522_00383-1,
s_008um_00261_00605-1,
s_008um_00558_00380-1,
s_008um_00404_00607-1,
s_008um_00437_00206-1,CS2
s_008um_00598_00199-1,
s_008um_00411_00378-1,
s_008um_00447_00391-1,
s_008um_00670_00612-1,
s_008um_00260_00385-1,
s_008um_00673_00210-1,
s_008um_00698_00423-1,
s_008um_00592_00192-1,
s_008um_00265_00606-1,
s_008um_00539_00383-1,
s_008um_00598_00385-1,
s_008um_00420_00602-1,
s_008um_00162_00227-1,
s_008um_00539_00597-1,
s_008um_00219_00380-1,
s_008um_00676_00408-1,
s_008um_00547_00386-1,
s_008um_00310_00384-1,
s_008um_00609_00206-1,
s_008um_00545_00391-1,
s_008um_00604_00208-1,
s_008um_00552_00601-1,
s_008um_00621_00415-1,
s_008um_00508_00207-1,
s_008um_00676_00422-1,
s_008um_00638_00231-1,
s_008um_00327_00373-1,
s_008um_00253_00384-1,
s_008um_00185_00406-1,
s_008um_00628_00221-1,
s_008um_00561_00219-1,
s_008um_00253_00371-1,
s_008um_00593_00213-1,
s_008um_00594_00617-1,
s_008um_00593_00210-1,
s_008um_00193_00238-1,
s_008um_00530_00390-1,
s_008um_00181_00233-1,
s_008um_00596_00223-1,
s_008um_00664_00223-1,
s_008um_00649_00600-1,
s_008um_00211_00214-1,
s_008um_00682_00206-1,
s_008um_00657_00409-1,
s_008um_00690_00419-1,
s_008um_00432_00605-1,
s_008um_00337_00613-1,
s_008um_00644_00225-1,
s_008um_00449_00389-1,
s_008um_00143_00239-1,
s_008um_00478_00377-1,
s_008um_00586_00380-1,
s_008um_00129_00245-1,
s_008um_00651_00398-1,
s_008um_00328_00210-1,
s_008um_00679_00610-1,
s_008um_00281_00377-1,
s_008um_00478_00593-1,
s_008um_00536_00216-1,
s_008um_00660_00203-1,
s_008um_00640_00230-1,
s_008um_00452_00219-1,CS2
s_008um_00629_00202-1,
s_008um_00593_00606-1,
s_008um_00308_00610-1,
s_008um_00482_00598-1,
s_008um_00370_00386-1,
s_008um_00248_00595-1,
s_008um_00269_00218-1,
s_008um_00507_00202-1,
s_008um_00481_00209-1,
s_008um_00548_00380-1,
s_008um_00201_00224-1,
s_008um_00144_00236-1,
s_008um_00600_00416-1,
s_008um_00655_00619-1,
s_008um_00255_00218-1,
s_008um_00572_00600-1,
s_008um_00235_00216-1,
s_008um_00592_00614-1,
s_008um_00260_00604-1,
s_008um_00652_00214-1,
s_008um_00691_00421-1,
s_008um_00290_00381-1,
s_008um_00577_00384-1,
s_008um_00136_00242-1,
s_008um_00169_00235-1,
s_008um_00653_00223-1,
s_008um_00692_00416-1,
s_008um_00290_00612-1,
s_008um_00645_00595-1,
s_008um_00594_00406-1,
s_008um_00694_00610-1,
s_008um_00413_00393-1,
s_008um_00204_00396-1,
s_008um_00448_00606-1,
s_008um_00346_00608-1,
s_008um_00359_00390-1,
s_008um_00282_00382-1,
s_008um_00668_00204-1,
s_008um_00642_00211-1,
s_008um_00288_00612-1,
s_008um_00186_00394-1,
s_008um_00553_00213-1,
s_008um_00636_00197-1,
s_008um_00504_00211-1,
s_008um_00345_00379-1,
s_008um_00374_00377-1,
s_008um_00594_00226-1,
s_008um_00638_00608-1,
s_008um_00658_00217-1,
s_008um_00219_00397-1,
s_008um_00554_00202-1,
s_008um_00325_00215-1,
s_008um_00250_00390-1,
s_008um_00261_00600-1,
s_008um_00570_00601-1,
s_008um_00330_00601-1,
s_008um_00624_00413-1,
s_008um_00397_00387-1,
s_008um_00278_00216-1,
s_008um_00683_00410-1,
s_008um_00621_00210-1,
s_008um_00502_00373-1,
s_008um_00662_00417-1,
s_008um_00558_00214-1,
s_008um_00597_00210-1,
s_008um_00476_00589-1,
s_008um_00544_00204-1,
s_008um_00250_00222-1,
s_008um_00228_00388-1,
s_008um_00611_00605-1,
s_008um_00487_00386-1,
s_008um_00635_00199-1,
s_008um_00439_00378-1,
s_008um_00655_00231-1,
s_008um_00115_00229-1,
s_008um_00489_00373-1,
s_008um_00304_00208-1,
s_008um_00441_00598-1,
s_008um_00171_00234-1,
s_008um_00623_00604-1,
s_008um_00427_00385-1,
s_008um_00429_00204-1,
s_008um_00401_00603-1,
s_008um_00400_00215-1,
s_008um_00601_00191-1,
s_008um_00446_00388-1,
s_008um_00595_00618-1,
s_008um_00238_00381-1,
s_008um_00409_00600-1,
s_008um_00553_00372-1,
s_008um_00561_00615-1,
s_008um_00434_00394-1,
s_008um_00149_00231-1,
s_008um_00530_00210-1,
s_008um_00654_00404-1,
s_008um_00652_00217-1,
s_008um_00489_00208-1,
s_008um_00498_00591-1,
s_008um_00308_00611-1,
s_008um_00429_00379-1,
s_008um_00426_00210-1,CS2
s_008um_00165_00226-1,
s_008um_00532_00197-1,
s_008um_00351_00381-1,
s_008um_00600_00216-1,
s_008um_00709_00603-1,
s_008um_00310_00611-1,
s_008um_00644_00224-1,
s_008um_00286_00384-1,
s_008um_00450_00217-1,CS2
s_008um_00240_00396-1,
s_008um_00265_00601-1,
s_008um_00294_00382-1,
s_008um_00442_00381-1,
s_008um_00218_00382-1,
s_008um_00596_00408-1,
s_008um_00591_00417-1,
s_008um_00208_00219-1,
s_008um_00366_00600-1,
s_008um_00186_00225-1,
s_008um_00360_00386-1,
s_008um_00698_00412-1,
s_008um_00332_00384-1,
s_008um_00306_00599-1,
s_008um_00642_00622-1,
s_008um_00517_00215-1,
s_008um_00607_00196-1,
s_008um_00334_00613-1,
s_008um_00289_00211-1,
s_008um_00582_00618-1,
s_008um_00557_00595-1,
s_008um_00337_00389-1,
s_008um_00509_00212-1,
s_008um_00281_00605-1,
s_008um_00648_00397-1,
s_008um_00601_00610-1,
s_008um_00517_00201-1,
s_008um_00239_00224-1,
s_008um_00140_00231-1,
s_008um_00531_00606-1,
s_008um_00389_00604-1,
s_008um_00435_00389-1,
s_008um_00136_00232-1,
s_008um_00177_00231-1,
s_008um_00573_00378-1,
s_008um_00299_00390-1,
s_008um_00215_00388-1,
s_008um_00565_00199-1,
s_008um_00580_00213-1,
s_008um_00573_00198-1,
s_008um_00267_00372-1,
s_008um_00513_00596-1,
s_008um_00294_00376-1,
s_008um_00327_00607-1,
s_008um_00268_00371-1,
s_008um_00390_00600-1,
s_008um_00318_00212-1,
s_008um_00543_00209-1,
s_008um_00636_00205-1,
s_008um_00182_00224-1,
s_008um_00453_00391-1,
s_008um_00247_00602-1,
s_008um_00332_00387-1,
s_008um_00706_00418-1,
s_008um_00634_00615-1,
s_008um_00271_00608-1,
s_008um_00200_00221-1,
s_008um_00109_00241-1,
s_008um_00596_00218-1,
s_008um_00396_00219-1,
s_008um_00279_00600-1,
s_008um_00226_00213-1,
s_008um_00645_00412-1,
s_008um_00664_00597-1,
s_008um_00632_00394-1,
s_008um_00448_00380-1,
s_008um_00371_00384-1,
s_008um_00293_00611-1,
s_008um_00461_00597-1,
s_008um_00282_00385-1,
s_008um_00423_00377-1,
s_008um_00388_00375-1,
s_008um_00711_00599-1,
s_008um_00304_00603-1,
s_008um_00124_00232-1,
s_008um_00302_00386-1,
s_008um_00529_00382-1,
s_008um_00401_00370-1,
s_008um_00610_00217-1,
s_008um_00556_00201-1,
s_008um_00343_00606-1,
s_008um_00433_00595-1,
s_008um_00274_00603-1,
s_008um_00340_00377-1,
s_008um_00616_00208-1,
s_008um_00351_00613-1,
s_008um_00216_00398-1,
s_008um_00688_00599-1,
s_008um_00206_00397-1,
s_008um_00210_00226-1,
s_008um_00217_00395-1,
s_008um_00429_00201-1,
s_008um_00449_00594-1,
s_008um_00589_00382-1,
s_008um_00647_00620-1,
s_008um_00132_00236-1,
s_008um_00552_00216-1,
s_008um_00370_00374-1,
s_008um_00505_00387-1,
s_008um_00584_00200-1,
s_008um_00367_00212-1,
s_008um_00377_00395-1,
s_008um_00658_00204-1,
s_008um_00339_00209-1,
s_008um_00636_00217-1,
s_008um_00435_00600-1,
s_008um_00486_00383-1,
s_008um_00317_00368-1,
s_008um_00544_00383-1,
s_008um_00260_00384-1,
s_008um_00627_00195-1,
s_008um_00599_00606-1,
s_008um_00636_00393-1,
s_008um_00580_00602-1,
s_008um_00542_00375-1,
s_008um_00239_00396-1,
s_008um_00551_00200-1,
s_008um_00316_00388-1,
s_008um_00389_00385-1,
s_008um_00695_00612-1,
s_008um_00171_00242-1,
s_008um_00320_00205-1,
s_008um_00622_00600-1,
s_008um_00679_00207-1,
s_008um_00707_00414-1,
s_008um_00649_00618-1,
s_008um_00278_00220-1,
s_008um_00458_00600-1,
s_008um_00253_00378-1,
s_008um_00534_00597-1,
s_008um_00321_00607-1,
s_008um_00321_00599-1,
s_008um_00665_00609-1,
s_008um_00283_00369-1,
s_008um_00530_00604-1,
s_008um_00159_00404-1,
s_008um_00241_00391-1,
s_008um_00303_00369-1,
s_008um_00619_00201-1,
s_008um_00605_00613-1,
s_008um_00422_00391-1,
s_008um_00592_00216-1,
s_008um_00471_00208-1,
s_008um_00700_00610-1,
s_008um_00529_00392-1,
s_008um_00587_00216-1,
s_008um_00560_00606-1,
s_008um_00509_00376-1,
s_008um_00226_00393-1,
s_008um_00646_00410-1,
s_008um_00578_00221-1,
s_008um_00652_00594-1,
s_008um_00248_00225-1,
s_008um_00661_00598-1,
s_008um_00225_00597-1,
s_008um_00310_00383-1,
s_008um_00619_00609-1,
s_008um_00206_00223-1,
s_008um_00522_00608-1,
s_008um_00641_00605-1,
s_008um_00615_00413-1,
s_008um_00488_00212-1,
s_008um_00634_00403-1,
s_008um_00195_00230-1,
s_008um_00684_00615-1,
s_008um_00580_00599-1,
s_008um_00258_00596-1,
s_008um_00707_00423-1,
s_008um_00520_00209-1,
s_008um_00685_00606-1,
s_008um_00209_00395-1,
s_008um_00162_00230-1,
s_008um_00394_00372-1,
s_008um_00612_00598-1,
s_008um_00579_00217-1,
s_008um_00624_00623-1,
s_008um_00436_00597-1,
s_008um_00492_00602-1,
s_008um_00640_00232-1,
s_008um_00661_00614-1,
s_008um_00403_00376-1,
s_008um_00208_00397-1,
s_008um_00535_00214-1,
s_008um_00592_00221-1,
s_008um_00304_00599-1,
s_008um_00462_00207-1,
s_008um_00642_00412-1,
s_008um_00627_00221-1,
s_008um_00629_00198-1,
s_008um_00257_00383-1,
s_008um_00714_00604-1,
s_008um_00655_00221-1,
s_008um_00291_00608-1,
s_008um_00257_00598-1,
s_008um_00556_00609-1,
s_008um_00506_00198-1,
s_008um_00202_00227-1,
s_008um_00711_00601-1,
s_008um_00159_00411-1,
s_008um_00460_00594-1,
s_008um_00437_00383-1,
s_008um_00232_00391-1,
s_008um_00319_00371-1,
s_008um_00611_00219-1,
s_008um_00445_00391-1,
s_008um_00690_00212-1,
s_008um_00520_00385-1,
s_008um_00529_00380-1,
s_008um_00470_00214-1,
s_008um_00598_00214-1,
s_008um_00390_00370-1,
s_008um_00462_00597-1,
s_008um_00383_00370-1,
s_008um_00546_00205-1,
s_008um_00312_00375-1,
s_008um_00610_00611-1,
s_008um_00477_00377-1,
s_008um_00499_00599-1,
s_008um_00324_00606-1,
s_008um_00687_00207-1,
s_008um_00690_00611-1,
s_008um_00286_00383-1,
s_008um_00293_00599-1,
s_008um_00597_00613-1,
s_008um_00247_00389-1,
s_008um_00425_00599-1,
s_008um_00399_00375-1,
s_008um_00508_00603-1,
s_008um_00610_00222-1,
s_008um_00351_00374-1,
s_008um_00464_00381-1,
s_008um_00402_00598-1,
s_008um_00480_00382-1,
s_008um_00651_00229-1,
s_008um_00469_00392-1,
s_008um_00616_00222-1,
s_008um_00570_00204-1,
s_008um_00636_00606-1,
s_008um_00380_00379-1,
s_008um_00135_00238-1,
s_008um_00444_00379-1,
s_008um_00337_00377-1,
s_008um_00167_00243-1,
s_008um_00570_00197-1,
s_008um_00273_00218-1,
s_008um_00572_00603-1,
s_008um_00439_00604-1,
s_008um_00605_00215-1,
s_008um_00621_00214-1,
s_008um_00701_00603-1,
s_008um_00366_00607-1,
s_008um_00555_00609-1,
s_008um_00612_00416-1,
s_008um_00416_00603-1,
s_008um_00485_00590-1,
s_008um_00686_00420-1,
s_008um_00473_00600-1,
s_008um_00539_00212-1,
s_008um_00109_00229-1,
s_008um_00609_00614-1,
s_008um_00221_00385-1,
s_008um_00282_00383-1,
s_008um_00698_00208-1,
s_008um_00687_00216-1,
s_008um_00461_00213-1,CS2
s_008um_00194_00230-1,
s_008um_00676_00608-1,
s_008um_00683_00602-1,
s_008um_00559_00375-1,
s_008um_00196_00401-1,
s_008um_00574_00216-1,
s_008um_00615_00607-1,
s_008um_00255_00389-1,
s_008um_00333_00606-1,
s_008um_00277_00212-1,
s_008um_00670_00597-1,
s_008um_00504_00591-1,
s_008um_00430_00211-1,CS2
s_008um_00345_00608-1,
s_008um_00653_00227-1,
s_008um_00269_00377-1,
s_008um_00277_00380-1,
s_008um_00384_00604-1,
s_008um_00280_00384-1,
s_008um_00541_00391-1,
s_008um_00583_00619-1,
s_008um_00632_00616-1,
s_008um_00598_00604-1,
s_008um_00256_00371-1,
s_008um_00696_00418-1,
s_008um_00479_00201-1,
s_008um_00146_00243-1,
s_008um_00213_00384-1,
s_008um_00174_00402-1,
s_008um_00175_00229-1,
s_008um_00371_00602-1,
s_008um_00506_00391-1,
s_008um_00611_00231-1,
s_008um_00618_00602-1,
s_008um_00626_00207-1,
s_008um_00668_00410-1,
s_008um_00582_00620-1,
s_008um_00500_00602-1,
s_008um_00677_00211-1,
s_008um_00397_00385-1,
s_008um_00224_00225-1,
s_008um_00532_00208-1,
s_008um_00670_00602-1,
s_008um_00615_00204-1,
s_008um_00231_00587-1,
s_008um_00161_00251-1,
s_008um_00188_00396-1,
s_008um_00686_00205-1,
s_008um_00659_00219-1,
s_008um_00599_00602-1,
s_008um_00598_00411-1,
s_008um_00461_00212-1,CS2
s_008um_00485_00202-1,
s_008um_00392_00374-1,
s_008um_00636_00411-1,
s_008um_00393_00373-1,
s_008um_00476_00379-1,
s_008um_00310_00214-1,
s_008um_00306_00377-1,
s_008um_00379_00380-1,
s_008um_00537_00215-1,
s_008um_00684_00210-1,
s_008um_00663_00419-1,
s_008um_00214_00400-1,
s_008um_00166_00404-1,
s_008um_00237_00223-1,
s_008um_00503_00208-1,
s_008um_00683_00204-1,
s_008um_00172_00237-1,
s_008um_00646_00613-1,
s_008um_00341_00374-1,
s_008um_00633_00411-1,
s_008um_00575_00618-1,
s_008um_00341_00372-1,
s_008um_00565_00208-1,
s_008um_00630_00623-1,
s_008um_00560_00214-1,
s_008um_00538_00369-1,
s_008um_00211_00224-1,
s_008um_00274_00219-1,
s_008um_00136_00231-1,
s_008um_00243_00601-1,
s_008um_00397_00603-1,
s_008um_00175_00236-1,
s_008um_00319_00388-1,
s_008um_00587_00217-1,
s_008um_00166_00406-1,
s_008um_00340_00212-1,
s_008um_00214_00394-1,
s_008um_00221_00379-1,
s_008um_00501_00201-1,
s_008um_00374_00603-1,
s_008um_00704_00411-1,
s_008um_00359_00205-1,
s_008um_00638_00594-1,
s_008um_00373_00378-1,
s_008um_00566_00383-1,
s_008um_00680_00206-1,
s_008um_00603_00213-1,
s_008um_00517_00372-1,
s_008um_00276_00380-1,
s_008um_00340_00368-1,
s_008um_00340_00598-1,
s_008um_00578_00416-1,
s_008um_00517_00596-1,
s_008um_00624_00601-1,
s_008um_00532_00593-1,
s_008um_00522_00377-1,
s_008um_00599_00392-1,
s_008um_00375_00379-1,
s_008um_00639_00624-1,
s_008um_00569_00598-1,
s_008um_00335_00208-1,
s_008um_00633_00212-1,
s_008um_00339_00210-1,
s_008um_00426_00599-1,
s_008um_00628_00609-1,
s_008um_00192_00222-1,
s_008um_00434_00383-1,
s_008um_00364_00387-1,
s_008um_00628_00222-1,
s_008um_00406_00370-1,
s_008um_00208_00214-1,
s_008um_00641_00618-1,
s_008um_00307_00372-1,
s_008um_00535_00202-1,
s_008um_00210_00388-1,
s_008um_00286_00217-1,
s_008um_00127_00239-1,
s_008um_00635_00604-1,
s_008um_00558_00391-1,
s_008um_00236_00386-1,
s_008um_00251_00599-1,
s_008um_00325_00390-1,
s_008um_00569_00377-1,
s_008um_00651_00401-1,
s_008um_00335_00379-1,
s_008um_00381_00372-1,
s_008um_00457_00391-1,
s_008um_00559_00204-1,
s_008um_00487_00372-1,
s_008um_00658_00228-1,
s_008um_00693_00600-1,
s_008um_00431_00207-1,CS2
s_008um_00677_00214-1,
s_008um_00330_00602-1,
s_008um_00351_00601-1,
s_008um_00620_00394-1,
s_008um_00586_00621-1,
s_008um_00145_00239-1,
s_008um_00395_00391-1,
s_008um_00546_00370-1,
s_008um_00539_00378-1,
s_008um_00607_00205-1,
s_008um_00273_00598-1,
s_008um_00210_00393-1,
s_008um_00376_00214-1,
s_008um_00299_00371-1,
s_008um_00558_00616-1,
s_008um_00491_00588-1,
s_008um_00539_00382-1,
s_008um_00662_00412-1,
s_008um_00714_00608-1,
s_008um_00579_00413-1,
s_008um_00613_00615-1,
s_008um_00608_00207-1,
s_008um_00589_00393-1,
s_008um_00332_00604-1,
s_008um_00303_00380-1,
s_008um_00661_00227-1,
s_008um_00504_00380-1,
s_008um_00602_00604-1,
s_008um_00527_00388-1,
s_008um_00475_00601-1,
s_008um_00532_00394-1,
s_008um_00646_00212-1,
s_008um_00492_00379-1,
s_008um_00616_00197-1,
s_008um_00604_00200-1,
s_008um_00396_00607-1,
s_008um_00514_00608-1,
s_008um_00475_00212-1,
s_008um_00564_00197-1,
s_008um_00571_00619-1,
s_008um_00376_00378-1,
s_008um_00648_00414-1,
s_008um_00576_00220-1,
s_008um_00664_00217-1,
s_008um_00337_00384-1,
s_008um_00662_00219-1,
s_008um_00619_00216-1,
s_008um_00465_00394-1,
s_008um_00508_00204-1,
s_008um_00572_00220-1,
s_008um_00549_00384-1,
s_008um_00441_00387-1,
s_008um_00426_00209-1,CS2
s_008um_00621_00389-1,
s_008um_00328_00373-1,
s_008um_00480_00592-1,
s_008um_00578_00378-1,
s_008um_00205_00402-1,
s_008um_00159_00249-1,
s_008um_00535_00374-1,
s_008um_00644_00207-1,
s_008um_00529_00195-1,
s_008um_00424_00210-1,CS2
s_008um_00651_00418-1,
s_008um_00578_00217-1,
s_008um_00422_00386-1,
s_008um_00250_00605-1,
s_008um_00417_00381-1,
s_008um_00404_00608-1,
s_008um_00641_00404-1,
s_008um_00483_00205-1,
s_008um_00311_00371-1,
s_008um_00172_00238-1,
s_008um_00424_00216-1,CS2
s_008um_00475_00211-1,
s_008um_00523_00372-1,
s_008um_00421_00390-1,
s_008um_00413_00602-1,
s_008um_00571_00609-1,
s_008um_00428_00206-1,CS2
s_008um_00642_00608-1,
s_008um_00412_00213-1,
s_008um_00630_00225-1,
s_008um_00446_00601-1,
s_008um_00634_00605-1,
s_008um_00464_00210-1,
s_008um_00190_00223-1,
s_008um_00536_00201-1,
s_008um_00698_00609-1,
s_008um_00277_00604-1,
s_008um_00627_00206-1,
s_008um_00253_00600-1,
s_008um_00628_00608-1,
s_008um_00584_00197-1,
s_008um_00577_00210-1,
s_008um_00489_00587-1,
s_008um_00500_00390-1,
s_008um_00282_00212-1,
s_008um_00241_00387-1,
s_008um_00187_00235-1,
s_008um_00479_00378-1,
s_008um_00262_00221-1,
s_008um_00661_00608-1,
s_008um_00220_00387-1,
s_008um_00640_00621-1,
s_008um_00545_00380-1,
s_008um_00395_00382-1,
s_008um_00652_00206-1,
s_008um_00581_00598-1,
s_008um_00386_00380-1,
s_008um_00652_00413-1,
s_008um_00622_00397-1,
s_008um_00590_00411-1,
s_008um_00554_00377-1,
s_008um_00485_00381-1,
s_008um_00650_00609-1,
s_008um_00305_00365-1,
s_008um_00518_00393-1,
s_008um_00621_00230-1,
s_008um_00510_00373-1,
s_008um_00520_00596-1,
s_008um_00516_00601-1,
s_008um_00643_00235-1,
s_008um_00408_00374-1,
s_008um_00388_00603-1,
s_008um_00171_00236-1,
s_008um_00363_00386-1,
s_008um_00380_00217-1,
s_008um_00428_00380-1,
s_008um_00691_00604-1,
s_008um_00557_00384-1,
s_008um_00711_00597-1,
s_008um_00626_00603-1,
s_008um_00385_00599-1,
s_008um_00594_00607-1,
s_008um_00591_00415-1,
s_008um_00700_00208-1,
s_008um_00715_00605-1,
s_008um_00210_00223-1,
s_008um_00251_00603-1,
s_008um_00603_00194-1,
s_008um_00375_00386-1,
s_008um_00120_00233-1,
s_008um_00341_00614-1,
s_008um_00332_00369-1,
s_008um_00457_00394-1,
s_008um_00661_00619-1,
s_008um_00695_00418-1,
s_008um_00500_00603-1,
s_008um_00182_00403-1,
s_008um_00652_00619-1,
s_008um_00660_00407-1,
s_008um_00153_00405-1,
s_008um_00424_00605-1,
s_008um_00567_00211-1,
s_008um_00238_00393-1,
s_008um_00361_00388-1,
s_008um_00575_00202-1,
s_008um_00671_00216-1,
s_008um_00465_00595-1,
s_008um_00632_00414-1,
s_008um_00539_00610-1,
s_008um_00326_00372-1,
s_008um_00408_00608-1,
s_008um_00132_00227-1,
s_008um_00300_00210-1,
s_008um_00644_00603-1,
s_008um_00368_00381-1,
s_008um_00369_00207-1,
s_008um_00350_00600-1,
s_008um_00344_00205-1,
s_008um_00240_00383-1,
s_008um_00530_00384-1,
s_008um_00497_00199-1,
s_008um_00393_00599-1,
s_008um_00664_00413-1,
s_008um_00243_00221-1,
s_008um_00686_00619-1,
s_008um_00594_00606-1,
s_008um_00377_00616-1,
s_008um_00612_00406-1,
s_008um_00579_00204-1,
s_008um_00358_00394-1,
s_008um_00576_00599-1,
s_008um_00134_00233-1,
s_008um_00353_00599-1,
s_008um_00633_00219-1,
s_008um_00632_00396-1,
s_008um_00679_00412-1,
s_008um_00344_00607-1,
s_008um_00637_00606-1,
s_008um_00578_00226-1,
s_008um_00640_00215-1,
s_008um_00428_00209-1,CS2
s_008um_00171_00405-1,
s_008um_00164_00234-1,
s_008um_00524_00610-1,
s_008um_00710_00420-1,
s_008um_00602_00389-1,
s_008um_00242_00395-1,
s_008um_00393_00613-1,
s_008um_00178_00400-1,
s_008um_00613_00409-1,
s_008um_00484_00209-1,
s_008um_00404_00378-1,
s_008um_00254_00605-1,
s_008um_00540_00600-1,
s_008um_00577_00393-1,
s_008um_00332_00372-1,
s_008um_00463_00213-1,CS2
s_008um_00645_00603-1,
s_008um_00485_00377-1,
s_008um_00568_00210-1,
s_008um_00276_00224-1,
s_008um_00367_00394-1,
s_008um_00318_00211-1,
s_008um_00675_00206-1,
s_008um_00247_00597-1,
s_008um_00591_00622-1,
s_008um_00166_00235-1,
s_008um_00281_00601-1,
s_008um_00357_00614-1,
s_008um_00225_00386-1,
s_008um_00684_00216-1,
s_008um_00630_00231-1,
s_008um_00539_00376-1,
s_008um_00341_00384-1,
s_008um_00346_00602-1,
s_008um_00398_00371-1,
s_008um_00486_00201-1,
s_008um_00276_00223-1,
s_008um_00582_00603-1,
s_008um_00250_00374-1,
s_008um_00391_00220-1,
s_008um_00413_00378-1,
s_008um_00348_00599-1,
s_008um_00397_00606-1,
s_008um_00322_00598-1,
s_008um_00615_00224-1,
s_008um_00138_00244-1,
s_008um_00676_00417-1,
s_008um_00564_00598-1,
s_008um_00423_00385-1,
s_008um_00302_00369-1,
s_008um_00719_00606-1,
s_008um_00397_00388-1,
s_008um_00530_00196-1,
s_008um_00671_00208-1,
s_008um_00672_00221-1,
s_008um_00308_00370-1,
s_008um_00238_00600-1,
s_008um_00197_00400-1,
s_008um_00502_00606-1,
s_008um_00714_00412-1,
s_008um_00332_00204-1,
s_008um_00215_00226-1,
s_008um_00188_00228-1,
s_008um_00602_00392-1,
s_008um_00632_00615-1,
s_008um_00249_00595-1,
s_008um_00218_00395-1,
s_008um_00499_00215-1,
s_008um_00578_00215-1,
s_008um_00453_00595-1,
s_008um_00207_00217-1,
s_008um_00304_00374-1,
s_008um_00323_00598-1,
s_008um_00302_00606-1,
s_008um_00181_00229-1,
s_008um_00582_00208-1,
s_008um_00662_00220-1,
s_008um_00485_00379-1,
s_008um_00315_00373-1,
s_008um_00442_00598-1,
s_008um_00691_00619-1,
s_008um_00175_00403-1,
s_008um_00361_00205-1,
s_008um_00397_00381-1,
s_008um_00581_00389-1,
s_008um_00611_00406-1,
s_008um_00200_00231-1,
s_008um_00373_00384-1,
s_008um_00370_00376-1,
s_008um_00622_00408-1,
s_008um_00477_00588-1,
s_008um_00572_00210-1,
s_008um_00165_00229-1,
s_008um_00634_00225-1,
s_008um_00543_00606-1,
s_008um_00631_00191-1,
s_008um_00335_00378-1,
s_008um_00688_00415-1,
s_008um_00484_00383-1,
s_008um_00619_00392-1,
s_008um_00387_00599-1,
s_008um_00263_00370-1,
s_008um_00431_00206-1,CS2
s_008um_00583_00606-1,
s_008um_00705_00608-1,
s_008um_00494_00216-1,
s_008um_00588_00392-1,
s_008um_00505_00212-1,
s_008um_00257_00599-1,
s_008um_00267_00379-1,
s_008um_00520_00204-1,
s_008um_00638_00420-1,
s_008um_00370_00207-1,
s_008um_00549_00388-1,
s_008um_00216_00399-1,
s_008um_00291_00215-1,
s_008um_00491_00379-1,
s_008um_00210_00397-1,
s_008um_00534_00200-1,
s_008um_00225_00218-1,
s_008um_00461_00388-1,
s_008um_00373_00608-1,
s_008um_00679_00421-1,
s_008um_00332_00206-1,
s_008um_00247_00370-1,
s_008um_00618_00217-1,
s_008um_00528_00393-1,
s_008um_00537_00596-1,
s_008um_00481_00217-1,
s_008um_00327_00606-1,
s_008um_00608_00611-1,
s_008um_00399_00392-1,
s_008um_00699_00617-1,
s_008um_00149_00236-1,
s_008um_00586_00391-1,
s_008um_00675_00217-1,
s_008um_00556_00216-1,
s_008um_00649_00224-1,
s_008um_00564_00599-1,
s_008um_00621_00208-1,
s_008um_00454_00605-1,
s_008um_00410_00603-1,
s_008um_00444_00606-1,
s_008um_00491_00389-1,
s_008um_00508_00594-1,
s_008um_00539_00387-1,
s_008um_00215_00213-1,
s_008um_00315_00603-1,
s_008um_00576_00207-1,
s_008um_00469_00599-1,
s_008um_00263_00219-1,
s_008um_00333_00371-1,
s_008um_00388_00612-1,
s_008um_00193_00227-1,
s_008um_00472_00387-1,
s_008um_00685_00419-1,
s_008um_00454_00214-1,CS2
s_008um_00619_00607-1,
s_008um_00656_00207-1,
s_008um_00382_00611-1,
s_008um_00166_00240-1,
s_008um_00580_00195-1,
s_008um_00322_00374-1,
s_008um_00142_00242-1,
s_008um_00429_00387-1,
s_008um_00610_00416-1,
s_008um_00438_00604-1,
s_008um_00407_00214-1,
s_008um_00546_00601-1,
s_008um_00547_00213-1,
s_008um_00293_00387-1,
s_008um_00306_00214-1,
s_008um_00628_00595-1,
s_008um_00181_00398-1,
s_008um_00258_00223-1,
s_008um_00585_00194-1,
s_008um_00204_00225-1,
s_008um_00585_00388-1,
s_008um_00563_00217-1,
s_008um_00271_00606-1,
s_008um_00480_00590-1,
s_008um_00658_00207-1,
s_008um_00707_00204-1,
s_008um_00177_00405-1,
s_008um_00439_00219-1,CS2
s_008um_00295_00212-1,
s_008um_00632_00216-1,
s_008um_00261_00224-1,
s_008um_00631_00223-1,
s_008um_00472_00214-1,
s_008um_00491_00391-1,
s_008um_00260_00213-1,
s_008um_00344_00608-1,
s_008um_00546_00592-1,
s_008um_00547_00206-1,
s_008um_00200_00224-1,
s_008um_00522_00199-1,
s_008um_00448_00388-1,
s_008um_00260_00372-1,
s_008um_00438_00213-1,CS2
s_008um_00450_00392-1,
s_008um_00331_00614-1,
s_008um_00335_00613-1,
s_008um_00157_00407-1,
s_008um_00529_00600-1,
s_008um_00377_00212-1,
s_008um_00584_00615-1,
s_008um_00272_00369-1,
s_008um_00246_00371-1,
s_008um_00409_00378-1,
s_008um_00182_00233-1,
s_008um_00132_00226-1,
s_008um_00379_00391-1,
s_008um_00403_00602-1,
s_008um_00447_00392-1,
s_008um_00632_00399-1,
s_008um_00676_00617-1,
s_008um_00185_00233-1,
s_008um_00419_00394-1,
s_008um_00616_00204-1,
s_008um_00385_00383-1,
s_008um_00636_00618-1,
s_008um_00319_00206-1,
s_008um_00624_00614-1,
s_008um_00617_00200-1,
s_008um_00256_00217-1,
s_008um_00555_00379-1,
s_008um_00647_00608-1,
s_008um_00370_00607-1,
s_008um_00597_00612-1,
s_008um_00462_00601-1,
s_008um_00240_00224-1,
s_008um_00536_00378-1,
s_008um_00542_00376-1,
s_008um_00643_00605-1,
s_008um_00471_00602-1,
s_008um_00223_00398-1,
s_008um_00506_00588-1,
s_008um_00191_00399-1,
s_008um_00386_00388-1,
s_008um_00520_00388-1,
s_008um_00247_00600-1,
s_008um_00305_00215-1,
s_008um_00545_00608-1,
s_008um_00235_00379-1,
s_008um_00475_00590-1,
s_008um_00670_00621-1,
s_008um_00606_00401-1,
s_008um_00703_00419-1,
s_008um_00506_00604-1,
s_008um_00120_00241-1,
s_008um_00578_00197-1,
s_008um_00205_00221-1,
s_008um_00226_00218-1,
s_008um_00565_00609-1,
s_008um_00661_00201-1,
s_008um_00694_00596-1,
s_008um_00586_00195-1,
s_008um_00517_00598-1,
s_008um_00566_00213-1,
s_008um_00485_00600-1,
s_008um_00240_00221-1,
s_008um_00445_00217-1,CS2
s_008um_00609_00223-1,
s_008um_00530_00386-1,
s_008um_00586_00383-1,
s_008um_00562_00206-1,
s_008um_00604_00230-1,
s_008um_00342_00371-1,
s_008um_00142_00243-1,
s_008um_00584_00618-1,
s_008um_00541_00596-1,
s_008um_00262_00383-1,
s_008um_00441_00605-1,
s_008um_00176_00407-1,
s_008um_00453_00606-1,
s_008um_00614_00610-1,
s_008um_00660_00602-1,
s_008um_00123_00228-1,
s_008um_00518_00215-1,
s_008um_00451_00596-1,
s_008um_00190_00219-1,
s_008um_00697_00411-1,
s_008um_00659_00619-1,
s_008um_00687_00612-1,
s_008um_00698_00421-1,
s_008um_00633_00223-1,
s_008um_00695_00608-1,
s_008um_00479_00214-1,
s_008um_00136_00244-1,
s_008um_00643_00406-1,
s_008um_00444_00211-1,CS2
s_008um_00701_00415-1,
s_008um_00379_00209-1,
s_008um_00276_00221-1,
s_008um_00588_00201-1,
s_008um_00605_00602-1,
s_008um_00492_00386-1,
s_008um_00202_00217-1,
s_008um_00624_00205-1,
s_008um_00304_00366-1,
s_008um_00647_00605-1,
s_008um_00623_00219-1,
s_008um_00702_00606-1,
s_008um_00300_00382-1,
s_008um_00373_00383-1,
s_008um_00244_00385-1,
s_008um_00661_00611-1,
s_008um_00299_00599-1,
s_008um_00547_00195-1,
s_008um_00447_00394-1,
s_008um_00640_00419-1,
s_008um_00637_00415-1,
s_008um_00403_00609-1,
s_008um_00642_00604-1,
s_008um_00158_00238-1,
s_008um_00623_00603-1,
s_008um_00298_00373-1,
s_008um_00366_00614-1,
s_008um_00246_00603-1,
s_008um_00536_00383-1,
s_008um_00431_00604-1,
s_008um_00318_00598-1,
s_008um_00342_00208-1,
s_008um_00372_00388-1,
s_008um_00339_00600-1,
s_008um_00557_00219-1,
s_008um_00665_00408-1,
s_008um_00559_00377-1,
s_008um_00548_00194-1,
s_008um_00374_00383-1,
s_008um_00217_00216-1,
s_008um_00535_00212-1,
s_008um_00213_00398-1,
s_008um_00276_00373-1,
s_008um_00659_00221-1,
s_008um_00272_00214-1,
s_008um_00664_00622-1,
s_008um_00580_00601-1,
s_008um_00462_00594-1,
s_008um_00605_00207-1,
s_008um_00591_00608-1,
s_008um_00359_00378-1,
s_008um_00433_00598-1,
s_008um_00145_00228-1,
s_008um_00613_00199-1,
s_008um_00400_00604-1,
s_008um_00663_00418-1,
s_008um_00578_00216-1,
s_008um_00429_00211-1,CS2
s_008um_00608_00201-1,
s_008um_00539_00593-1,
s_008um_00462_00391-1,
s_008um_00575_00219-1,
s_008um_00705_00598-1,
s_008um_00421_00600-1,
s_008um_00523_00590-1,
s_008um_00498_00387-1,
s_008um_00228_00219-1,
s_008um_00549_00195-1,
s_008um_00672_00613-1,
s_008um_00155_00229-1,
s_008um_00366_00394-1,
s_008um_00298_00366-1,
s_008um_00319_00612-1,
s_008um_00413_00390-1,
s_008um_00712_00621-1,
s_008um_00537_00593-1,
s_008um_00538_00389-1,
s_008um_00150_00228-1,
s_008um_00671_00407-1,
s_008um_00264_00381-1,
s_008um_00567_00608-1,
s_008um_00301_00608-1,
s_008um_00608_00222-1,
s_008um_00434_00395-1,
s_008um_00435_00594-1,
s_008um_00268_00597-1,
s_008um_00508_00213-1,
s_008um_00545_00393-1,
s_008um_00672_00612-1,
s_008um_00397_00218-1,
s_008um_00279_00370-1,
s_008um_00492_00200-1,
s_008um_00186_00393-1,
s_008um_00284_00381-1,
s_008um_00472_00205-1,
s_008um_00377_00215-1,
s_008um_00451_00378-1,
s_008um_00354_00605-1,
s_008um_00475_00217-1,
s_008um_00697_00601-1,
s_008um_00119_00248-1,
s_008um_00668_00620-1,
s_008um_00514_00376-1,
s_008um_00630_00595-1,
s_008um_00665_00418-1,
s_008um_00604_00209-1,
s_008um_00331_00205-1,
s_008um_00651_00406-1,
s_008um_00630_00205-1,
s_008um_00647_00227-1,
s_008um_00516_00382-1,
s_008um_00206_00387-1,
s_008um_00611_00407-1,
s_008um_00611_00202-1,
s_008um_00624_00199-1,
s_008um_00253_00597-1,
s_008um_00629_00596-1,
s_008um_00471_00378-1,
s_008um_00519_00606-1,
s_008um_00119_00229-1,
s_008um_00628_00604-1,
s_008um_00501_00589-1,
s_008um_00464_00209-1,
s_008um_00515_00603-1,
s_008um_00650_00621-1,
s_008um_00186_00222-1,
s_008um_00518_00204-1,
s_008um_00686_00610-1,
s_008um_00556_00218-1,
s_008um_00468_00595-1,
s_008um_00661_00596-1,
s_008um_00376_00382-1,
s_008um_00275_00377-1,
s_008um_00663_00221-1,
s_008um_00626_00605-1,
s_008um_00144_00240-1,
s_008um_00124_00242-1,
s_008um_00625_00395-1,
s_008um_00418_00376-1,
s_008um_00550_00600-1,
s_008um_00603_00211-1,
s_008um_00568_00379-1,
s_008um_00711_00608-1,
s_008um_00595_00197-1,
s_008um_00637_00231-1,
s_008um_00631_00409-1,
s_008um_00639_00224-1,
s_008um_00668_00613-1,
s_008um_00643_00397-1,
s_008um_00194_00403-1,
s_008um_00146_00239-1,
s_008um_00528_00202-1,
s_008um_00319_00214-1,
s_008um_00210_00213-1,
s_008um_00554_00219-1,
s_008um_00233_00587-1,
s_008um_00637_00214-1,
s_008um_00308_00213-1,
s_008um_00641_00616-1,
s_008um_00594_00610-1,
s_008um_00540_00391-1,
s_008um_00349_00383-1,
s_008um_00438_00394-1,
s_008um_00543_00376-1,
s_008um_00449_00207-1,
s_008um_00486_00379-1,
s_008um_00647_00213-1,
s_008um_00589_00395-1,
s_008um_00256_00384-1,
s_008um_00529_00390-1,
s_008um_00441_00381-1,
s_008um_00677_00213-1,
s_008um_00628_00402-1,
s_008um_00383_00381-1,
s_008um_00557_00195-1,
s_008um_00662_00410-1,
s_008um_00358_00205-1,
s_008um_00631_00396-1,
s_008um_00449_00606-1,
s_008um_00563_00373-1,
s_008um_00443_00597-1,
s_008um_00185_00231-1,
s_008um_00410_00600-1,
s_008um_00261_00216-1,
s_008um_00271_00604-1,
s_008um_00525_00204-1,
s_008um_00286_00375-1,
s_008um_00484_00375-1,
s_008um_00240_00598-1,
s_008um_00171_00403-1,
s_008um_00545_00609-1,
s_008um_00319_00212-1,
s_008um_00585_00600-1,
s_008um_00456_00214-1,CS2
s_008um_00553_00212-1,
s_008um_00587_00410-1,
s_008um_00612_00223-1,
s_008um_00673_00600-1,
s_008um_00189_00402-1,
s_008um_00169_00228-1,
s_008um_00267_00605-1,
s_008um_00590_00410-1,
s_008um_00507_00380-1,
s_008um_00585_00206-1,
s_008um_00113_00242-1,
s_008um_00570_00614-1,
s_008um_00585_00196-1,
s_008um_00638_00217-1,
s_008um_00431_00217-1,CS2
s_008um_00567_00600-1,
s_008um_00674_00608-1,
s_008um_00528_00596-1,
s_008um_00639_00225-1,
s_008um_00345_00389-1,
s_008um_00649_00614-1,
s_008um_00666_00616-1,
s_008um_00506_00371-1,
s_008um_00500_00373-1,
s_008um_00482_00209-1,
s_008um_00711_00615-1,
s_008um_00647_00230-1,
s_008um_00138_00240-1,
s_008um_00361_00604-1,
s_008um_00251_00390-1,
s_008um_00332_00381-1,
s_008um_00256_00601-1,
s_008um_00526_00604-1,
s_008um_00718_00606-1,
s_008um_00543_00387-1,
s_008um_00408_00391-1,
s_008um_00565_00602-1,
s_008um_00115_00245-1,
s_008um_00360_00611-1,
s_008um_00163_00244-1,
s_008um_00245_00224-1,
s_008um_00247_00593-1,
s_008um_00626_00223-1,
s_008um_00495_00206-1,
s_008um_00264_00601-1,
s_008um_00364_00379-1,
s_008um_00587_00192-1,
s_008um_00644_00234-1,
s_008um_00275_00218-1,
s_008um_00519_00608-1,
s_008um_00405_00214-1,
s_008um_00585_00602-1,
s_008um_00272_00220-1,
s_008um_00243_00597-1,
s_008um_00512_00214-1,
s_008um_00696_00599-1,
s_008um_00497_00589-1,
s_008um_00326_00205-1,
s_008um_00228_00599-1,
s_008um_00512_00393-1,
s_008um_00355_00376-1,
s_008um_00629_00229-1,
s_008um_00648_00231-1,
s_008um_00473_00392-1,
s_008um_00587_00381-1,
s_008um_00132_00233-1,
s_008um_00603_00408-1,
s_008um_00346_00381-1,
s_008um_00524_00606-1,
s_008um_00394_00390-1,
s_008um_00160_00252-1,
s_008um_00166_00243-1,
s_008um_00662_00413-1,
s_008um_00598_00390-1,
s_008um_00187_00405-1,
s_008um_00637_00230-1,
s_008um_00590_00605-1,
s_008um_00234_00389-1,
s_008um_00244_00218-1,
s_008um_00706_00609-1,
s_008um_00561_00210-1,
s_008um_00651_00622-1,
s_008um_00418_00378-1,
s_008um_00129_00229-1,
s_008um_00576_00389-1,
s_008um_00575_00418-1,
s_008um_00409_00216-1,
s_008um_00391_00372-1,
s_008um_00270_00598-1,
s_008um_00299_00610-1,
s_008um_00240_00374-1,
s_008um_00200_00233-1,
s_008um_00543_00379-1,
s_008um_00510_00590-1,
s_008um_00426_00391-1,
s_008um_00545_00597-1,
s_008um_00160_00242-1,
s_008um_00558_00200-1,
s_008um_00569_00614-1,
s_008um_00550_00603-1,
s_008um_00413_00374-1,
s_008um_00453_00599-1,
s_008um_00602_00409-1,
s_008um_00453_00603-1,
s_008um_00519_00607-1,
s_008um_00214_00387-1,
s_008um_00368_00368-1,
s_008um_00353_00385-1,
s_008um_00205_00228-1,
s_008um_00462_00376-1,
s_008um_00235_00590-1,
s_008um_00405_00612-1,
s_008um_00650_00405-1,
s_008um_00705_00420-1,
s_008um_00252_00378-1,
s_008um_00373_00375-1,
s_008um_00247_00391-1,
s_008um_00155_00241-1,
s_008um_00698_00607-1,
s_008um_00394_00604-1,
s_008um_00210_00387-1,
s_008um_00245_00383-1,
s_008um_00311_00212-1,
s_008um_00159_00241-1,
s_008um_00556_00213-1,
s_008um_00539_00199-1,
s_008um_00661_00216-1,
s_008um_00616_00619-1,
s_008um_00486_00591-1,
s_008um_00656_00618-1,
s_008um_00562_00382-1,
s_008um_00530_00202-1,
s_008um_00636_00610-1,
s_008um_00646_00407-1,
s_008um_00699_00607-1,
s_008um_00520_00390-1,
s_008um_00602_00418-1,
s_008um_00635_00228-1,
s_008um_00443_00395-1,
s_008um_00462_00595-1,
s_008um_00338_00608-1,
s_008um_00375_00214-1,
s_008um_00299_00210-1,
s_008um_00541_00612-1,
s_008um_00293_00366-1,
s_008um_00322_00380-1,
s_008um_00420_00217-1,CS2
s_008um_00329_00371-1,
s_008um_00488_00208-1,
s_008um_00612_00409-1,
s_008um_00144_00241-1,
s_008um_00431_00210-1,CS2
s_008um_00441_00201-1,
s_008um_00195_00229-1,
s_008um_00301_00387-1,
s_008um_00273_00221-1,
s_008um_00419_00393-1,
s_008um_00464_00380-1,
s_008um_00474_00599-1,
s_008um_00525_00610-1,
s_008um_00475_00381-1,
s_008um_00281_00380-1,
s_008um_00529_00378-1,
s_008um_00251_00225-1,
s_008um_00702_00211-1,
s_008um_00180_00233-1,
s_008um_00529_00389-1,
s_008um_00629_00612-1,
s_008um_00646_00611-1,
s_008um_00581_00211-1,
s_008um_00180_00229-1,
s_008um_00122_00231-1,
s_008um_00577_00201-1,
s_008um_00509_00205-1,
s_008um_00369_00372-1,
s_008um_00115_00240-1,
s_008um_00560_00210-1,
s_008um_00532_00606-1,
s_008um_00449_00221-1,CS2
s_008um_00654_00619-1,
s_008um_00569_00387-1,
s_008um_00537_00197-1,
s_008um_00657_00621-1,
s_008um_00368_00613-1,
s_008um_00561_00603-1,
s_008um_00674_00212-1,
s_008um_00520_00605-1,
s_008um_00596_00225-1,
s_008um_00554_00600-1,
s_008um_00471_00376-1,
s_008um_00631_00220-1,
s_008um_00539_00598-1,
s_008um_00695_00207-1,
s_008um_00712_00422-1,
s_008um_00594_00381-1,
s_008um_00631_00397-1,
s_008um_00694_00599-1,
s_008um_00580_00207-1,
s_008um_00443_00217-1,CS2
s_008um_00227_00219-1,
s_008um_00320_00385-1,
s_008um_00188_00233-1,
s_008um_00216_00383-1,
s_008um_00597_00219-1,
s_008um_00639_00410-1,
s_008um_00384_00210-1,
s_008um_00369_00393-1,
s_008um_00372_00370-1,
s_008um_00658_00411-1,
s_008um_00392_00385-1,
s_008um_00296_00611-1,
s_008um_00673_00608-1,
s_008um_00467_00390-1,
s_008um_00389_00370-1,
s_008um_00560_00377-1,
s_008um_00589_00195-1,
s_008um_00466_00214-1,
s_008um_00350_00599-1,
s_008um_00242_00590-1,
s_008um_00204_00226-1,
s_008um_00703_00616-1,
s_008um_00651_00619-1,
s_008um_00373_00210-1,
s_008um_00557_00609-1,
s_008um_00679_00611-1,
s_008um_00654_00211-1,
s_008um_00314_00600-1,
s_008um_00334_00599-1,
s_008um_00635_00601-1,
s_008um_00348_00597-1,
s_008um_00517_00199-1,
s_008um_00251_00595-1,
s_008um_00578_00208-1,
s_008um_00611_00199-1,
s_008um_00631_00617-1,
s_008um_00385_00603-1,
s_008um_00249_00392-1,
s_008um_00280_00372-1,
s_008um_00487_00381-1,
s_008um_00659_00408-1,
s_008um_00533_00391-1,
s_008um_00684_00619-1,
s_008um_00164_00403-1,
s_008um_00602_00410-1,
s_008um_00186_00402-1,
s_008um_00139_00229-1,
s_008um_00579_00415-1,
s_008um_00348_00613-1,
s_008um_00621_00410-1,
s_008um_00632_00403-1,
s_008um_00397_00610-1,
s_008um_00676_00221-1,
s_008um_00225_00379-1,
s_008um_00452_00394-1,
s_008um_00506_00211-1,
s_008um_00628_00614-1,
s_008um_00259_00221-1,
s_008um_00314_00213-1,
s_008um_00547_00200-1,
s_008um_00661_00207-1,
s_008um_00477_00383-1,
s_008um_00605_00614-1,
s_008um_00324_00369-1,
s_008um_00257_00220-1,
s_008um_00521_00599-1,
s_008um_00115_00235-1,
s_008um_00317_00383-1,
s_008um_00486_00199-1,
s_008um_00621_00196-1,
s_008um_00476_00203-1,
s_008um_00711_00605-1,
s_008um_00282_00386-1,
s_008um_00633_00616-1,
s_008um_00160_00410-1,
s_008um_00516_00204-1,
s_008um_00646_00625-1,
s_008um_00547_00377-1,
s_008um_00686_00422-1,
s_008um_00146_00235-1,
s_008um_00330_00375-1,
s_008um_00301_00599-1,
s_008um_00640_00211-1,
s_008um_00156_00405-1,
s_008um_00603_00621-1,
s_008um_00567_00389-1,
s_008um_00658_00608-1,
s_008um_00116_00231-1,
s_008um_00699_00415-1,
s_008um_00525_00597-1,
s_008um_00697_00422-1,
s_008um_00496_00600-1,
s_008um_00496_00382-1,
s_008um_00709_00602-1,
s_008um_00404_00610-1,
s_008um_00575_00605-1,
s_008um_00574_00609-1,
s_008um_00480_00207-1,
s_008um_00598_00616-1,
s_008um_00323_00369-1,
s_008um_00604_00417-1,
s_008um_00382_00603-1,
s_008um_00347_00387-1,
s_008um_00316_00605-1,
s_008um_00413_00382-1,
s_008um_00283_00370-1,
s_008um_00492_00216-1,
s_008um_00719_00605-1,
s_008um_00603_00200-1,
s_008um_00473_00391-1,
s_008um_00600_00393-1,
s_008um_00407_00210-1,
s_008um_00329_00600-1,
s_008um_00541_00394-1,
s_008um_00590_00203-1,
s_008um_00606_00611-1,
s_008um_00647_00406-1,
s_008um_00177_00238-1,
s_008um_00553_00217-1,
s_008um_00490_00209-1,
s_008um_00679_00597-1,
s_008um_00602_00203-1,
s_008um_00546_00374-1,
s_008um_00638_00413-1,
s_008um_00361_00207-1,
s_008um_00573_00205-1,
s_008um_00652_00596-1,
s_008um_00565_00210-1,
s_008um_00531_00210-1,
s_008um_00478_00379-1,
s_008um_00527_00602-1,
s_008um_00361_00369-1,
s_008um_00507_00200-1,
s_008um_00665_00223-1,
s_008um_00426_00605-1,
s_008um_00278_00219-1,
s_008um_00549_00209-1,
s_008um_00273_00383-1,
s_008um_00669_00207-1,
s_008um_00268_00367-1,
s_008um_00459_00377-1,
s_008um_00430_00596-1,
s_008um_00398_00214-1,
s_008um_00237_00217-1,
s_008um_00527_00217-1,
s_008um_00612_00619-1,
s_008um_00144_00243-1,
s_008um_00351_00391-1,
s_008um_00398_00610-1,
s_008um_00516_00602-1,
s_008um_00516_00394-1,
s_008um_00649_00209-1,
s_008um_00220_00225-1,
s_008um_00475_00204-1,
s_008um_00622_00414-1,
s_008um_00327_00204-1,
s_008um_00289_00387-1,
s_008um_00267_00215-1,
s_008um_00329_00602-1,
s_008um_00626_00217-1,
s_008um_00388_00210-1,
s_008um_00599_00389-1,
s_008um_00599_00621-1,
s_008um_00240_00387-1,
s_008um_00577_00376-1,
s_008um_00322_00207-1,
s_008um_00434_00596-1,
s_008um_00618_00228-1,
s_008um_00305_00211-1,
s_008um_00623_00198-1,
s_008um_00710_00414-1,
s_008um_00188_00395-1,
s_008um_00651_00415-1,
s_008um_00303_00385-1,
s_008um_00595_00607-1,
s_008um_00163_00404-1,
s_008um_00653_00599-1,
s_008um_00624_00201-1,
s_008um_00533_00393-1,
s_008um_00312_00209-1,
s_008um_00631_00411-1,
s_008um_00261_00382-1,
s_008um_00338_00385-1,
s_008um_00551_00198-1,
s_008um_00591_00387-1,
s_008um_00128_00247-1,
s_008um_00292_00372-1,
s_008um_00108_00233-1,
s_008um_00367_00604-1,
s_008um_00430_00393-1,
s_008um_00654_00593-1,
s_008um_00577_00418-1,
s_008um_00217_00221-1,
s_008um_00153_00412-1,
s_008um_00434_00379-1,
s_008um_00309_00214-1,
s_008um_00260_00388-1,
s_008um_00176_00404-1,
s_008um_00346_00600-1,
s_008um_00466_00380-1,
s_008um_00466_00209-1,
s_008um_00121_00227-1,
s_008um_00372_00383-1,
s_008um_00592_00601-1,
s_008um_00498_00212-1,
s_008um_00363_00600-1,
s_008um_00652_00599-1,
s_008um_00494_00204-1,
s_008um_00504_00212-1,
s_008um_00568_00617-1,
s_008um_00163_00230-1,
s_008um_00460_00384-1,
s_008um_00677_00597-1,
s_008um_00526_00391-1,
s_008um_00674_00221-1,
s_008um_00696_00613-1,
s_008um_00575_00619-1,
s_008um_00563_00391-1,
s_008um_00359_00614-1,
s_008um_00490_00216-1,
s_008um_00372_00380-1,
s_008um_00193_00230-1,
s_008um_00456_00383-1,
s_008um_00525_00196-1,
s_008um_00609_00601-1,
s_008um_00692_00204-1,
s_008um_00170_00226-1,
s_008um_00647_00409-1,
s_008um_00599_00203-1,
s_008um_00605_00229-1,
s_008um_00565_00193-1,
s_008um_00710_00601-1,
s_008um_00292_00375-1,
s_008um_00688_00205-1,
s_008um_00501_00590-1,
s_008um_00390_00389-1,
s_008um_00193_00403-1,
s_008um_00410_00393-1,
s_008um_00627_00409-1,
s_008um_00327_00369-1,
s_008um_00338_00380-1,
s_008um_00233_00592-1,
s_008um_00543_00375-1,
s_008um_00628_00228-1,
s_008um_00634_00393-1,
s_008um_00241_00377-1,
s_008um_00588_00613-1,
s_008um_00494_00601-1,
s_008um_00371_00605-1,
s_008um_00416_00394-1,
s_008um_00564_00612-1,
s_008um_00689_00421-1,
s_008um_00546_00604-1,
s_008um_00454_00603-1,
s_008um_00321_00597-1,
s_008um_00232_00595-1,
s_008um_00655_00618-1,
s_008um_00453_00222-1,CS2
s_008um_00541_00385-1,
s_008um_00332_00382-1,
s_008um_00565_00213-1,
s_008um_00697_00618-1,
s_008um_00634_00409-1,
s_008um_00607_00222-1,
s_008um_00486_00210-1,
s_008um_00689_00597-1,
s_008um_00606_00407-1,
s_008um_00675_00214-1,
s_008um_00600_00391-1,
s_008um_00429_00210-1,CS2
s_008um_00131_00229-1,
s_008um_00394_00379-1,
s_008um_00628_00195-1,
s_008um_00629_00405-1,
s_008um_00675_00600-1,
s_008um_00316_00373-1,
s_008um_00676_00208-1,
s_008um_00229_00219-1,
s_008um_00525_00208-1,
s_008um_00510_00593-1,
s_008um_00362_00614-1,
s_008um_00628_00612-1,
s_008um_00432_00595-1,
s_008um_00487_00383-1,
s_008um_00430_00215-1,CS2
s_008um_00439_00599-1,
s_008um_00632_00194-1,
s_008um_00665_00215-1,
s_008um_00593_00407-1,
s_008um_00358_00613-1,
s_008um_00699_00613-1,
s_008um_00380_00386-1,
s_008um_00496_00203-1,
s_008um_00415_00383-1,
s_008um_00325_00374-1,
s_008um_00278_00368-1,
s_008um_00624_00599-1,
s_008um_00447_00215-1,CS2
s_008um_00572_00197-1,
s_008um_00297_00609-1,
s_008um_00625_00608-1,
s_008um_00641_00229-1,
s_008um_00172_00229-1,
s_008um_00484_00389-1,
s_008um_00581_00377-1,
s_008um_00382_00381-1,
s_008um_00687_00214-1,
s_008um_00432_00215-1,CS2
s_008um_00141_00231-1,
s_008um_00446_00207-1,CS2
s_008um_00582_00385-1,
s_008um_00314_00381-1,
s_008um_00300_00368-1,
s_008um_00534_00377-1,
s_008um_00430_00599-1,
s_008um_00534_00211-1,
s_008um_00670_00603-1,
s_008um_00427_00207-1,CS2
s_008um_00670_00410-1,
s_008um_00366_00613-1,
s_008um_00593_00198-1,
s_008um_00609_00405-1,
s_008um_00395_00381-1,
s_008um_00516_00605-1,
s_008um_00607_00409-1,
s_008um_00455_00212-1,CS2
s_008um_00340_00371-1,
s_008um_00596_00607-1,
s_008um_00519_00377-1,
s_008um_00397_00608-1,
s_008um_00299_00606-1,
s_008um_00369_00211-1,
s_008um_00656_00609-1,
s_008um_00200_00402-1,
s_008um_00156_00230-1,
s_008um_00615_00599-1,
s_008um_00704_00420-1,
s_008um_00495_00203-1,
s_008um_00569_00213-1,
s_008um_00221_00212-1,
s_008um_00369_00610-1,
s_008um_00484_00393-1,
s_008um_00107_00230-1,
s_008um_00293_00383-1,
s_008um_00308_00367-1,
s_008um_00622_00398-1,
s_008um_00616_00223-1,
s_008um_00616_00410-1,
s_008um_00436_00389-1,
s_008um_00633_00207-1,
s_008um_00542_00215-1,
s_008um_00512_00588-1,
s_008um_00363_00211-1,
s_008um_00666_00612-1,
s_008um_00492_00594-1,
s_008um_00201_00394-1,
s_008um_00434_00378-1,
s_008um_00567_00197-1,
s_008um_00527_00376-1,
s_008um_00241_00601-1,
s_008um_00411_00377-1,
s_008um_00406_00214-1,
s_008um_00514_00380-1,
s_008um_00524_00371-1,
s_008um_00306_00598-1,
s_008um_00348_00382-1,
s_008um_00403_00600-1,
s_008um_00436_00216-1,CS2
s_008um_00444_00217-1,CS2
s_008um_00632_00598-1,
s_008um_00207_00401-1,
s_008um_00360_00206-1,
s_008um_00202_00399-1,
s_008um_00366_00370-1,
s_008um_00619_00603-1,
s_008um_00712_00607-1,
s_008um_00262_00606-1,
s_008um_00196_00390-1,
s_008um_00653_00399-1,
s_008um_00683_00419-1,
s_008um_00412_00378-1,
s_008um_00264_00603-1,
s_008um_00240_00397-1,
s_008um_00429_00390-1,
s_008um_00265_00220-1,
s_008um_00488_00205-1,
s_008um_00675_00409-1,
s_008um_00495_00208-1,
s_008um_00592_00223-1,
s_008um_00315_00368-1,
s_008um_00704_00422-1,
s_008um_00687_00417-1,
s_008um_00546_00387-1,
s_008um_00632_00621-1,
s_008um_00585_00414-1,
s_008um_00589_00376-1,
s_008um_00538_00384-1,
s_008um_00557_00216-1,
s_008um_00592_00215-1,
s_008um_00193_00225-1,
s_008um_00575_00599-1,
s_008um_00619_00390-1,
s_008um_00363_00377-1,
s_008um_00642_00223-1,
s_008um_00437_00395-1,
s_008um_00640_00395-1,
s_008um_00591_00223-1,
s_008um_00473_00377-1,
s_008um_00659_00419-1,
s_008um_00383_00607-1,
s_008um_00646_00421-1,
s_008um_00679_00601-1,
s_008um_00664_00620-1,
s_008um_00443_00374-1,
s_008um_00466_00602-1,
s_008um_00227_00385-1,
s_008um_00294_00604-1,
s_008um_00192_00224-1,
s_008um_00164_00245-1,
s_008um_00472_00601-1,
s_008um_00630_00621-1,
s_008um_00288_00374-1,
s_008um_00498_00600-1,
s_008um_00583_00383-1,
s_008um_00297_00215-1,
s_008um_00658_00402-1,
s_008um_00610_00412-1,
s_008um_00439_00379-1,
s_008um_00505_00201-1,
s_008um_00363_00385-1,
s_008um_00377_00389-1,
s_008um_00396_00372-1,
s_008um_00281_00369-1,
s_008um_00608_00216-1,
s_008um_00441_00376-1,
s_008um_00327_00612-1,
s_008um_00572_00219-1,
s_008um_00509_00382-1,
s_008um_00607_00212-1,
s_008um_00512_00377-1,
s_008um_00533_00198-1,
s_008um_00254_00216-1,
s_008um_00314_00212-1,
s_008um_00314_00210-1,
s_008um_00569_00192-1,
s_008um_00221_00382-1,
s_008um_00504_00594-1,
s_008um_00707_00613-1,
s_008um_00452_00594-1,
s_008um_00608_00619-1,
s_008um_00404_00602-1,
s_008um_00590_00198-1,
s_008um_00591_00224-1,
s_008um_00555_00201-1,
s_008um_00701_00419-1,
s_008um_00597_00406-1,
s_008um_00238_00590-1,
s_008um_00464_00393-1,
s_008um_00211_00215-1,
s_008um_00571_00608-1,
s_008um_00541_00215-1,
s_008um_00239_00589-1,
s_008um_00504_00385-1,
s_008um_00617_00211-1,
s_008um_00517_00378-1,
s_008um_00646_00607-1,
s_008um_00320_00207-1,
s_008um_00525_00390-1,
s_008um_00440_00604-1,
s_008um_00576_00214-1,
s_008um_00331_00608-1,
s_008um_00595_00602-1,
s_008um_00518_00589-1,
s_008um_00636_00401-1,
s_008um_00398_00391-1,
s_008um_00540_00371-1,
s_008um_00475_00380-1,
s_008um_00377_00388-1,
s_008um_00497_00592-1,
s_008um_00618_00209-1,
s_008um_00236_00592-1,
s_008um_00623_00594-1,
s_008um_00442_00394-1,
s_008um_00660_00226-1,
s_008um_00385_00210-1,
s_008um_00500_00205-1,
s_008um_00467_00379-1,
s_008um_00652_00606-1,
s_008um_00328_00377-1,
s_008um_00648_00221-1,
s_008um_00654_00405-1,
s_008um_00388_00391-1,
s_008um_00326_00211-1,
s_008um_00233_00222-1,
s_008um_00266_00224-1,
s_008um_00245_00591-1,
s_008um_00648_00594-1,
s_008um_00634_00204-1,
s_008um_00335_00377-1,
s_008um_00608_00198-1,
s_008um_00229_00383-1,
s_008um_00513_00206-1,
s_008um_00691_00205-1,
s_008um_00629_00408-1,
s_008um_00293_00378-1,
s_008um_00347_00377-1,
s_008um_00316_00367-1,
s_008um_00201_00398-1,
s_008um_00298_00608-1,
s_008um_00627_00405-1,
s_008um_00695_00422-1,
s_008um_00418_00383-1,
s_008um_00627_00210-1,
s_008um_00128_00243-1,
s_008um_00673_00606-1,
s_008um_00637_00624-1,
s_008um_00255_00370-1,
s_008um_00389_00212-1,
s_008um_00194_00220-1,
s_008um_00580_00617-1,
s_008um_00654_00420-1,
s_008um_00251_00385-1,
s_008um_00527_00606-1,
s_008um_00687_00613-1,
s_008um_00458_00599-1,
s_008um_00538_00387-1,
s_008um_00448_00389-1,
s_008um_00588_00601-1,
s_008um_00345_00380-1,
s_008um_00299_00605-1,
s_008um_00315_00612-1,
s_008um_00520_00393-1,
s_008um_00545_00385-1,
s_008um_00395_00606-1,
s_008um_00680_00601-1,
s_008um_00213_00220-1,
s_008um_00387_00381-1,
s_008um_00338_00210-1,
s_008um_00214_00224-1,
s_008um_00308_00205-1,
s_008um_00251_00389-1,
s_008um_00116_00239-1,
s_008um_00173_00238-1,
s_008um_00716_00416-1,
s_008um_00250_00596-1,
s_008um_00437_00391-1,
s_008um_00603_00201-1,
s_008um_00172_00235-1,
s_008um_00628_00396-1,
s_008um_00485_00587-1,
s_008um_00625_00613-1,
s_008um_00462_00384-1,
s_008um_00423_00376-1,
s_008um_00575_00201-1,
s_008um_00596_00214-1,
s_008um_00511_00589-1,
s_008um_00122_00232-1,
s_008um_00594_00415-1,
s_008um_00319_00606-1,
s_008um_00641_00212-1,
s_008um_00386_00384-1,
s_008um_00694_00420-1,
s_008um_00622_00226-1,
s_008um_00517_00213-1,
s_008um_00315_00367-1,
s_008um_00512_00202-1,
s_008um_00450_00390-1,
s_008um_00267_00220-1,
s_008um_00157_00249-1,
s_008um_00624_00227-1,
s_008um_00204_00390-1,
s_008um_00704_00600-1,
s_008um_00662_00405-1,
s_008um_00525_00195-1,
s_008um_00631_00224-1,
s_008um_00437_00380-1,
s_008um_00381_00380-1,
s_008um_00600_00616-1,
s_008um_00632_00418-1,
s_008um_00595_00217-1,
s_008um_00627_00396-1,
s_008um_00237_00389-1,
s_008um_00671_00408-1,
s_008um_00242_00596-1,
s_008um_00601_00605-1,
s_008um_00316_00366-1,
s_008um_00230_00380-1,
s_008um_00234_00382-1,
s_008um_00638_00225-1,
s_008um_00625_00222-1,
s_008um_00567_00610-1,
s_008um_00615_00199-1,
s_008um_00668_00408-1,
s_008um_00489_00376-1,
s_008um_00645_00594-1,
s_008um_00660_00619-1,
s_008um_00702_00613-1,
s_008um_00233_00382-1,
s_008um_00277_00373-1,
s_008um_00378_00214-1,
s_008um_00539_00208-1,
s_008um_00669_00603-1,
s_008um_00110_00241-1,
s_008um_00643_00413-1,
s_008um_00229_00600-1,
s_008um_00507_00378-1,
s_008um_00620_00389-1,
s_008um_00661_00409-1,
s_008um_00506_00373-1,
s_008um_00173_00406-1,
s_008um_00414_00391-1,
s_008um_00281_00216-1,
s_008um_00414_00387-1,
s_008um_00404_00376-1,
s_008um_00625_00611-1,
s_008um_00613_00415-1,
s_008um_00244_00389-1,
s_008um_00555_00195-1,
s_008um_00700_00618-1,
s_008um_00695_00606-1,
s_008um_00290_00602-1,
s_008um_00343_00379-1,
s_008um_00271_00222-1,
s_008um_00633_00409-1,
s_008um_00407_00391-1,
s_008um_00635_00606-1,
s_008um_00306_00606-1,
s_008um_00702_00423-1,
s_008um_00359_00389-1,
s_008um_00429_00377-1,
s_008um_00313_00205-1,
s_008um_00315_00390-1,
s_008um_00539_00197-1,
s_008um_00583_00192-1,
s_008um_00362_00386-1,
s_008um_00633_00417-1,
s_008um_00555_00597-1,
s_008um_00381_00608-1,
s_008um_00552_00594-1,
s_008um_00137_00230-1,
s_008um_00396_00212-1,
s_008um_00135_00233-1,
s_008um_00522_00610-1,
s_008um_00500_00214-1,
s_008um_00574_00218-1,
s_008um_00333_00382-1,
s_008um_00442_00595-1,
s_008um_00691_00615-1,
s_008um_00548_00195-1,
s_008um_00621_00413-1,
s_008um_00373_00615-1,
s_008um_00328_00606-1,
s_008um_00529_00592-1,
s_008um_00168_00230-1,
s_008um_00411_00598-1,
s_008um_00650_00397-1,
s_008um_00133_00231-1,
s_008um_00669_00410-1,
s_008um_00708_00415-1,
s_008um_00567_00609-1,
s_008um_00406_00217-1,
s_008um_00433_00212-1,CS2
s_008um_00339_00208-1,
s_008um_00642_00621-1,
s_008um_00479_00393-1,
s_008um_00604_00416-1,
s_008um_00377_00604-1,
s_008um_00580_00391-1,
s_008um_00142_00234-1,
s_008um_00408_00371-1,
s_008um_00496_00385-1,
s_008um_00496_00590-1,
s_008um_00209_00393-1,
s_008um_00336_00609-1,
s_008um_00223_00379-1,
s_008um_00583_00220-1,
s_008um_00663_00219-1,
s_008um_00445_00204-1,
s_008um_00653_00597-1,
s_008um_00350_00205-1,
s_008um_00516_00207-1,
s_008um_00399_00384-1,
s_008um_00666_00609-1,
s_008um_00592_00389-1,
s_008um_00651_00224-1,
s_008um_00354_00386-1,
s_008um_00384_00599-1,
s_008um_00655_00610-1,
s_008um_00493_00394-1,
s_008um_00688_00208-1,
s_008um_00386_00601-1,
s_008um_00292_00215-1,
s_008um_00433_00388-1,
s_008um_00583_00412-1,
s_008um_00175_00408-1,
s_008um_00273_00216-1,
s_008um_00643_00212-1,
s_008um_00488_00388-1,
s_008um_00606_00415-1,
s_008um_00454_00382-1,
s_008um_00476_00214-1,
s_008um_00570_00198-1,
s_008um_00535_00597-1,
s_008um_00395_00214-1,
s_008um_00487_00591-1,
s_008um_00615_00613-1,
s_008um_00153_00408-1,
s_008um_00553_00597-1,
s_008um_00549_00204-1,
s_008um_00270_00596-1,
s_008um_00360_00606-1,
s_008um_00550_00602-1,
s_008um_00450_00594-1,
s_008um_00440_00377-1,
s_008um_00440_00386-1,
